{"type": "FeatureCollection", "features": [{"type": "Feature", "geometry": {"type": "Polygon", "coordinates": [[[103.99920660935791, 30.72752131189533], [103.99920670257727, 30.727512289671385], [103.99919625883274, 30.727512209139917], [103.99919695798378, 30.72744454246021], [103.99919173611518, 30.727444502194263], [103.99919178272542, 30.727439991082267], [103.99918656085707, 30.727439950816127], [103.99918660746754, 30.72743543970414], [103.99918138559944, 30.7274353994378], [103.99918143221014, 30.727430888325806], [103.9991762103423, 30.727430848059264], [103.99917625695322, 30.727426336947268], [103.99917103508565, 30.727426296680516], [103.9991710816968, 30.727421785568538], [103.99916585982947, 30.727421745301587], [103.99916590644087, 30.727417234189602], [103.9991606845738, 30.72741719392246], [103.99916073118541, 30.727412682810485], [103.99915550931861, 30.72741264254313], [103.99915555593046, 30.727408131431144], [103.99915033406388, 30.727408091163593], [103.99915084679628, 30.727358468931772], [103.99915606866017, 30.72735850919925], [103.9991561152719, 30.72735399808724], [103.99916655899924, 30.727354078621556], [103.99916660561047, 30.727349567509517], [103.99918749306427, 30.727349728575614], [103.99918753967452, 30.727345217463558], [103.999197983401, 30.727345297995324], [103.99919868254618, 30.727277631313818], [103.99924567928306, 30.72727799369542], [103.99924572589046, 30.727273482583225], [103.99938671609962, 30.72727456962572], [103.99938666949876, 30.727279080738114], [103.99939189135875, 30.727279120996016], [103.99939184475815, 30.727283632108396], [103.99939706661839, 30.727283672366095], [103.99939702001802, 30.72728818347849], [103.99940224187851, 30.727288223735982], [103.99940219527836, 30.727292734848376], [103.99940741713911, 30.727292775105674], [103.99940732393928, 30.727301797330465], [103.99941254580052, 30.72730183758756], [103.99941249920083, 30.72730634869996], [103.99942294292384, 30.72730642921353], [103.99942289632462, 30.727310940325957], [103.99944378377174, 30.727311101350615], [103.9994437371735, 30.727315612463045], [103.99944895903555, 30.727315652718694], [103.99944891243751, 30.727320163831145], [103.99945935616213, 30.727320244341822], [103.99945930956459, 30.727324755454266], [103.99946453142715, 30.7273247957093], [103.99946448482984, 30.727329306821762], [103.99946970669265, 30.727329347076594], [103.99946966009558, 30.727333858189056], [103.99948010382174, 30.727333938698088], [103.99948005722514, 30.727338449810564], [103.99948527908846, 30.727338490064774], [103.99948523249209, 30.727343001177243], [103.9994956762193, 30.72734308168506], [103.99949562962338, 30.72734759279756], [103.99950085148726, 30.72734763305115], [103.99950080489158, 30.727352144163643], [103.9995060267557, 30.727352184417036], [103.99950598016027, 30.72735669552953], [103.999516423889, 30.7273567760357], [103.99951637729404, 30.727361287148213], [103.99952159915867, 30.72736132740099], [103.99952155256395, 30.727365838513503], [103.99952677442882, 30.72736587876607], [103.99952668123984, 30.727374900991094], [103.99953190310522, 30.727374941243475], [103.99953185651094, 30.727379452355994], [103.99953707837658, 30.727379492608165], [103.99953703178254, 30.727384003720687], [103.99954225364843, 30.727384043972666], [103.9995421604608, 30.7273930661977], [103.99955260419358, 30.72739314670105], [103.99955255760024, 30.727397657813583], [103.9995577794669, 30.72739769806495], [103.99955773287378, 30.727402209177477], [103.99956295474068, 30.72740224942865], [103.99956290814781, 30.727406760541182], [103.99956813001496, 30.727406800792146], [103.99956808342232, 30.72741131190469], [103.99957330528973, 30.727411352155443], [103.99957325869732, 30.727415863267993], [103.99958370243264, 30.72741594376889], [103.99958365584072, 30.727420454881447], [103.99959932144452, 30.72742057563124], [103.99959936803572, 30.727416064518668], [103.99963592110993, 30.72741634626079], [103.99963596769942, 30.727411835148153], [103.99966729890484, 30.72741207663316], [103.99966734549285, 30.72740756552049], [103.99967256736021, 30.727407605767254], [103.99967252077244, 30.727412116879933], [103.99969863011063, 30.727412318110616], [103.99969858352405, 30.72741682922334], [103.99970902725988, 30.727416909714165], [103.99970898067379, 30.72742142082689], [103.99971420254197, 30.727421461071987], [103.9997141559561, 30.727425972184722], [103.99971937782453, 30.727426012429618], [103.9997193312389, 30.727430523542353], [103.99972455310758, 30.727430563787056], [103.99972450652218, 30.727435074899798], [103.99972972839112, 30.727435115144292], [103.99972968180596, 30.72743962625704], [103.99973490367513, 30.727439666501326], [103.99973485709022, 30.727444177614075], [103.99974007895965, 30.727444217858167], [103.99974003237494, 30.727448728970916], [103.99974525424466, 30.727448769214785], [103.9997451610757, 30.7274577914403], [103.99975038294589, 30.727457831684], [103.99975028977738, 30.727466853909508], [103.99975551164808, 30.72746689415301], [103.99975541848, 30.727475916378513], [103.9997606403512, 30.727475956621813], [103.99976054718358, 30.727484978847336], [103.99976576905526, 30.727485019090427], [103.99976562930449, 30.7274985524287], [103.99977085117692, 30.727498592671616], [103.99977071142678, 30.72751212600988], [103.99978115517311, 30.727512206495113], [103.9997811085902, 30.727516717607877], [103.99978633046362, 30.727516757850186], [103.99978623729825, 30.727525780075723], [103.99922749684902, 30.727521472955782], [103.99922759006643, 30.72751245073178], [103.99921192444953, 30.7275123299368], [103.99921183123068, 30.72752135216075], [103.99920660935791, 30.72752131189533]]]}, "properties": {"id": "seg_000", "source": "seg", "area_m2": 1100.2, "layout": "垂直式", "coef_m2": 28, "capacity": 39, "cap_min": 33, "cap_max": 49, "cx": 404199.3, "cy": 3399818.9}}, {"type": "Feature", "geometry": {"type": "Polygon", "coordinates": [[[103.99661656176701, 30.72750131435559], [103.99661744964001, 30.727415603295423], [103.99662267150293, 30.727415643664905], [103.99662271823274, 30.727411132556423], [103.99663838382082, 30.727411253663536], [103.99663843054991, 30.727406742555043], [103.99666453986238, 30.727406944395995], [103.9966645865902, 30.72740243328747], [103.99668025217709, 30.727402554389496], [103.9966802989042, 30.72739804328094], [103.99669074262835, 30.72739812401456], [103.99669078935496, 30.727393612905992], [103.99670123307867, 30.727393693638756], [103.99670127980477, 30.72738918253016], [103.99670650166641, 30.72738922289622], [103.99670654839227, 30.727384711787614], [103.99671177025365, 30.727384752153466], [103.99671181697926, 30.727380241044848], [103.99672226070159, 30.72738032177589], [103.9967223074267, 30.72737581066726], [103.99672752928764, 30.72737585103247], [103.99672757601249, 30.727371339923813], [103.9967327978732, 30.727371380288805], [103.9967328445978, 30.72736686918016], [103.99674328831875, 30.727366949909474], [103.99674333504286, 30.727362438800803], [103.99674855690311, 30.727362479165148], [103.99674860362697, 30.72735796805647], [103.99675382548698, 30.727358008420584], [103.99675387221058, 30.727353497311892], [103.99675909407037, 30.727353537675796], [103.9967591407937, 30.727349026567094], [103.99676436265327, 30.72734906693078], [103.99676440937635, 30.727344555822068], [103.99676963123567, 30.72734459618554], [103.99676967795851, 30.727340085076822], [103.99677489981761, 30.727340125440072], [103.99677494654019, 30.727335614331338], [103.99678016839904, 30.72733565469437], [103.99678021512136, 30.72733114358563], [103.99678543697999, 30.727331183948447], [103.99678548370207, 30.7273266728397], [103.99679070556046, 30.7273267132023], [103.99679075228228, 30.72732220209354], [103.99679597414044, 30.727322242455923], [103.996796020862, 30.72731773134715], [103.99680124271994, 30.727317771709302], [103.99680128944124, 30.727313260600532], [103.99680651129894, 30.727313300962468], [103.99680655802, 30.72730878985369], [103.99681177987746, 30.727308830215417], [103.99681182659826, 30.7273043191066], [103.9968170484555, 30.727304359468114], [103.99681709517606, 30.7272998483593], [103.99682753889005, 30.727299929081685], [103.9968275856101, 30.727295417972847], [103.99683280746689, 30.727295458333717], [103.99683285418668, 30.727290947224876], [103.99683807604323, 30.72729098758553], [103.99683812276278, 30.727286476476674], [103.99684334461908, 30.727286516837104], [103.99684339133837, 30.72728200572825], [103.99685383505054, 30.727282086448476], [103.99685388176934, 30.727277575339595], [103.99686432548107, 30.727277656058966], [103.99686437219937, 30.72727314495007], [103.996869594055, 30.72727318530943], [103.99686964077306, 30.727268674200523], [103.99688008448386, 30.727268754918594], [103.99688013120142, 30.727264243809667], [103.99689057491179, 30.727264324526903], [103.99689062162882, 30.72725981341795], [103.9968958434838, 30.727259853776253], [103.99689589020058, 30.727255342667302], [103.99690633391005, 30.72725542338324], [103.99690638062636, 30.727250912274258], [103.99691160248085, 30.72725095263191], [103.9969116491969, 30.727246441522933], [103.99692209290545, 30.727246522237586], [103.996922139621, 30.72724201112857], [103.99692736147506, 30.72724205148558], [103.99692740819036, 30.72723754037657], [103.99693263004417, 30.72723758073336], [103.99693267675922, 30.72723306962433], [103.9969378986128, 30.727233109980908], [103.99693794532759, 30.727228598871868], [103.9969483890343, 30.727228679584364], [103.99694843574859, 30.727224168475317], [103.99695365760172, 30.72722420883123], [103.99695370431576, 30.727219697722173], [103.99695892616866, 30.72721973807789], [103.99695897288244, 30.727215226968813], [103.99696419473511, 30.727215267324308], [103.99696428816218, 30.727206245106142], [103.99696951001435, 30.727206285461403], [103.99696955672763, 30.727201774352306], [103.99697477857958, 30.72720181470735], [103.9969748252926, 30.72719730359826], [103.99698004714432, 30.727197343953083], [103.99698009385709, 30.72719283284396], [103.99698531570857, 30.727192873198586], [103.99698536242109, 30.727188362089464], [103.99699058427234, 30.727188402443858], [103.9969906309846, 30.72718389133472], [103.99699585283562, 30.72718393168889], [103.99699589954763, 30.727179420579745], [103.99700112139841, 30.727179460933712], [103.99700121482189, 30.72717043871539], [103.99700643667222, 30.72717047906913], [103.9970064833837, 30.727165967959962], [103.99701170523379, 30.727166008313493], [103.99701175194501, 30.7271614972043], [103.99701697379487, 30.727161537557606], [103.99701702050584, 30.727157026448406], [103.99702224235547, 30.727157066801503], [103.9970222890662, 30.727152555692292], [103.99702751091557, 30.72715259604518], [103.99702755762604, 30.727148084935955], [103.99703277947519, 30.7271481252886], [103.99703287289562, 30.727139103070158], [103.9970380947443, 30.727139143422587], [103.99703814145425, 30.727134632313355], [103.9970433633027, 30.72713467266556], [103.9970434100124, 30.72713016155631], [103.99704863186061, 30.727130201908306], [103.99704872527948, 30.727121179689792], [103.99705394712723, 30.72712122004156], [103.9970539938364, 30.727116708932293], [103.9970592156839, 30.727116749283837], [103.99705926239282, 30.727112238174563], [103.9970644842401, 30.72711227852589], [103.99706457765744, 30.727103256307313], [103.99706979950423, 30.72710329665842], [103.99706984621265, 30.727098785549117], [103.9970750680592, 30.727098825900008], [103.99707516147551, 30.727089803681373], [103.99708038332159, 30.72708984403204], [103.99708043002948, 30.727085332922712], [103.99708565187535, 30.727085373273166], [103.99708569858298, 30.72708086216382], [103.9970909204286, 30.727080902514047], [103.99709096713599, 30.7270763914047], [103.99709618898139, 30.727076431754718], [103.99709623568852, 30.72707192064536], [103.99710145753366, 30.72707196099516], [103.99710150424055, 30.727067449885798], [103.99710672608548, 30.727067490235378], [103.9971067727921, 30.727062979125986], [103.99711199463678, 30.72706301947535], [103.99711204134316, 30.72705850836596], [103.9971172631876, 30.727058548715107], [103.99711730989374, 30.727054037605715], [103.99712253173796, 30.72705407795464], [103.99712257844382, 30.72704956684523], [103.99713302213182, 30.727049647542444], [103.99713306883719, 30.72704513643301], [103.99713829068097, 30.727045176781296], [103.99713833738608, 30.727040665671854], [103.99714878107316, 30.72704074636778], [103.99714882777778, 30.72703623525833], [103.99715927146443, 30.727036315953395], [103.99715931816856, 30.72703180484393], [103.99716454001165, 30.727031845191142], [103.99716458671551, 30.72702733408165], [103.99717503040125, 30.727027414775435], [103.99717507710461, 30.727022903665937], [103.99718029894726, 30.727022944012504], [103.99718034565036, 30.727018432903], [103.99718556749278, 30.72701847324934], [103.99718561419564, 30.727013962139818], [103.99719083603782, 30.72701400248595], [103.99719088274043, 30.727009491376407], [103.99719610458237, 30.727009531722324], [103.99719615128473, 30.72700502061278], [103.99720137312643, 30.727005060958483], [103.99720141982853, 30.727000549848935], [103.99720664167002, 30.727000590194418], [103.99720668837186, 30.72699607908485], [103.99721191021311, 30.726996119430115], [103.99721195691471, 30.726991608320542], [103.99721717875572, 30.726991648665585], [103.99721727215838, 30.726982626446418], [103.99722249399892, 30.726982666791237], [103.9972225407, 30.726978155681632], [103.9972277625403, 30.726978196026238], [103.99722780924112, 30.72697368491663], [103.99723303108121, 30.726973725261026], [103.99723307778177, 30.726969214151406], [103.99723829962161, 30.72696925449558], [103.99723839302223, 30.72696023227631], [103.99724361486159, 30.72696027262025], [103.99724366156164, 30.726955761510613], [103.99724888340077, 30.72695580185434], [103.99724893010057, 30.726951290744697], [103.99725415193947, 30.7269513310882], [103.99725424533855, 30.726942308868868], [103.99725946717696, 30.726942349212155], [103.99725951387624, 30.72693783810248], [103.99726473571444, 30.72693787844555], [103.99726478241347, 30.726933367335867], [103.99727000425142, 30.726933407678715], [103.99727005095019, 30.726928896569014], [103.99727527278793, 30.726928936911666], [103.99727531948643, 30.726924425801947], [103.99728054132393, 30.726924466144368], [103.99728058802219, 30.726919955034646], [103.99728580985946, 30.726919995376843], [103.99728585655747, 30.726915484267113], [103.9972910783945, 30.726915524609105], [103.99729112509225, 30.726911013499365], [103.99729634692905, 30.726911053841132], [103.99729639362656, 30.72690654273138], [103.99730161546312, 30.72690658307294], [103.99730166216037, 30.72690207196317], [103.9973068839967, 30.7269021123045], [103.9973069306937, 30.726897601194736], [103.9973173743659, 30.726897681876757], [103.99731742106239, 30.72689317076697], [103.99732264289828, 30.726893211107658], [103.99732268959453, 30.726888699997854], [103.99732791143016, 30.726888740338325], [103.99732795812616, 30.726884229228514], [103.997338401797, 30.72688430990881], [103.99733844849248, 30.726879798798997], [103.99734367032768, 30.726879839138828], [103.99734371702291, 30.72687532802898], [103.99734893885788, 30.726875368368592], [103.99734898555288, 30.72687085725874], [103.99735420738759, 30.726870897598133], [103.99735425408232, 30.72686638648828], [103.99735947591681, 30.726866426827456], [103.9973595226113, 30.726861915717585], [103.99736474444556, 30.726861956056545], [103.99736479113979, 30.72685744494666], [103.99737001297382, 30.7268574852854], [103.99737010636174, 30.726848463065622], [103.9973753281953, 30.72684850340414], [103.99737537488902, 30.72684399229424], [103.99738059672232, 30.726844032632535], [103.99738069010922, 30.726835010412703], [103.99738591194208, 30.726835050750775], [103.99738600532845, 30.726826028530922], [103.9973912271608, 30.726826068868778], [103.99739132054665, 30.726817046648883], [103.99739654237854, 30.726817086986518], [103.99739668245651, 30.726803553656637], [103.99740190428768, 30.72680359399402], [103.99740209105717, 30.72678554955412], [103.99740731288738, 30.726785589891275], [103.99740740627158, 30.726776567671287], [103.99741262810132, 30.72677660800822], [103.99741272148498, 30.726767585788206], [103.99741794331423, 30.72676762612491], [103.99741803669738, 30.726758603904877], [103.99742325852617, 30.72675864424135], [103.99742330521747, 30.726754133131333], [103.99742852704603, 30.72675417346759], [103.99742862042814, 30.726745151247506], [103.9974338422562, 30.726745191583536], [103.997433888947, 30.726740680473487], [103.99743911077485, 30.72674072080931], [103.99743920415591, 30.72673169858917], [103.99744964781065, 30.726731779260156], [103.99744969450069, 30.72672726815007], [103.99745491632783, 30.72672730848524], [103.99745496301762, 30.726722797375135], [103.99746018484453, 30.726722837710096], [103.99746023153405, 30.726718326599986], [103.99746545336073, 30.726718366934733], [103.99746550005001, 30.726713855824617], [103.99747072187645, 30.726713896159126], [103.99747076856546, 30.726709385049006], [103.99748121221792, 30.7267094657174], [103.99748130559495, 30.7267004434971], [103.9974865274207, 30.726700483830975], [103.99748690092645, 30.726664394949587], [103.99748167910265, 30.726664354615778], [103.99748172579106, 30.7266598435056], [103.99744517302642, 30.72665956116308], [103.99744521971652, 30.72665505005295], [103.99743477607007, 30.72665496938178], [103.99743496283233, 30.726636924941275], [103.9974297410101, 30.726636884605412], [103.99743002115463, 30.7266098179446], [103.99743524297541, 30.726609858280426], [103.9974353830468, 30.726596324949956], [103.99744060486688, 30.726596365285545], [103.99744093169808, 30.726564787514295], [103.99743570987971, 30.72656474717875], [103.99743589664112, 30.726546702737988], [103.99743067482376, 30.72654666240227], [103.9974307682049, 30.72653764018188], [103.997425546388, 30.726537599845965], [103.9974255930788, 30.726533088735774], [103.99742037126218, 30.72653304839965], [103.9974204179532, 30.726528537289457], [103.99741519613681, 30.72652849695313], [103.99741528951932, 30.726519474732765], [103.99741006770344, 30.726519434396238], [103.99741011439492, 30.72651492328606], [103.99740489257931, 30.726514882949335], [103.99740493927102, 30.72651037183915], [103.99739971745565, 30.726510331502226], [103.99739976414759, 30.726505820392052], [103.99739454233249, 30.726505780054914], [103.99739458902465, 30.726501268944762], [103.99738936720978, 30.72650122860742], [103.9973894139022, 30.72649671749725], [103.99738419208758, 30.726496677159712], [103.99738423878024, 30.726492166049553], [103.99737901696588, 30.72649212571181], [103.99737906365876, 30.72648761460166], [103.99737384184465, 30.72648757426372], [103.99737388853775, 30.726483063153566], [103.99736866672391, 30.72648302281542], [103.99736876011058, 30.72647400059512], [103.99736353829722, 30.726473960256772], [103.99736363168434, 30.72646493803648], [103.99735840987148, 30.726464897697944], [103.99735850325905, 30.726455875477637], [103.99735328144668, 30.726455835138903], [103.99735365499845, 30.726419746257633], [103.99735887680887, 30.72641978659631], [103.99735901688989, 30.726406253265765], [103.99736423869957, 30.726406293604207], [103.99736433208639, 30.72639727138381], [103.99736955389561, 30.726397311722035], [103.99736978736121, 30.726374756170944], [103.99737500916923, 30.726374796508914], [103.99737510255491, 30.726365774288443], [103.99738032436245, 30.726365814626188], [103.99738037105504, 30.726361303515954], [103.99738559286233, 30.726361343853483], [103.99738563955468, 30.726356832743217], [103.99739086136174, 30.726356873080537], [103.99739090805383, 30.726352361970264], [103.99739612986066, 30.726352402307356], [103.99739617655248, 30.726347891197083], [103.9974013983591, 30.726347931533965], [103.99740144505066, 30.72634342042367], [103.99743799769554, 30.7263437027759], [103.99743804438539, 30.726339191665556], [103.9974432661916, 30.72633923200075], [103.99744321950199, 30.726343743111094], [103.99747455034093, 30.726343985117836], [103.99747450365275, 30.726348496228216], [103.99749539087989, 30.72634865756188], [103.9974953441927, 30.726353168672286], [103.9975057878068, 30.72635324933787], [103.99750574112008, 30.7263577604483], [103.99752140654208, 30.72635788144512], [103.99752135985607, 30.72636239255557], [103.99753702527887, 30.72636251355051], [103.99753697859359, 30.72636702466098], [103.99754742220934, 30.726367105323238], [103.99754737552452, 30.72637161643372], [103.9975578191408, 30.726371697095157], [103.99755777245645, 30.726376208205636], [103.99756821607326, 30.726376288866252], [103.9975681693894, 30.726380799976756], [103.99757861300672, 30.726380880636544], [103.99757856632333, 30.726385391747048], [103.99758378813226, 30.72638543207664], [103.9975837414491, 30.726389943187137], [103.99758896325828, 30.726389983516526], [103.99758891657537, 30.726394494627055], [103.99759936019423, 30.7263945752852], [103.99759931351178, 30.72639908639573], [103.99760453532149, 30.726399126724495], [103.99760448863927, 30.726403637835016], [103.99761493225918, 30.726403718491937], [103.99761488557743, 30.72640822960249], [103.99762532919787, 30.726408310258584], [103.99762528251662, 30.726412821369127], [103.99763050432709, 30.726412861696875], [103.99763045764607, 30.726417372807422], [103.99763567945679, 30.72641741313496], [103.997635632776, 30.726421924245525], [103.99764085458698, 30.726421964572854], [103.99764080790642, 30.72642647568343], [103.99764602971766, 30.726426516010562], [103.99764598303733, 30.72643102712113], [103.99765120484882, 30.72643106744805], [103.99765115816871, 30.72643557855862], [103.99765637998046, 30.726435618885347], [103.9976563333006, 30.726440129995922], [103.9976667769246, 30.726440210648757], [103.99766673024521, 30.726444721759357], [103.99768761749434, 30.72644488306253], [103.9976875708159, 30.72644939417314], [103.99770845806616, 30.726449555472986], [103.99770841138869, 30.726454066583635], [103.99773974226585, 30.726454308527153], [103.99773969558983, 30.72645881963782], [103.99775536102928, 30.72645894060677], [103.99775531435398, 30.726463451717464], [103.9977762016077, 30.72646361300649], [103.99777615493336, 30.726468124117204], [103.99778659856077, 30.726468204760458], [103.99778655188692, 30.726472715871196], [103.99779177370087, 30.726472756192514], [103.99779172702725, 30.726477267303252], [103.99780217065567, 30.72647734794528], [103.99780212398252, 30.726481859056033], [103.9978125676115, 30.72648193969724], [103.99781252093882, 30.726486450808004], [103.99781774275357, 30.72648649112829], [103.99781769608113, 30.726491002239054], [103.99782291789613, 30.726491042559157], [103.99782282455169, 30.72650006478068], [103.99782804636718, 30.726500105100584], [103.99782795302319, 30.72650912732211], [103.99783317483917, 30.72650916764181], [103.99783312816741, 30.726513678752582], [103.99783834998365, 30.726513719072074], [103.99783830331212, 30.726518230182855], [103.99784352512862, 30.72651827050215], [103.9978434784573, 30.72652278161293], [103.99784870027406, 30.726522821932022], [103.99784865360299, 30.726527333042792], [103.99785387541999, 30.72652737336168], [103.99785382874916, 30.726531884472482], [103.99785905056642, 30.726531924791164], [103.99785900389581, 30.72653643590195], [103.99786422571333, 30.726536476220442], [103.99786417904295, 30.726540987331216], [103.9978746226785, 30.72654106796757], [103.9978745760086, 30.72654557907838], [103.99787979782663, 30.726545619396244], [103.99787975115696, 30.726550130507064], [103.99788497297524, 30.72655017082473], [103.99788492630582, 30.72655468193554], [103.9978953699429, 30.726554762570252], [103.99789532327395, 30.726559273681072], [103.99790576691156, 30.726559354314958], [103.99790572024308, 30.726563865425792], [103.99791094206215, 30.726563905742427], [103.99791084872564, 30.726572927964114], [103.9979160705452, 30.72657296828054], [103.99791602387717, 30.726577479391388], [103.99792124569699, 30.72657751970763], [103.9979211990292, 30.726582030818467], [103.99792642084927, 30.726582071134505], [103.9979263741817, 30.72658658224535], [103.99793159600202, 30.726586622561186], [103.9979315493347, 30.72659113367203], [103.99793677115528, 30.72659117398766], [103.99793667782106, 30.72660019620937], [103.99794189964214, 30.726600236524806], [103.99794161964073, 30.726627303189904], [103.99794684146327, 30.72662734350517], [103.99794670146315, 30.726640876837692], [103.99795192328644, 30.726640917152775], [103.99795182995345, 30.72664993937445], [103.99795705177723, 30.726649979689334], [103.99795700511096, 30.72665449080019], [103.997962226935, 30.72665453111487], [103.99796218026898, 30.72665904222571], [103.9979830675662, 30.726659203482352], [103.99798302090113, 30.726663714593222], [103.9979882427257, 30.72666375490687], [103.99798800940141, 30.726686310461222], [103.99799323122721, 30.726686350774685], [103.99799285790975, 30.726722439661547], [103.9979980797375, 30.726722479974867], [103.99799751976296, 30.72677661330486], [103.99800274159365, 30.72677665361806], [103.99800218162052, 30.726830786947662], [103.99799695978692, 30.72683074663439], [103.99799667979832, 30.726857813298974], [103.99799145796328, 30.726857772985444], [103.99799136463317, 30.726866795206934], [103.99798614279766, 30.72686675489318], [103.99798604946702, 30.72687577711464], [103.99798082763103, 30.72687573680065], [103.99798078096543, 30.726880247911375], [103.99797555912922, 30.726880207597183], [103.99797551246338, 30.72688471870789], [103.99796506879046, 30.726884638078843], [103.99796502212415, 30.72688914918954], [103.99795457845079, 30.72688906855964], [103.99795453178396, 30.726893579670314], [103.99794930994705, 30.726893539355043], [103.99794926327998, 30.72689805046571], [103.99794404144284, 30.726898010150226], [103.99794399477551, 30.726902521260882], [103.99793355110077, 30.726902440629253], [103.99793350443295, 30.726906951739885], [103.99792828259535, 30.726906911423754], [103.99792823592726, 30.726911422534382], [103.99791779225163, 30.72691134190147], [103.99791774558305, 30.726915853012088], [103.997912523745, 30.726915812695307], [103.99791243040734, 30.726924834916503], [103.9979072085688, 30.726924794599494], [103.99790716189972, 30.726929305710073], [103.99790194006097, 30.72692926539285], [103.99790184672226, 30.726938287614004], [103.99789662488303, 30.726938247296555], [103.99789657821341, 30.726942758407116], [103.99789135637394, 30.726942718089457], [103.9978912630342, 30.726951740310565], [103.99788604119426, 30.72695169999268], [103.99788599452414, 30.726956211103207], [103.99788077268396, 30.726956170785108], [103.99788058600237, 30.72697421522719], [103.99787536416123, 30.72697417490885], [103.99787527081988, 30.72698319712985], [103.99786482713668, 30.726983116492512], [103.99786478046549, 30.726987627603002], [103.99784911494002, 30.726987506645393], [103.99784916161194, 30.726982995534936], [103.99783871792881, 30.726982914895487], [103.99783876460121, 30.726978403785044], [103.99779698987113, 30.726978081218945], [103.9977969431968, 30.72698259232934], [103.99773950294139, 30.726982148778923], [103.99773945626438, 30.726986659889235], [103.99772901258123, 30.726986579240958], [103.99772896590372, 30.72699109035125], [103.99772374406193, 30.7269910500268], [103.99772369738417, 30.72699556113708], [103.99771325370011, 30.726995480487506], [103.99771320702185, 30.726999991597786], [103.99770798517959, 30.726999951272685], [103.99770793850108, 30.727004462382933], [103.99769749481611, 30.727004381732083], [103.9976974481371, 30.727008892842324], [103.99769222629439, 30.72700885251657], [103.99769217961514, 30.727013363626803], [103.99768173592925, 30.72701328297465], [103.99768168924949, 30.727017794084873], [103.99766602372002, 30.727017673105063], [103.99766597703953, 30.727022184215254], [103.99765553335278, 30.727022103560987], [103.99765548667179, 30.727026614671153], [103.99764504298459, 30.72702653401602], [103.99764499630311, 30.727031045126168], [103.99763977445929, 30.72703100479829], [103.99763972777755, 30.727035515908433], [103.99763450593348, 30.727035475580337], [103.99763445925149, 30.727039986690464], [103.99762923740721, 30.727039946362144], [103.99762919072495, 30.72704445747226], [103.99762396888043, 30.72704441714373], [103.99762392219792, 30.727048928253826], [103.99761870035317, 30.72704888792508], [103.99761865367041, 30.72705339903518], [103.99761343182543, 30.727053358706204], [103.99761338514242, 30.727057869816296], [103.9976081632972, 30.72705782948711], [103.99760811661393, 30.727062340597175], [103.99759767292304, 30.72706225993816], [103.99759762623928, 30.727066771048218], [103.99759240439361, 30.72706673071839], [103.99759235770959, 30.727071241828448], [103.99758191401779, 30.727071161168137], [103.99758186733328, 30.727075672278165], [103.99757142364103, 30.727075591616995], [103.99757137695603, 30.727080102727015], [103.99756615510968, 30.727080062396112], [103.99756610842442, 30.72708457350611], [103.99755566473127, 30.72708449284366], [103.99755561804551, 30.72708900395365], [103.99755039619869, 30.72708896362211], [103.99755034951268, 30.727093474732083], [103.99754512766565, 30.727093434400313], [103.99754508097938, 30.727097945510284], [103.99753985913212, 30.727097905178294], [103.9975398124456, 30.727102416288254], [103.9975345905981, 30.727102375956054], [103.99753454391133, 30.727106887065993], [103.99752932206358, 30.727106846733577], [103.99752927537655, 30.727111357843512], [103.9975240535286, 30.72711131751088], [103.9975240068413, 30.727115828620803], [103.9975187849931, 30.727115788287946], [103.99751873830559, 30.727120299397864], [103.99751351645715, 30.727120259064794], [103.99751346976936, 30.7271247701747], [103.99750302607204, 30.72712468950792], [103.99750297938375, 30.727129200617807], [103.99749775753486, 30.727129160284097], [103.99749771084633, 30.727133671393965], [103.99749248899721, 30.727133631060035], [103.99749244230841, 30.727138142169906], [103.99748722045906, 30.727138101835767], [103.99748717377003, 30.727142612945602], [103.99748195192043, 30.72714257261124], [103.99748190523114, 30.72714708372108], [103.99747668338132, 30.727147043386502], [103.99747663669177, 30.72715155449633], [103.99747141484171, 30.72715151416154], [103.9974713681519, 30.727156025271363], [103.99746614630163, 30.72715598493635], [103.99746609961157, 30.727160496046146], [103.99746087776106, 30.72716045571092], [103.99746083107074, 30.72716496682073], [103.99745560921998, 30.727164926485273], [103.99745556252942, 30.727169437595062], [103.99745034067845, 30.727169397259402], [103.99745029398763, 30.727173908369178], [103.99744507213641, 30.727173868033297], [103.99744502544533, 30.72717837914307], [103.99743980359389, 30.72717833880697], [103.99743971021122, 30.727187361026473], [103.99743448835932, 30.72718732069015], [103.9974344416677, 30.72719183179991], [103.99742921981556, 30.72719179146336], [103.99742917312372, 30.7271963025731], [103.99742395127133, 30.727196262236337], [103.99742390457922, 30.727200773346055], [103.9974186827266, 30.727200733009084], [103.9974185893419, 30.727209755228508], [103.9974133674888, 30.72720971489132], [103.99741332079618, 30.72721422600101], [103.99740809894286, 30.727214185663588], [103.9974079588642, 30.72722771899266], [103.99740273701016, 30.727227678655], [103.99740241015792, 30.727259256422666], [103.99740763201366, 30.727259296760373], [103.99740753862771, 30.72726831897969], [103.99741276048395, 30.727268359317186], [103.99741271379119, 30.727272870426845], [103.99745971050005, 30.727273233455026], [103.99745966380947, 30.727277744564745], [103.99747532938001, 30.72727786557038], [103.99747528269015, 30.727282376680115], [103.99748050454726, 30.727282417014916], [103.99748045785763, 30.727286928124663], [103.99748567971498, 30.727286968459254], [103.99748563302559, 30.727291479569015], [103.99749085488322, 30.727291519903403], [103.99749080819406, 30.727296031013154], [103.9975012519098, 30.727296111681326], [103.99750120522111, 30.727300622791088], [103.99750642707926, 30.727300663124865], [103.99750638039079, 30.727305174234637], [103.99751160224919, 30.727305214568215], [103.99751155556098, 30.72730972567797], [103.99751677741962, 30.727309766011345], [103.99751673073162, 30.72731427712113], [103.99752195259052, 30.727314317454297], [103.99752190590276, 30.72731882856407], [103.99752712776191, 30.72731886889704], [103.99752708107438, 30.727323380006823], [103.99753230293379, 30.72732342033959], [103.9975322562465, 30.727327931449377], [103.99753747810615, 30.727327971781932], [103.9975374314191, 30.727332482891736], [103.99754265327901, 30.72733252322408], [103.99754260659219, 30.72733703433388], [103.99754782845235, 30.727337074666035], [103.99754778176576, 30.72734158577584], [103.99755300362618, 30.72734162610778], [103.99755291025345, 30.72735064832739], [103.99755813211436, 30.727350688659147], [103.99755785199737, 30.727377755317924], [103.997552630135, 30.72737771498613], [103.99755253676211, 30.72738673720568], [103.99754731489925, 30.727386696873662], [103.99754726821256, 30.727391207983416], [103.99754204634947, 30.727391167651184], [103.9975419996625, 30.727395678760935], [103.99753155593588, 30.727395598095818], [103.99753150924843, 30.72740010920555], [103.99752106552137, 30.72740002853957], [103.99752101883341, 30.727404539649285], [103.9975105751059, 30.727404458982456], [103.99751062179435, 30.727399947872755], [103.997484512477, 30.727399746202025], [103.99748455916664, 30.72739523509235], [103.99747411544026, 30.727395154422606], [103.99747416213039, 30.727390643312955], [103.99746371840452, 30.727390562642377], [103.99746376509512, 30.727386051532726], [103.99745854323245, 30.727386011197133], [103.99745858992328, 30.72738150008749], [103.99745336806086, 30.727381459751694], [103.99745341475193, 30.727376948642046], [103.99744297102761, 30.727376867969845], [103.99744301771915, 30.727372356860215], [103.99743257399537, 30.72737227618718], [103.99743262068739, 30.727367765077563], [103.99742739882575, 30.727367724740738], [103.997427445518, 30.727363213631126], [103.99742222365663, 30.72736317329409], [103.9974222703491, 30.727358662184475], [103.99741182662684, 30.7273585815098], [103.9974118733198, 30.727354070400203], [103.99739620773725, 30.72735394938665], [103.99739625443092, 30.727349438277074], [103.99735447954652, 30.727349115565058], [103.9973544328509, 30.727353626674574], [103.99733876726869, 30.727353505654083], [103.99733872057233, 30.727358016763578], [103.99733349871137, 30.727357976422994], [103.99733345201477, 30.72736248753249], [103.99732823015357, 30.727362447191673], [103.99732785657835, 30.727398536067422], [103.9973330784415, 30.727398576408287], [103.99733265817076, 30.72743917639331], [103.99732743630544, 30.727439136052386], [103.99732734291133, 30.727448158271226], [103.99732212104554, 30.72744811793007], [103.99732202765091, 30.727457140148882], [103.99731680578464, 30.72745709980751], [103.99731671238948, 30.727466122026303], [103.99731149052273, 30.727466081684707], [103.99731135042919, 30.727479615012832], [103.99730612856173, 30.727479574670987], [103.99730608186361, 30.727484085780358], [103.9973008599959, 30.72748404543831], [103.99730081329754, 30.72748855654767], [103.9972955914296, 30.727488516205394], [103.99729554473099, 30.727493027314743], [103.99729032286281, 30.72749298697226], [103.99729018276618, 30.727506520300256], [103.99661656176701, 30.72750131435559]]]}, "properties": {"id": "seg_001", "source": "seg", "area_m2": 6503.5, "layout": "垂直式", "coef_m2": 28, "capacity": 232, "cap_min": 194, "cap_max": 290, "cx": 404030.3, "cy": 3399767.9}}, {"type": "Feature", "geometry": {"type": "Polygon", "coordinates": [[[104.00346935274787, 30.725866820086242], [104.00346939915599, 30.725862308967244], [104.00345373378566, 30.72586218869], [104.00345378019452, 30.72585767757103], [104.00344333661482, 30.725857597385158], [104.00344338302415, 30.725853086266195], [104.00343816123457, 30.725853046172965], [104.00343820764411, 30.725848535054006], [104.00343298585479, 30.72584849496057], [104.00343303226457, 30.725843983841607], [104.00342258868642, 30.7258439036541], [104.00342263509668, 30.72583939253516], [104.00341741330787, 30.7258393524411], [104.00341745971836, 30.72583484132216], [104.00341223792981, 30.725834801227904], [104.00341228434053, 30.725830290108973], [104.00340706255223, 30.725830250014507], [104.00340710896319, 30.72582573889557], [104.00340188717514, 30.7258256988009], [104.00340193358633, 30.725821187681973], [104.00339149001074, 30.725821107492024], [104.00339153642241, 30.72581659637311], [104.00338631463487, 30.725816556277824], [104.00338636104676, 30.72581204515892], [104.00338113925949, 30.725812005063425], [104.00338118567161, 30.72580749394452], [104.0033759638846, 30.725807453848837], [104.00337601029695, 30.725802942729924], [104.0033707885102, 30.725802902634033], [104.00337083492278, 30.725798391515134], [104.00336039134976, 30.72579831132274], [104.00336043776282, 30.725793800203853], [104.00335521597657, 30.725793760107337], [104.00335530880317, 30.725784737869564], [104.0033500870174, 30.725784697772866], [104.00335013343093, 30.725780186653985], [104.00334491164543, 30.72578014655708], [104.00334495805919, 30.7257756354382], [104.00333973627393, 30.725775595341087], [104.00333982910189, 30.72576657310334], [104.00333460731714, 30.725766533006027], [104.00333655670502, 30.725577066010555], [104.00334700025411, 30.725577146204355], [104.00334695384082, 30.725581657323378], [104.00336784094011, 30.725581817708477], [104.00336788735244, 30.725577306589436], [104.00338355267628, 30.725577426876036], [104.00338359908788, 30.725572915756963], [104.00338882086227, 30.725572955852073], [104.0033888672736, 30.725568444732996], [104.00339408904776, 30.72556848482789], [104.00339413545883, 30.725563973708784], [104.00339935723277, 30.725564013803464], [104.0033994036436, 30.725559502684366], [104.00340462541729, 30.725559542778818], [104.00340471823843, 30.725550520540594], [104.00340994001164, 30.72555056063482], [104.00341003283225, 30.725541538396566], [104.00341525460499, 30.725541578490574], [104.00341534742506, 30.725532556252286], [104.00342056919733, 30.72553259634607], [104.00342075483638, 30.725514551869423], [104.00342597660769, 30.725514591962963], [104.00342606942667, 30.72550556972462], [104.00342084765585, 30.725505529631082], [104.00342094047527, 30.72549650739273], [104.00341571870494, 30.725496467299006], [104.0034158115248, 30.72548744506066], [104.00341058975496, 30.725487404966735], [104.00341063616513, 30.725482893847563], [104.00340541439554, 30.725482853753444], [104.00340546080595, 30.725478342634272], [104.00340023903662, 30.725478302539937], [104.00340028544726, 30.72547379142078], [104.00339506367818, 30.72547375132625], [104.00339511008903, 30.725469240207087], [104.00338988832021, 30.725469200112347], [104.00338993473132, 30.7254646889932], [104.00338471296274, 30.72546464889826], [104.00338475937407, 30.725460137779102], [104.00337431583746, 30.72546005758861], [104.00337440866105, 30.725451035350325], [104.00336918689325, 30.72545099525479], [104.00336941895326, 30.725428439659044], [104.00337464071983, 30.725428479754555], [104.00337473354327, 30.72541945751622], [104.00337995530938, 30.725419497611515], [104.00338004813229, 30.725410475373153], [104.00338526989793, 30.725410515468212], [104.00338540913148, 30.725396982110627], [104.0033906308964, 30.725397022205463], [104.00339067730732, 30.72539251108625], [104.003395899072, 30.72539255118086], [104.00339599189334, 30.725383528942423], [104.00340121365754, 30.725383569036808], [104.00340130647834, 30.72537454679834], [104.00340652824207, 30.725374586892503], [104.00340662106235, 30.72536556465401], [104.0034118428256, 30.725365604747946], [104.00341193564535, 30.725356582509423], [104.00341715740812, 30.72535662260314], [104.00341725022733, 30.725347600364582], [104.00342247198964, 30.725347640458082], [104.00342256480832, 30.7253386182195], [104.00342778657014, 30.725338658312772], [104.00342787938831, 30.725329636074164], [104.00343310114965, 30.72532967616721], [104.0034331939673, 30.725320653928573], [104.00343841572818, 30.725320694021406], [104.00343846213673, 30.725316182902066], [104.00344368389737, 30.72531622299468], [104.00344377671397, 30.725307200755996], [104.00344899847414, 30.725307240848366], [104.00344904488217, 30.72530272972902], [104.00345426664212, 30.725302769821177], [104.0034543130499, 30.72529825870182], [104.00346475656931, 30.72529833888549], [104.0034648029766, 30.725293827766116], [104.00347002473609, 30.725293867857623], [104.00347007114311, 30.72528935673824], [104.00348051466163, 30.72528943692063], [104.00348056106817, 30.72528492580122], [104.00349100458624, 30.725285005982748], [104.00349105099228, 30.725280494863327], [104.0034962727511, 30.725280534953768], [104.00349631915687, 30.725276023834333], [104.00350154091544, 30.725276063924564], [104.00350158732098, 30.72527155280512], [104.00351203083767, 30.72527163298492], [104.00351212364772, 30.725262610745997], [104.00351734540561, 30.72526265083557], [104.00351743821516, 30.725253628596615], [104.00352265997255, 30.725253668685966], [104.00352270637705, 30.725249157566473], [104.00352792813422, 30.72524919765561], [104.00352797453847, 30.72524468653611], [104.00353319629541, 30.725244726625025], [104.00353324269942, 30.725240215505515], [104.00354368621282, 30.725240295682706], [104.00354373261634, 30.72523578456318], [104.0035541761293, 30.72523586473951], [104.0035542225323, 30.725231353619968], [104.00361688360807, 30.72523183466024], [104.00361683720799, 30.725236345779877], [104.0036325024779, 30.725236466035234], [104.00363245607852, 30.725240977154886], [104.00364289959232, 30.725241057324105], [104.00364285319343, 30.725245568443757], [104.00365851846496, 30.72524568869602], [104.00365847206677, 30.725250199815683], [104.00366891558167, 30.72525027998283], [104.00366886918397, 30.725254791102525], [104.00367409094166, 30.725254831185776], [104.0036740445442, 30.725259342305478], [104.00368448806012, 30.72525942247137], [104.00368444166311, 30.72526393359108], [104.00369488517957, 30.725264013756163], [104.00369483878303, 30.72526852487588], [104.00370006054153, 30.725268564958107], [104.00370001414524, 30.72527307607782], [104.00371045766273, 30.72527315624167], [104.00371041126691, 30.72527766736141], [104.00371563302592, 30.725277707443023], [104.00371558663034, 30.72528221856275], [104.0037208083896, 30.725282258644175], [104.00372076199424, 30.72528676976391], [104.00372598375375, 30.725286809845112], [104.00372593735864, 30.725291320964857], [104.00373115911839, 30.725291361045866], [104.00373111272351, 30.725295872165617], [104.00373633448353, 30.725295912246427], [104.00373628808889, 30.725300423366164], [104.00374150984915, 30.72530046344677], [104.00374141706031, 30.72530948568628], [104.00374663882107, 30.725309525766683], [104.00374510780713, 30.725458392716924], [104.00373988603835, 30.72545835263628], [104.00373974685397, 30.725471885995198], [104.00373452508447, 30.725471845914328], [104.00373443229434, 30.725480868153568], [104.00372921052436, 30.725480828072474], [104.00372911773371, 30.725489850311693], [104.00372389596325, 30.72548981023038], [104.00372380317206, 30.72549883246956], [104.00371858140113, 30.725498792388013], [104.00371848860942, 30.725507814627186], [104.003713266838, 30.725507774545417], [104.00371317404577, 30.725516796784554], [104.0037079522739, 30.725516756702554], [104.00370790587752, 30.72552126782212], [104.00370268410539, 30.725521227739904], [104.00370263770877, 30.725525738859453], [104.00369741593641, 30.72552569877703], [104.00369732314265, 30.725534721016096], [104.00369210136981, 30.725534680933446], [104.00369205497267, 30.725539192052963], [104.00368683319961, 30.7255391519701], [104.0036867404048, 30.72554817420912], [104.00368151863127, 30.725548134126022], [104.00368142583591, 30.725557156365017], [104.0036762040619, 30.725557116281703], [104.00367611126605, 30.725566138520673], [104.00367088949156, 30.72556609843712], [104.00367075029693, 30.72557963179553], [104.00366552852174, 30.725579591711757], [104.00366534292779, 30.72559763618956], [104.00366012115163, 30.72559759610554], [104.00365998195534, 30.725611129463843], [104.00365476017846, 30.7256110893796], [104.0036546673804, 30.72562011161843], [104.00364944560303, 30.725620071533957], [104.00364935280443, 30.72562909377278], [104.0036441310266, 30.725629053688085], [104.00364403822748, 30.725638075926863], [104.00363881644917, 30.72563803584195], [104.00363872364953, 30.7256470580807], [104.00363350187074, 30.72564701799556], [104.00363340907056, 30.725656040234284], [104.00362818729128, 30.725656000148927], [104.00362809449058, 30.725665022387613], [104.00362287271085, 30.725664982302032], [104.00362273350898, 30.725678515660036], [104.00361751172852, 30.725678475574213], [104.00361737252584, 30.72569200893217], [104.00361215074466, 30.725691968846114], [104.00361201154114, 30.72570550220402], [104.00360678975925, 30.725705462117723], [104.00360669695637, 30.7257144843563], [104.003601475174, 30.72571444426979], [104.00360133596887, 30.725727977627603], [104.00359611418578, 30.725727937540867], [104.00359592857782, 30.72574598201787], [104.00359070679377, 30.725745941930892], [104.00359056758695, 30.7257594752886], [104.0035853458022, 30.72575943520138], [104.00358525299711, 30.725768457439823], [104.00358003121187, 30.725768417352384], [104.00357998480908, 30.72577292847159], [104.0035747630236, 30.725772888383936], [104.00357467021747, 30.725781910622334], [104.00356944843153, 30.72578187053446], [104.00356940202822, 30.725786381653638], [104.00356418024202, 30.725786341565545], [104.00356408743488, 30.725795363803883], [104.00355886564822, 30.725795323715577], [104.00355877284055, 30.72580434595388], [104.0035535510534, 30.72580430586534], [104.00355331903282, 30.725826861461027], [104.00354809724448, 30.72582682137224], [104.00354795803126, 30.725840354729602], [104.00354273624221, 30.725840314640582], [104.00354264343285, 30.725849336878788], [104.00353742164332, 30.725849296789555], [104.0035373752384, 30.725853807908642], [104.00353215344863, 30.725853767819174], [104.00353210704344, 30.725858278938258], [104.00352688525344, 30.725858238848573], [104.00352683884799, 30.725862749967654], [104.00351639526754, 30.72586266978765], [104.00351634886161, 30.725867180906707], [104.00346935274787, 30.725866820086242]]]}, "properties": {"id": "seg_002", "source": "seg", "area_m2": 1834.5, "layout": "垂直式", "coef_m2": 28, "capacity": 66, "cap_min": 55, "cap_max": 82, "cx": 404598.8, "cy": 3399610.4}}, {"type": "Feature", "geometry": {"type": "Polygon", "coordinates": [[[103.99415032496185, 30.725113703566173], [103.9941503718025, 30.725109192459527], [103.99413470659864, 30.72510907106031], [103.99413475344004, 30.72510455995368], [103.99412953170568, 30.725104519486862], [103.9941295785473, 30.725100008380238], [103.99412435681319, 30.72509996791322], [103.99412440365504, 30.725095456806603], [103.99411396018735, 30.725095375871938], [103.99411400702968, 30.725090864765335], [103.99410878529609, 30.725090824297688], [103.9941088789812, 30.725081802084492], [103.9941036572481, 30.725081761616654], [103.99410370409088, 30.725077250510036], [103.99409848235804, 30.725077210042013], [103.99409852920104, 30.725072698935417], [103.99409330746846, 30.725072658467173], [103.99409335431172, 30.72506814736058], [103.99408813257939, 30.725068106892145], [103.99408817942286, 30.725063595785553], [103.9940829576908, 30.725063555316908], [103.9940830045345, 30.725059044210315], [103.99407778280266, 30.725059003741467], [103.99407782964661, 30.72505449263489], [103.99407260791504, 30.72505445216584], [103.99407265475922, 30.72504994105926], [103.99406743302791, 30.725049900589998], [103.99406747987231, 30.725045389483434], [103.99406225814124, 30.72504534901398], [103.99406230498589, 30.7250408379074], [103.99405708325509, 30.725040797437742], [103.99405713009995, 30.72503628633118], [103.9940519083694, 30.72503624586132], [103.9940519552145, 30.725031734754758], [103.9940467334842, 30.72503169428469], [103.99404682717486, 30.72502267207158], [103.99404160544506, 30.725022631601313], [103.99404165229062, 30.72501812049476], [103.99403643056108, 30.725018080024295], [103.99403647740685, 30.725013568917745], [103.99403125567757, 30.72501352844708], [103.99403130252358, 30.725009017340533], [103.99402608079454, 30.72500897686966], [103.9940261276408, 30.725004465763114], [103.99402090591201, 30.725004425292042], [103.99402099960497, 30.724995403078957], [103.99401577787668, 30.72499536260769], [103.99401582472339, 30.724990851501154], [103.99401060299536, 30.72499081102967], [103.9940106498423, 30.724986299923145], [103.9940054281145, 30.724986259451462], [103.99400552180884, 30.724977237238402], [103.99400030008157, 30.724977196766538], [103.99400039377635, 30.72496817455347], [103.99399517204955, 30.7249681340814], [103.99399531259238, 30.724954600761794], [103.99399009086632, 30.724954560289554], [103.99399018456197, 30.72494553807648], [103.99398496283642, 30.724945497604036], [103.99398510338052, 30.724931964284426], [103.99397988165572, 30.7249319238118], [103.99398020959332, 30.724900346065994], [103.99398543131642, 30.724900386538575], [103.9939855250123, 30.724891364325458], [103.99399074673494, 30.724891404797813], [103.99399079358261, 30.72488689369124], [103.99399601530503, 30.72488693416338], [103.99399606215245, 30.724882423056787], [103.99400128387462, 30.724882463528715], [103.99400133072179, 30.72487795242212], [103.99400655244374, 30.72487799289383], [103.99400659929064, 30.724873481787213], [103.99401182101235, 30.72487352225871], [103.99401186785902, 30.724869011152094], [103.9940170895805, 30.724869051623372], [103.9940171364269, 30.72486454051673], [103.99402235814813, 30.724864580987788], [103.9940224049943, 30.72486006988116], [103.9940276267153, 30.724860110352], [103.9940276735612, 30.724855599245345], [103.99403289528198, 30.724855639715976], [103.99403298897327, 30.724846617502642], [103.99403821069357, 30.724846657973043], [103.99403830438433, 30.7248376357597], [103.99404352610415, 30.724837676229875], [103.99404357294928, 30.724833165123183], [103.99404879466887, 30.72483320559314], [103.9940488883586, 30.72482418337975], [103.99405411007771, 30.72482422384948], [103.99405415692232, 30.724819712742768], [103.9940593786412, 30.724819753212287], [103.9940594723299, 30.724810730998836], [103.99406469404829, 30.72481077146812], [103.99406474089238, 30.72480626036139], [103.99406996261057, 30.72480630083047], [103.99407000945439, 30.724801789723717], [103.99407523117233, 30.724801830192575], [103.99407527801591, 30.724797319085813], [103.99408049973361, 30.72479735955445], [103.99408054657695, 30.724792848447688], [103.99409099001191, 30.724792929384325], [103.99409103685474, 30.724788418277544], [103.99411192372384, 30.72478858014826], [103.99411197056568, 30.724784069041448], [103.99412763571688, 30.724784190442264], [103.99412768255797, 30.72477967933542], [103.99417989972689, 30.72478008399108], [103.99417994656555, 30.72477557288416], [103.99419561171571, 30.72477569427674], [103.99419565855364, 30.7247711831698], [103.99420610198663, 30.724771264097125], [103.99420614882406, 30.72476675299017], [103.99421137054034, 30.724766793453504], [103.99421141737751, 30.724762282346532], [103.99421663909355, 30.724762322809656], [103.99421668593047, 30.724757811702677], [103.99422190764628, 30.724757852165588], [103.99422195448295, 30.724753341058594], [103.99422717619852, 30.724753381521285], [103.99422722303494, 30.72474887041428], [103.99423244475028, 30.72474891087675], [103.99423249158644, 30.724744399769733], [103.99423771330156, 30.724744440231987], [103.99423776013747, 30.724739929124972], [103.99424298185234, 30.724739969587002], [103.99424302868799, 30.724735458479966], [103.99424825040263, 30.724735498941794], [103.99424834407343, 30.7247264767277], [103.99425356578759, 30.7247265171893], [103.99425361262274, 30.724722006082242], [103.99425883433666, 30.72472204654361], [103.99425892800642, 30.72471302432947], [103.99426414971988, 30.724713064790624], [103.9942641965545, 30.72470855368355], [103.99426941826773, 30.724708594144484], [103.99426951193645, 30.724699571930298], [103.99427473364919, 30.72469961239101], [103.99427482731738, 30.7246905901768], [103.99428004902967, 30.724690630637284], [103.9942800958635, 30.724686119530173], [103.99428531757555, 30.72468615999044], [103.9942854112427, 30.724677137776176], [103.99429063295428, 30.724677178236217], [103.99429072662089, 30.724668156021934], [103.99429594833198, 30.724668196481755], [103.99429604199808, 30.724659174267437], [103.9943012637087, 30.72465921472703], [103.99430135737428, 30.72465019251269], [103.99430657908442, 30.724650232972067], [103.99430667274946, 30.72464121075769], [103.99431189445913, 30.724641251216838], [103.99431198812364, 30.72463222900244], [103.99431720983283, 30.72463226946137], [103.99431730349681, 30.724623247246946], [103.99432252520553, 30.724623287705644], [103.99432257203726, 30.724618776598415], [103.99432779374574, 30.72461881705691], [103.99432788740869, 30.724609794842426], [103.99433310911671, 30.724609835300676], [103.99433315594791, 30.724605324193444], [103.9943383776557, 30.724605364651474], [103.9943384713176, 30.724596342436953], [103.9943436930249, 30.724596382894774], [103.9943437398556, 30.72459187178749], [103.99434896156266, 30.7245919122451], [103.99434905522354, 30.72458289003053], [103.99435427693014, 30.724582930487905], [103.99435437059049, 30.72457390827331], [103.9943595922966, 30.724573948730455], [103.99435963912651, 30.724569437623146], [103.9943648608324, 30.724569478080067], [103.99436495449172, 30.72456045586543], [103.99437017619712, 30.724560496322148], [103.99437022302652, 30.724555985214806], [103.9943754447317, 30.724556025671305], [103.99437549156083, 30.72455151456395], [103.99438593497075, 30.724551595476292], [103.99438598179938, 30.72454708436894], [103.99443297714227, 30.724547448463973], [103.99443293031581, 30.72455195957141], [103.99444337372594, 30.724552040479125], [103.99444332689995, 30.724556551586556], [103.99445377031061, 30.724556632493446], [103.99445372348511, 30.724561143600898], [103.9944589451907, 30.724561184054046], [103.99445889836542, 30.72456569516149], [103.99446934177712, 30.72456577606715], [103.99446929495232, 30.72457028717462], [103.99447451665843, 30.724570327627138], [103.99447446983385, 30.7245748387346], [103.9944796915402, 30.724574879186918], [103.99447964471588, 30.7245793902944], [103.99449008812913, 30.724579471198417], [103.99449004130527, 30.7245839823059], [103.99449526301214, 30.724584022757607], [103.99449521618851, 30.724588533865095], [103.99450043789564, 30.724588574316584], [103.99450039107225, 30.724593085424086], [103.99450561277963, 30.72459312587538], [103.99450556595647, 30.724597636982878], [103.99451078766411, 30.724597677433977], [103.99451074084118, 30.724602188541475], [103.99451596254907, 30.724602228992364], [103.99451591572638, 30.72460674009987], [103.99453680255903, 30.72460690190137], [103.99453675573729, 30.72461141300889], [103.99454719915417, 30.72461149390839], [103.9945471523329, 30.724616005015942], [103.9945523740416, 30.724616045465392], [103.99455078212075, 30.724769423120105], [103.9945455604038, 30.72476938267042], [103.99454551358217, 30.724773893777844], [103.99454029186496, 30.72477385332794], [103.9945402450431, 30.724778364435355], [103.99453502332567, 30.724778323985234], [103.99453492968138, 30.724787346200046], [103.99452970796348, 30.724787305749707], [103.99452966114107, 30.7247918168571], [103.99452443942295, 30.72479177640653], [103.99452439260028, 30.72479628751391], [103.99451917088193, 30.724796247063125], [103.99451907723609, 30.724805269277873], [103.99451385551725, 30.724805228826867], [103.99451376187089, 30.724814251041586], [103.99450854015159, 30.724814210590353], [103.99450844650471, 30.72482323280504], [103.99450322478492, 30.724823192353583], [103.9945031311375, 30.72483221456824], [103.99449790941723, 30.72483217411656], [103.9944978157693, 30.724841196331205], [103.99449259404855, 30.724841155879297], [103.99449250040009, 30.724850178093895], [103.99448727867886, 30.724850137641763], [103.99448718502987, 30.724859159856344], [103.99448196330817, 30.724859119403995], [103.99448186965866, 30.72486814161855], [103.99447664793648, 30.724868101165967], [103.99447655428642, 30.724877123380498], [103.99447133256378, 30.72487708292769], [103.99447128573848, 30.724881594034937], [103.99446606401561, 30.724881553581927], [103.99446597036453, 30.724890575796405], [103.99446074864117, 30.724890535343153], [103.99446065498955, 30.724899557557602], [103.99445543326571, 30.724899517104134], [103.99445538643965, 30.72490402821135], [103.99445016471559, 30.724903987757664], [103.99445007106294, 30.724913009972074], [103.9944448493384, 30.724912969518158], [103.99444480251182, 30.72491748062534], [103.99443958078704, 30.724917440171225], [103.99443953396022, 30.724921951278393], [103.9944343122352, 30.724921910824047], [103.99443426540812, 30.72492642193123], [103.99442904368289, 30.72492638147666], [103.99442895002818, 30.724935403690964], [103.99442372830246, 30.724935363236177], [103.99442368147486, 30.724939874343328], [103.99441845974891, 30.72493983388833], [103.99441841292105, 30.724944344995457], [103.99441319119488, 30.72494430454024], [103.99441309753863, 30.724953326754484], [103.99440787581197, 30.724953286299037], [103.9944078289836, 30.724957797406137], [103.99440260725672, 30.72495775695048], [103.99440256042807, 30.72496226805758], [103.99439733870096, 30.7249622276017], [103.99439729187208, 30.724966738708787], [103.99439207014473, 30.724966698252686], [103.99439197648643, 30.724975720466848], [103.9943867547586, 30.724975680010523], [103.99438666109978, 30.724984702224653], [103.99438143937148, 30.72498466176811], [103.99438139254181, 30.724989172875155], [103.99437617081327, 30.72498913241839], [103.99437612398334, 30.72499364352544], [103.99437090225459, 30.72499360306846], [103.99437080859423, 30.72500262528252], [103.99436558686497, 30.72500258482532], [103.99436554003454, 30.72500709593233], [103.99436031830506, 30.72500705547491], [103.99436022464366, 30.72501607768892], [103.99435500291371, 30.72501603723127], [103.99435495608274, 30.725020548338264], [103.99434973435257, 30.725020507880398], [103.99434968752135, 30.725025018987385], [103.99434446579095, 30.725024978529298], [103.99434441895947, 30.725029489636277], [103.99433919722883, 30.725029449177974], [103.99433915039711, 30.725033960284946], [103.99433392866622, 30.725033919826426], [103.99433388183425, 30.725038430933374], [103.99432866010314, 30.725038390474644], [103.99432861327091, 30.725042901581578], [103.99432339153957, 30.725042861122635], [103.99432334470708, 30.725047372229568], [103.99431290124394, 30.725047291311014], [103.99431285441096, 30.72505180241793], [103.99430763267917, 30.725051761958337], [103.99430758584593, 30.72505627306524], [103.9943023641139, 30.72505623260542], [103.99430231728043, 30.725060743712326], [103.9942918738159, 30.72506066279205], [103.99429182698192, 30.725065173898933], [103.99428138351696, 30.72506509297781], [103.99428133668249, 30.725069604084663], [103.99427089321709, 30.725069523162688], [103.99427084638211, 30.725074034269525], [103.99425518118335, 30.725073912884966], [103.99425513434764, 30.725078423991775], [103.99424469088137, 30.725078343067675], [103.99424464404515, 30.725082854174477], [103.99423420057845, 30.725082773249525], [103.99423415374173, 30.7250872843563], [103.99422371027458, 30.725087203430476], [103.99422366343737, 30.72509171453724], [103.99421321996977, 30.72509163361057], [103.99421317313207, 30.72509614471732], [103.99420272966402, 30.725096063789785], [103.99420268282583, 30.725100574896523], [103.99419223935733, 30.725100493968142], [103.99419219251864, 30.725105005074848], [103.99418697078416, 30.725104964610335], [103.99418692394521, 30.725109475717034], [103.99417648047582, 30.725109394787363], [103.99417643363637, 30.725113905894048], [103.99415032496185, 30.725113703566173]]]}, "properties": {"id": "seg_003", "source": "seg", "area_m2": 1867.0, "layout": "垂直式", "coef_m2": 28, "capacity": 67, "cap_min": 56, "cap_max": 83, "cx": 403710.3, "cy": 3399538.9}}, {"type": "Feature", "geometry": {"type": "Polygon", "coordinates": [[[103.99432128397807, 30.72323374515918], [103.99432137763648, 30.723224722942813], [103.99431615600314, 30.723224682485718], [103.99431629649139, 30.72321114916114], [103.9943110748588, 30.723211108703858], [103.99431144949563, 30.723175019838248], [103.99431667112628, 30.723175060295468], [103.99431671795558, 30.723170549187248], [103.99432193958603, 30.723170589644262], [103.99432198641507, 30.723166078536014], [103.99432720804526, 30.723166118992804], [103.99432739536043, 30.723148074559813], [103.99433261698965, 30.72314811501636], [103.99433275747519, 30.72313458169156], [103.9943379791037, 30.723134622147885], [103.99433807276017, 30.72312559993131], [103.99434329438822, 30.72312564038741], [103.99434338804416, 30.723116618170817], [103.99434860967172, 30.723116658626676], [103.99434870332715, 30.72310763641006], [103.99435392495424, 30.723107676865713], [103.99435397178168, 30.723103165757383], [103.99435919340854, 30.723103206212823], [103.99435924023574, 30.723098695104476], [103.99436968348898, 30.723098776014684], [103.99436973031568, 30.723094264906344], [103.99440628170069, 30.723094548085406], [103.99440632852567, 30.723090036977002], [103.99443243665691, 30.723090239241433], [103.99443238983315, 30.723094750349876], [103.9944428330862, 30.72309483125419], [103.99444278626291, 30.72309934236264], [103.99445322951648, 30.723099423266117], [103.99445318269365, 30.723103934374592], [103.99445840432071, 30.72310397482603], [103.99445835749812, 30.723108485934485], [103.99446357912542, 30.72310852638573], [103.99446353230306, 30.723113037494194], [103.99446875393062, 30.72311307794523], [103.99446866028634, 30.723122100162183], [103.9944738819144, 30.72312214061301], [103.9944737882706, 30.72313116282995], [103.99447900989914, 30.723131203280598], [103.99447896307746, 30.72313571438907], [103.99448418470627, 30.72313575483951], [103.99448409106334, 30.723144777056465], [103.99448931269265, 30.723144817506704], [103.99448926587142, 30.723149328615182], [103.99449448750097, 30.72314936906523], [103.99449430021693, 30.723167413499144], [103.9944890785864, 30.723167373049073], [103.99448898494383, 30.723176395266], [103.99448376331281, 30.723176354815706], [103.99448366966972, 30.723185377032603], [103.99447844803824, 30.72318533658208], [103.99447840121643, 30.72318984769053], [103.99447317958472, 30.723189807239795], [103.99447308594057, 30.723198829456642], [103.99446786430839, 30.723198789005686], [103.99446781748605, 30.72320330011409], [103.99445737422123, 30.723203219211534], [103.99445732739841, 30.72320773031994], [103.99445210576576, 30.723207689868335], [103.99445205894268, 30.723212200976715], [103.99444683730981, 30.72321216052489], [103.99444679048648, 30.723216671633264], [103.99444156885338, 30.723216631181234], [103.99444152202977, 30.7232211422896], [103.99443630039644, 30.723221101837332], [103.99443625357262, 30.723225612945694], [103.99443103193904, 30.723225572493224], [103.99443093829083, 30.723234594709904], [103.99432128397807, 30.72323374515918]]]}, "properties": {"id": "seg_004", "source": "seg", "area_m2": 211.0, "layout": "垂直式", "coef_m2": 28, "capacity": 8, "cap_min": 6, "cap_max": 9, "cx": 403721.8, "cy": 3399353.2}}, {"type": "Feature", "geometry": {"type": "Polygon", "coordinates": [[[103.99607739393247, 30.724600781061604], [103.99607744068244, 30.724596269951927], [103.99606177555225, 30.72459614878709], [103.99606182230295, 30.724591637677438], [103.99604615717358, 30.724591516510714], [103.99604620392499, 30.724587005401084], [103.99603576050595, 30.724586924622233], [103.99603580725784, 30.724582413512607], [103.99602536383932, 30.724582332732936], [103.9960254105917, 30.724577821623324], [103.9960149671737, 30.72457774084283], [103.99601501392655, 30.724573229733227], [103.99600457050909, 30.724573148951904], [103.99600461726241, 30.724568637842303], [103.99599417384549, 30.72456855706016], [103.99599422059927, 30.724564045950583], [103.9959785554747, 30.724563924775794], [103.9959786022292, 30.72455941366624], [103.99596293710545, 30.724559292489594], [103.99596298386066, 30.72455478138005], [103.99594731873773, 30.72455466020154], [103.99594736549368, 30.724550149092018], [103.99593170037157, 30.72455002791163], [103.99593174712824, 30.724545516802127], [103.99591608200696, 30.72454539561987], [103.99591612876434, 30.72454088451039], [103.99589524193706, 30.724540722931145], [103.99589528869542, 30.724536211821693], [103.99588484528233, 30.72453613103082], [103.99588489204116, 30.724531619921354], [103.99586922692234, 30.724531498733498], [103.99586927368189, 30.72452698762407], [103.99585360856389, 30.724526866434353], [103.99585365532415, 30.724522355324932], [103.9958432119127, 30.724522274530745], [103.99584325867343, 30.724517763421343], [103.99582759355705, 30.72451764222852], [103.99582764031851, 30.724513131119128], [103.99580675349779, 30.724512969525776], [103.99580680026021, 30.724508458416416], [103.99579113514551, 30.724508337219223], [103.99579118190866, 30.724503826109885], [103.99577029509018, 30.724503664510706], [103.99577034185427, 30.724499153401393], [103.99575467674126, 30.724499032199823], [103.99575472350608, 30.724494521090534], [103.99572861498581, 30.724494319083753], [103.99572866175183, 30.724489807974496], [103.99570255323304, 30.72448960596251], [103.99570260000026, 30.724485094853286], [103.99567126977952, 30.724484852432017], [103.99567131654821, 30.724480341322813], [103.99565565143871, 30.724480220109367], [103.99565569820808, 30.724475709000192], [103.99563481139656, 30.724475547379352], [103.99563485816691, 30.72447103627021], [103.99562441476168, 30.724470955458536], [103.99562446153251, 30.724466444349407], [103.99561401812782, 30.72446636353691], [103.99561406489912, 30.72446185242778], [103.99560884319703, 30.724461812021236], [103.99560888996857, 30.724457300912107], [103.99559844656491, 30.72445722009839], [103.99559849333693, 30.724452708989283], [103.9955880499338, 30.724452628174735], [103.99558809670629, 30.72444811706564], [103.9955724316024, 30.72444799584226], [103.9955724783756, 30.724443484733175], [103.99555681327254, 30.72444336350793], [103.99555686004646, 30.72443885239886], [103.99552552984207, 30.724438609942744], [103.99552557661745, 30.724434098833733], [103.99549946811531, 30.72443389678122], [103.99549951489189, 30.724429385672227], [103.99547340639121, 30.72442918361452], [103.995473453169, 30.724424672505563], [103.99545256636964, 30.724424510855634], [103.99545261314837, 30.724419999746708], [103.99543694804967, 30.724419878507074], [103.99543699482915, 30.724415367398173], [103.99541610803202, 30.724415205742424], [103.99541615481245, 30.72441069463354], [103.99539004631747, 30.724410492559162], [103.9953900930991, 30.724405981450307], [103.99536920630429, 30.72440581978706], [103.99536925308689, 30.724401308678228], [103.99534836629321, 30.72440114701165], [103.99534841307677, 30.724396635902846], [103.99533796968049, 30.72439655506831], [103.99533801646452, 30.72439204395951], [103.99532757306876, 30.724391963124162], [103.99532761985327, 30.724387452015378], [103.99531717645804, 30.724387371179194], [103.99531722324302, 30.724382860070428], [103.99531200154567, 30.724382819652014], [103.99531204833087, 30.724378308543262], [103.99530682663378, 30.72437826812466], [103.99530687341921, 30.724373757015893], [103.99529643002555, 30.724373676178068], [103.99529647681146, 30.724369165069326], [103.99527559002519, 30.724369003391185], [103.99527563681207, 30.724364492282465], [103.99526519341948, 30.724364411442153], [103.99526524020683, 30.724359900333443], [103.99524957511878, 30.724359779071413], [103.99524962190685, 30.72435526796271], [103.99522873512387, 30.7243551062771], [103.99522878191291, 30.724350595168428], [103.99521833852197, 30.724350514324378], [103.99521838531147, 30.724346003215725], [103.99520794192108, 30.724345922370848], [103.99520798871107, 30.724341411262213], [103.99519232362627, 30.724341289993337], [103.99519237041697, 30.724336778884712], [103.995176705333, 30.72433665761396], [103.99517675212442, 30.724332146505365], [103.99516630873563, 30.724332065657165], [103.99516635552753, 30.72432755454857], [103.99515069044517, 30.724327433274734], [103.9951507372378, 30.724322922166156], [103.99514029385008, 30.724322841315885], [103.99514034064319, 30.724318330207314], [103.99513511894959, 30.72431828978188], [103.99513516574292, 30.72431377867331], [103.99512472235625, 30.72431369782181], [103.99512476915005, 30.72430918671326], [103.99511954745698, 30.724309146287208], [103.99511959425101, 30.724304635178665], [103.99510915086537, 30.724304554325936], [103.9951091976599, 30.724300043217397], [103.99510397596734, 30.724300002790724], [103.99510402276208, 30.72429549168218], [103.99509880106979, 30.72429545125532], [103.99509884786477, 30.724290940146794], [103.99508840448067, 30.72429085929242], [103.99508845127612, 30.724286348183906], [103.99508322958434, 30.72428630775641], [103.99508327638003, 30.724281796647897], [103.99507805468849, 30.724281756220204], [103.99507959894822, 30.724132889637715], [103.99508482063175, 30.724132930065167], [103.99508486742708, 30.72412841895654], [103.99509531079364, 30.724128499810814], [103.99509535758847, 30.724123988702175], [103.99510580095459, 30.724124069555575], [103.99510584774893, 30.72411955844693], [103.99511629111461, 30.72411963929948], [103.99511633790844, 30.724115128190814], [103.99512155959107, 30.724115168616766], [103.99512160638464, 30.724110657508074], [103.99512682806703, 30.724110697933824], [103.99512687486035, 30.724106186825125], [103.9951320965425, 30.724106227250644], [103.99513214333558, 30.72410171614195], [103.99514258669943, 30.72410179699234], [103.995142633492, 30.724097285883612], [103.9951478551737, 30.724097326308495], [103.99514790196602, 30.72409281519976], [103.99515312364748, 30.72409285562442], [103.99515317043955, 30.72408834451567], [103.99515839212079, 30.724088384940114], [103.99515843891261, 30.724083873831365], [103.9951636605936, 30.724083914255598], [103.99516370738517, 30.72407940314682], [103.9951741507467, 30.72407948399463], [103.99517419753776, 30.72407497288585], [103.99517941921832, 30.724075013309424], [103.99517946600913, 30.724070502200632], [103.99518990936976, 30.72407058304716], [103.99518995616008, 30.724066071938346], [103.99519517784017, 30.72406611236128], [103.99519522463024, 30.72406160125246], [103.99520044631008, 30.724061641675178], [103.995200867418, 30.724021041695572], [103.99521131077337, 30.724021122540258], [103.9952113575626, 30.724016611431377], [103.99521657924005, 30.724016651853404], [103.99521662602905, 30.72401214074451], [103.99522184770626, 30.72401218116632], [103.99522189449499, 30.72400767005741], [103.99522711617198, 30.724007710478993], [103.99522716296045, 30.7240031993701], [103.9952323846372, 30.72400323979146], [103.99523243142542, 30.723998728682542], [103.99523765310195, 30.723998769103698], [103.99523769988991, 30.72399425799477], [103.9952429215662, 30.723994298415697], [103.99524296835392, 30.72398978730676], [103.99524819002997, 30.723989827727475], [103.99524823681743, 30.723985316618528], [103.99525345849325, 30.723985357039027], [103.99525350528046, 30.723980845930058], [103.99525872695607, 30.723980886350347], [103.995258773743, 30.723976375241385], [103.99526921709374, 30.723976456081292], [103.99526926388019, 30.723971944972305], [103.99527448555533, 30.723971985391938], [103.99527453234153, 30.723967474282944], [103.99526931066663, 30.723967433863308], [103.99526940423948, 30.72395841164533], [103.9952746259139, 30.723958452064945], [103.9952747194862, 30.723949429846922], [103.99527994116015, 30.723949470266316], [103.99528003473195, 30.72394044804826], [103.99529047807887, 30.723940528886395], [103.99529052486427, 30.723936017777344], [103.99529574653751, 30.723936058196085], [103.99529579332265, 30.72393154708704], [103.99530101499566, 30.723931587505554], [103.99530106178055, 30.723927076396496], [103.99530628345332, 30.723927116814806], [103.99530633023795, 30.723922605705727], [103.9953115519105, 30.723922646123814], [103.99531164547925, 30.723913623905652], [103.99531686715132, 30.723913664323504], [103.99531691393543, 30.72390915321442], [103.99532213560725, 30.72390919363207], [103.99532222917497, 30.72390017141384], [103.99532745084633, 30.723900211831257], [103.99532768476422, 30.723877656285623], [103.99532246309407, 30.723877615868243], [103.99532250987785, 30.723873104759125], [103.99531728820797, 30.723873064341532], [103.995317381776, 30.723864042123267], [103.99531216010661, 30.72386400170548], [103.99531220689086, 30.723859490596368], [103.99530698522172, 30.723859450178384], [103.99530707879065, 30.72385042796013], [103.995301857122, 30.723850387541948], [103.99530190390671, 30.723845876432833], [103.9952966822383, 30.72384583601445], [103.99529672902324, 30.72384132490534], [103.9952915073551, 30.72384128448675], [103.99529155414027, 30.723836773377645], [103.99528633247239, 30.72383673295885], [103.99528637925778, 30.723832221849737], [103.99528115759016, 30.723832181430744], [103.99528120437579, 30.723827670321647], [103.9952759827084, 30.723827629902452], [103.99527602949426, 30.723823118793355], [103.99527080782714, 30.72382307837395], [103.99527090139932, 30.72381405615576], [103.9952656797327, 30.72381401573616], [103.99526577330532, 30.723804993517977], [103.99526055163919, 30.723804953098185], [103.99526069199875, 30.723791419770894], [103.99525547033338, 30.723791379350914], [103.99525551712013, 30.723786868241817], [103.99525029545498, 30.72378682782164], [103.99525043581589, 30.72377329449435], [103.9952452141515, 30.723773254073993], [103.99524530772588, 30.723764231855792], [103.99521919940649, 30.72376402975088], [103.99521924619486, 30.723759518641813], [103.99521402453126, 30.723759478220195], [103.99521407131988, 30.72375496711114], [103.99520884965654, 30.723754926689328], [103.99520880286768, 30.723759437798385], [103.99520358120408, 30.72375939737635], [103.99520353441497, 30.7237639084854], [103.99519831275117, 30.723763868063145], [103.9951982659618, 30.723768379172192], [103.99519304429775, 30.723768338749732], [103.99519299750813, 30.723772849858747], [103.99518777584386, 30.723772809436067], [103.99518772905398, 30.723777320545082], [103.99517728572496, 30.723777239699082], [103.9951772389346, 30.723781750808072], [103.99517201726985, 30.723781710384756], [103.99517197047923, 30.723786221493732], [103.9951615271493, 30.72378614064645], [103.99516148035819, 30.72379065175542], [103.99515103702782, 30.723790570907266], [103.99515099023621, 30.723795082016217], [103.9951457685708, 30.723795041591824], [103.99514562819515, 30.72380857491863], [103.99515084986129, 30.723808615343046], [103.99515028836065, 30.72386274865007], [103.99515551002972, 30.72386278907436], [103.99515541644662, 30.72387181129217], [103.99516063811619, 30.72387185171627], [103.99516021699391, 30.723912451696304], [103.99515499532215, 30.72391241127214], [103.99515490173881, 30.723921433489878], [103.99514968006659, 30.723921393065492], [103.99514953969079, 30.723934926392044], [103.99514431801784, 30.72393488596743], [103.99514413084897, 30.723952930402763], [103.99513890917507, 30.7239528899779], [103.99513881559008, 30.72396191219555], [103.99513359391571, 30.723961871770463], [103.99513350033021, 30.723970893988067], [103.99512827865534, 30.723970853562765], [103.99512823186234, 30.72397536467155], [103.99512301018726, 30.723975324246034], [103.99512296339398, 30.72397983535481], [103.99511774171866, 30.723979794929072], [103.9951176481316, 30.723988817146612], [103.9951124264558, 30.723988776720642], [103.99511237966202, 30.7239932878294], [103.99510715798598, 30.72399324740323], [103.99510711119194, 30.72399775851197], [103.9951018895157, 30.723997718085567], [103.99510179592708, 30.724006740303036], [103.99451174652252, 30.72400217076575], [103.99451324481383, 30.72385781531078], [103.99448191480738, 30.72385757260689], [103.994483366312, 30.7237177282581], [103.99449380963237, 30.723717809159783], [103.99449385645444, 30.723713298051692], [103.99450429977438, 30.723713378952535], [103.99450434659595, 30.723708867844422], [103.99451478991543, 30.723708948744402], [103.9945148367365, 30.72370443763628], [103.99452528005556, 30.723704518535392], [103.99452532687614, 30.723700007427254], [103.99453577019473, 30.723700088325522], [103.99453581701482, 30.723695577217363], [103.99454626033297, 30.723695658114774], [103.99454630715256, 30.72369114700659], [103.9945515288114, 30.72369118745497], [103.99455157563074, 30.723686676346784], [103.99455679728936, 30.723686716794955], [103.99455684410844, 30.723682205686767], [103.99456206576683, 30.723682246134715], [103.99456215940447, 30.723673223918272], [103.99456738106238, 30.723673264366006], [103.99456742788095, 30.72366875325778], [103.99457264953863, 30.723668793705286], [103.99457274317523, 30.723659771488823], [103.99457796483243, 30.72365981193611], [103.99457805846852, 30.723650789719606], [103.99458328012524, 30.72365083016667], [103.9945833737608, 30.72364180795014], [103.99458859541706, 30.723641848396973], [103.99458887632201, 30.723614781747276], [103.99459409797682, 30.723614822193856], [103.99459428524561, 30.723596777760626], [103.99458906359177, 30.72359673731408], [103.99458925086137, 30.723578692880828], [103.99458402920853, 30.72357865243409], [103.99458412284373, 30.72356963021745], [103.9945789011914, 30.723569589770523], [103.99457932255154, 30.7235289897956], [103.99457410090139, 30.723528949348516], [103.99457414771938, 30.72352443824019], [103.99457936936929, 30.72352447868726], [103.99457960345784, 30.723501923145506], [103.99458482510653, 30.723501963592334], [103.9945849187414, 30.723492941375596], [103.99459014038963, 30.72349298182218], [103.9945901872068, 30.723488470713804], [103.99459540885479, 30.723488511160184], [103.99459545567171, 30.723484000051794], [103.99460067731948, 30.723484040497954], [103.99460072413613, 30.72347952938955], [103.99460594578366, 30.7234795698355], [103.99460599260009, 30.72347505872709], [103.99461121424737, 30.723475099172816], [103.99461126106354, 30.723470588064394], [103.99462170435767, 30.723470668955205], [103.99462175117334, 30.72346615784676], [103.99462697282019, 30.72346619829185], [103.99462701963559, 30.7234616871834], [103.99463746292882, 30.723461768072937], [103.99463750974373, 30.72345725696446], [103.99464795303652, 30.723457337853127], [103.99464799985094, 30.723452826744644], [103.99465322149709, 30.723452867188648], [103.99465345556779, 30.72343031164614], [103.99465867721275, 30.723430352089903], [103.99465877084047, 30.723421329872856], [103.99466399248496, 30.72342137031641], [103.99466413292572, 30.7234078369908], [103.9946693545695, 30.7234078774341], [103.99466949500945, 30.72339434410845], [103.99467471665248, 30.723394384551526], [103.99467485709161, 30.72338085122581], [103.99468007873394, 30.723380891668654], [103.99468012554671, 30.723376380560072], [103.9946853471888, 30.72337642100271], [103.99468544081384, 30.723367398785513], [103.99469066245547, 30.723367439227925], [103.99469070926773, 30.72336292811931], [103.99469593090912, 30.72336296856151], [103.99469597772112, 30.723358457452882], [103.99470119936228, 30.72335849789485], [103.99470124617402, 30.723353986786222], [103.9947116894559, 30.723354067669522], [103.99471173626715, 30.723349556560876], [103.99471695790784, 30.7233495970022], [103.99471700471885, 30.723345085893545], [103.9947274479998, 30.72334516677555], [103.9947274948103, 30.72334065566688], [103.99473271645056, 30.723340696107563], [103.9947327632608, 30.72333618499887], [103.99474320654085, 30.723336265879603], [103.9947432533506, 30.7233317547709], [103.9947484749904, 30.72333179521093], [103.9947485686094, 30.72332277299351], [103.99475379024871, 30.723322813433327], [103.99475397748559, 30.723304768998393], [103.99474875584723, 30.723304728558613], [103.99474884946609, 30.72329570634115], [103.99474362782824, 30.72329566590117], [103.99474372144755, 30.723286643683693], [103.9947384998102, 30.723286603243512], [103.99473854662008, 30.723282092134784], [103.99473332498297, 30.723282051694405], [103.9947333717931, 30.723277540585677], [103.99472815015625, 30.7232775001451], [103.9947281969666, 30.723272989036374], [103.99472297532999, 30.72327294859559], [103.99472302214058, 30.723268437486873], [103.99471780050423, 30.723268397045878], [103.99471784731504, 30.72326388593717], [103.99471262567896, 30.723263845495985], [103.99471271930103, 30.723254823278552], [103.99470749766544, 30.723254782837163], [103.99470754447671, 30.72325027172846], [103.99470232284138, 30.723250231286876], [103.99470241646436, 30.72324120906945], [103.99469719482953, 30.723241168627673], [103.99469728845294, 30.72323214641027], [103.9946920668186, 30.72323210596828], [103.99469234769009, 30.723205039316014], [103.99468712605722, 30.72320499887386], [103.99468736011771, 30.72318244333025], [103.99468213848607, 30.723182402887932], [103.99468255979649, 30.723141802909286], [103.99468778142594, 30.72314184335154], [103.99468787504988, 30.723132821134016], [103.99469309667886, 30.723132861576048], [103.99469314349058, 30.723128350467285], [103.99469836511933, 30.72312839090909], [103.99469841193078, 30.723123879800315], [103.9947036335593, 30.723123920241907], [103.99470368037049, 30.7231194091331], [103.99470890199879, 30.72311944957448], [103.99470894880973, 30.72311493846568], [103.99471417043779, 30.72311497890684], [103.99471426405917, 30.723105956689214], [103.99472470731435, 30.723106037570876], [103.99472475412452, 30.723101526462028], [103.99474041900663, 30.723101647782936], [103.99474046581607, 30.723097136674074], [103.99475090907038, 30.723097217553615], [103.99475095587934, 30.723092706444735], [103.9947613991332, 30.723092787323417], [103.99476149275009, 30.723083765105613], [103.99476671437655, 30.72308380554463], [103.99476690160924, 30.723065761108966], [103.99476167998375, 30.723065720669982], [103.99476177360053, 30.723056698452144], [103.99473566547567, 30.723056496254156], [103.99473561866608, 30.723061007363036], [103.9947303970409, 30.723060966922805], [103.99473035023105, 30.723065478031675], [103.99472512860564, 30.72306543759122], [103.99472508179554, 30.723069948700093], [103.99471463854427, 30.723069867818538], [103.99471459173365, 30.723074378927375], [103.99470937010778, 30.723074338486285], [103.99470932329693, 30.723078849595115], [103.99469888004474, 30.723078768712274], [103.9946988332334, 30.72308327982109], [103.99469361160708, 30.723083239379353], [103.99469351798386, 30.723092261596967], [103.99468829635705, 30.723092221155], [103.99468824954519, 30.723096732263794], [103.99468302791816, 30.72309669182161], [103.99468298110604, 30.723101202930387], [103.99467775947878, 30.723101162487982], [103.9946777126664, 30.72310567359676], [103.99466204778395, 30.723105552268287], [103.99466200097083, 30.72311006337702], [103.99465155771544, 30.723109982490307], [103.99465151090182, 30.72311449359904], [103.9946462892739, 30.723114453155357], [103.99464624246004, 30.72311896426407], [103.99462535594745, 30.723118802487214], [103.99462530913262, 30.723123313595917], [103.99460442261922, 30.723123151815667], [103.99460437580339, 30.72312766292432], [103.99456260277519, 30.723127339353685], [103.99456264959296, 30.723122828245092], [103.9945365414519, 30.72312262600666], [103.99453658827088, 30.723118114898096], [103.99451048013128, 30.72311791265445], [103.99451052695147, 30.723113401545923], [103.99450530532383, 30.723113361096562], [103.99450535214424, 30.723108849988037], [103.99450013051685, 30.723108809538488], [103.99450027097878, 30.72309527621291], [103.99449504935211, 30.723095235763168], [103.99449518981466, 30.72308170243757], [103.99448996818876, 30.723081661987635], [103.99449048321996, 30.723032039793658], [103.99448526159672, 30.723031999343593], [103.99448540206028, 30.723018466017916], [103.9944801804378, 30.72301842556766], [103.99448027408062, 30.723009403350535], [103.99447505245863, 30.723009362900093], [103.99447519292349, 30.722995829574405], [103.99446997130224, 30.72299578912377], [103.9944700649459, 30.722986766906654], [103.99446484332516, 30.72298672645582], [103.99446493696927, 30.722977704238698], [103.99445971534901, 30.72297766378767], [103.9944597621713, 30.722973152679117], [103.9944545405513, 30.72297311222788], [103.99445458737382, 30.722968601119337], [103.99444936575406, 30.7229685606679], [103.99444941257681, 30.72296404955936], [103.99444419095732, 30.722964009107717], [103.99444428460328, 30.72295498689062], [103.99443906298427, 30.722954946438787], [103.99443910980749, 30.72295043533025], [103.99443388818874, 30.72295039487821], [103.99443393501218, 30.72294588376967], [103.99442871339367, 30.722945843317447], [103.99442876021736, 30.722941332208897], [103.99442353859911, 30.72294129175646], [103.99442358542302, 30.722936780647927], [103.99441314218706, 30.72293669974244], [103.99441318901144, 30.722932188633916], [103.99440796739371, 30.722932148180867], [103.99440801421834, 30.72292763707235], [103.99440279260087, 30.72292759661909], [103.9944028394257, 30.722923085510576], [103.99439761780849, 30.722923045057108], [103.99439766463357, 30.722918533948604], [103.99439244301661, 30.722918493494944], [103.99439248984191, 30.722913982386437], [103.99438726822521, 30.722913941932582], [103.99438731505074, 30.722909430824075], [103.99437687181786, 30.72290934991573], [103.99437696546987, 30.72290032769874], [103.99437174385393, 30.722900287244258], [103.99437179068018, 30.72289577613578], [103.99436656906448, 30.722895735681103], [103.99436661589095, 30.722891224572614], [103.99436139427551, 30.722891184117735], [103.99436144110221, 30.722886673009253], [103.99435621948703, 30.722886632554175], [103.9943563131409, 30.722877610337214], [103.9943510915262, 30.72287756988195], [103.9943513256619, 30.72285501433952], [103.99434610404843, 30.722854973884065], [103.99434619770311, 30.722845951667093], [103.99434097609014, 30.722845911211447], [103.99434102291771, 30.72284140010297], [103.994335801305, 30.72284135964712], [103.9943358481328, 30.722836848538634], [103.99433062652035, 30.722836808082583], [103.99433067334837, 30.722832296974097], [103.99432545173617, 30.722832256517847], [103.99432549856444, 30.72282774540938], [103.9943202769525, 30.722827704952916], [103.994320323781, 30.722823193844455], [103.9943151021693, 30.722823153387793], [103.99431519582674, 30.72281413117085], [103.99430997421555, 30.722814090714], [103.9943100210445, 30.72280957960553], [103.99430479943355, 30.722809539148482], [103.99430484626275, 30.722805028040018], [103.99429962465204, 30.72280498758276], [103.99429967148146, 30.722800476474298], [103.99429444987102, 30.72280043601683], [103.99429449670068, 30.722795924908386], [103.9942892750905, 30.72279588445072], [103.99428936875024, 30.722786862233814], [103.99428414714055, 30.72278682177596], [103.99428419397066, 30.722782310667508], [103.99427897236123, 30.722782270209436], [103.99427901919157, 30.722777759101], [103.99421635988206, 30.722777273587926], [103.99421640671531, 30.72277276247957], [103.9942059634977, 30.722772681557796], [103.99420601033142, 30.722768170449452], [103.99420078872286, 30.722768129988253], [103.99420083555681, 30.72276361887992], [103.99419561394853, 30.72276357841852], [103.99419556711433, 30.72276808952686], [103.9941851238973, 30.72276800860342], [103.9941850302279, 30.722777030820062], [103.9941798086189, 30.722776990358014], [103.99417971494898, 30.72278601257463], [103.99418493655845, 30.722786053036693], [103.99418488972373, 30.722790564144994], [103.99419011133345, 30.722790604606846], [103.99419001766444, 30.722799626823466], [103.99419523927467, 30.722799667285134], [103.99419514560608, 30.722808689501758], [103.99420558882755, 30.72280877042449], [103.99420563566136, 30.722804259316156], [103.99421085727187, 30.72280429977719], [103.99421090410542, 30.722799788668866], [103.99421612571568, 30.722799829129688], [103.99421621938227, 30.722790806913], [103.99422666260187, 30.722790887833977], [103.99422656893626, 30.722799910050696], [103.99423179054656, 30.7227999505109], [103.9942316968814, 30.72280897272762], [103.99423691849219, 30.722809013187614], [103.9942367779951, 30.7228225465127], [103.99424199960663, 30.72282258697251], [103.99424185911016, 30.722836120297583], [103.99424708072245, 30.722836160757208], [103.99424684656267, 30.722858716298965], [103.99424162494917, 30.72285867583931], [103.9942414376202, 30.722876720272634], [103.99423621600573, 30.722876679812746], [103.99423588817791, 30.72290825757088], [103.99423066656176, 30.722908217110724], [103.99423043239749, 30.722930772652123], [103.99422521078016, 30.722930732191728], [103.99422502344757, 30.722948776624758], [103.99421980182926, 30.722948736164113], [103.99421905249338, 30.723020913895624], [103.99421383087119, 30.723020873434653], [103.99421378403737, 30.72302538454284], [103.99420856241493, 30.72302534408166], [103.99420846874678, 30.723034366298005], [103.99420324712386, 30.723034325836597], [103.99420320028952, 30.723038836944752], [103.99419797866639, 30.723038796483124], [103.99419793183179, 30.72304330759128], [103.99419271020844, 30.723043267129437], [103.99419261653873, 30.723052289345706], [103.99418739491487, 30.723052248883644], [103.99418734807976, 30.723056759991767], [103.99418212645568, 30.723056719529477], [103.99418207962033, 30.7230612306376], [103.99417685799602, 30.72306119017509], [103.9941768111604, 30.723065701283204], [103.99417158953587, 30.723065660820485], [103.99417154269999, 30.72307017192858], [103.99416632107521, 30.723070131465644], [103.99416627423909, 30.723074642573717], [103.9941558309891, 30.723074561647202], [103.99415578415247, 30.723079072755276], [103.99415056252725, 30.723079032291697], [103.99415051569036, 30.72308354339976], [103.99414529406491, 30.723083502935953], [103.99414524722778, 30.723088014044002], [103.99414002560209, 30.723087973579993], [103.99413997876471, 30.723092484688028], [103.99413475713878, 30.723092444223788], [103.99413471030114, 30.72309695533182], [103.994129488675, 30.723096914867355], [103.99412944183709, 30.723101425975386], [103.99412422021071, 30.72310138551072], [103.99412417337255, 30.72310589661872], [103.99411373011934, 30.723105815688733], [103.9941136832807, 30.723110326796725], [103.99410324002703, 30.723110245865897], [103.99410319318788, 30.723114756973867], [103.99407708505268, 30.72311455464308], [103.99407713189304, 30.723110043535137], [103.99405624538603, 30.723109881666762], [103.99405629222736, 30.723105370558855], [103.99404062734794, 30.723105249155378], [103.99404067418997, 30.7231007380475], [103.99403023093757, 30.723100657110813], [103.9940302777801, 30.72309614600293], [103.9940198345282, 30.723096065065423], [103.9940198813712, 30.723091553957566], [103.99400943811985, 30.723091473019217], [103.99400948496331, 30.723086961911367], [103.9940042633379, 30.723086921441904], [103.9940043101816, 30.723082410334055], [103.99399386693129, 30.723082329394487], [103.99399391377545, 30.723077818286647], [103.99398869215057, 30.723077777816545], [103.99398873899497, 30.72307326670872], [103.99398351737032, 30.72307322623842], [103.99398356421496, 30.723068715130587], [103.99397312096619, 30.723068634189396], [103.9939731678113, 30.72306412308157], [103.99396794618717, 30.72306408261065], [103.99396799303253, 30.72305957150284], [103.99396277140865, 30.723059531031733], [103.99396534789965, 30.722811420097294], [103.99397579112065, 30.72281150103851], [103.99397583796517, 30.7228069899305], [103.99398105957545, 30.722807030400787], [103.99398110641971, 30.722802519292784], [103.99399154963982, 30.72280260023271], [103.99399159648357, 30.72279808912467], [103.99399681809341, 30.72279812959432], [103.99399695862388, 30.722784596270184], [103.994002180233, 30.722784636739593], [103.99400232076265, 30.72277110341541], [103.99400754237104, 30.722771143884593], [103.99400763605695, 30.72276212166844], [103.99401285766486, 30.72276216213739], [103.9940130918782, 30.722739606596917], [103.99401831348491, 30.722739647065627], [103.99401840716969, 30.72273062484939], [103.99402362877592, 30.72273066531788], [103.99402372246018, 30.72272164310163], [103.99402894406593, 30.722721683569887], [103.99402903774966, 30.722712661353594], [103.99403425935493, 30.72271270182164], [103.99403430619654, 30.72270819071348], [103.9940395278016, 30.7227082311813], [103.99403957464295, 30.722703720073138], [103.99404479624776, 30.722703760540746], [103.99404484308886, 30.722699249432573], [103.99405006469345, 30.722699289899946], [103.99405011153429, 30.722694778791766], [103.99405533313865, 30.72269481925893], [103.99405537997924, 30.722690308150735], [103.99406582318748, 30.72269038908442], [103.99406587002758, 30.722685877976215], [103.99407109163147, 30.722685918442743], [103.99407113847131, 30.722681407334516], [103.99408158167866, 30.722681488266918], [103.994081628518, 30.722676977158674], [103.99408685012145, 30.722677017624545], [103.99408689696054, 30.7226725065163], [103.99409211856374, 30.722672546981958], [103.99409216540258, 30.7226680358737], [103.99409738700555, 30.72266807633914], [103.99409743384415, 30.72266356523089], [103.99410265544688, 30.722663605696106], [103.99410270228522, 30.722659094587815], [103.99410792388773, 30.722659135052822], [103.99410797072579, 30.72265462394453], [103.99411319232809, 30.722654664409326], [103.9941132391659, 30.722650153301025], [103.99411846076795, 30.722650193765606], [103.99411850760553, 30.72264568265727], [103.99412372920733, 30.72264572312164], [103.99412382288195, 30.722636700904992], [103.9941290444833, 30.72263674136913], [103.99412909132035, 30.72263223026079], [103.99413431292146, 30.722632270724702], [103.99413440659502, 30.722623248508004], [103.99413962819567, 30.7226232889717], [103.9941396750322, 30.722618777863342], [103.9941448966326, 30.722618818326808], [103.99414494346888, 30.722614307218432], [103.99415016506904, 30.722614347681695], [103.99415021190507, 30.72260983657331], [103.99415543350501, 30.72260987703635], [103.99415548034078, 30.722605365927954], [103.99416070194049, 30.72260540639078], [103.994160748776, 30.722600895282383], [103.99416597037546, 30.722600935744993], [103.99416601721073, 30.72259642463657], [103.99417123880997, 30.722596465098963], [103.99417128564498, 30.72259195399054], [103.99417650724399, 30.7225919944527], [103.99417655407873, 30.722587483344267], [103.99418177567752, 30.722587523806222], [103.99418182251202, 30.72258301269778], [103.99418704411056, 30.722583053159518], [103.9941870909448, 30.722578542051064], [103.99419231254312, 30.722578582512586], [103.99419235937711, 30.72257407140411], [103.9941975809752, 30.722574111865423], [103.99419762780893, 30.722569600756945], [103.99420284940678, 30.722569641218026], [103.99420289624027, 30.722565130109544], [103.99420811783787, 30.722565170570405], [103.99420816467111, 30.722560659461912], [103.9942133862685, 30.722560699922557], [103.99421343310148, 30.722556188814057], [103.99421865469861, 30.722556229274492], [103.99421870153134, 30.722551718165974], [103.99422392312826, 30.722551758626185], [103.99422396996073, 30.72254724751766], [103.99422919155741, 30.722547287977655], [103.99422923838964, 30.722542776869123], [103.99423445998609, 30.722542817328915], [103.99423450681805, 30.72253830622035], [103.99423972841426, 30.722538346679915], [103.99423977524599, 30.722533835571358], [103.99424499684196, 30.72253387603071], [103.99424504367342, 30.722529364922142], [103.99425548686493, 30.72252944584019], [103.99425553369589, 30.722524934731602], [103.99426075529144, 30.722524975190307], [103.99426080212213, 30.722520464081704], [103.99426602371744, 30.722520504540192], [103.9942660705479, 30.72251599343158], [103.99427129214295, 30.72251603388985], [103.99427133897316, 30.72251152278123], [103.99427656056798, 30.72251156323929], [103.99427660739794, 30.722507052130645], [103.99428705058716, 30.722507133046115], [103.9942870974166, 30.72250262193747], [103.99429231901098, 30.72250266239488], [103.99429236584018, 30.722498151286228], [103.99429758743432, 30.722498191743412], [103.99429763426326, 30.72249368063474], [103.99430807745111, 30.722493761548485], [103.99430812427954, 30.722489250439786], [103.99431334587324, 30.722489290896334], [103.99431339270143, 30.72248477978764], [103.9943186142949, 30.72248482024397], [103.99431866112283, 30.722480309135268], [103.99432388271606, 30.722480349591383], [103.99432392954375, 30.722475838482666], [103.99433437272974, 30.72247591939424], [103.99433441955694, 30.722471408285504], [103.99433964114971, 30.722471448740965], [103.99433968797665, 30.72246693763223], [103.99434490956918, 30.72246697808748], [103.99434495639586, 30.72246246697872], [103.99435539958048, 30.722462547888572], [103.99435544640667, 30.722458036779805], [103.99436066799876, 30.722458077234418], [103.9943607148247, 30.722453566125626], [103.99436593641654, 30.72245360658001], [103.99436598324222, 30.722449095471223], [103.99437120483385, 30.722449135925388], [103.99437125165927, 30.722444624816596], [103.99438169484206, 30.72244470572429], [103.99438174166698, 30.722440194615473], [103.99438696325815, 30.72244023506899], [103.99438701008283, 30.722435723960146], [103.99439223167376, 30.722435764413465], [103.9943922784982, 30.722431253304613], [103.99439750008888, 30.722431293757708], [103.99439754691306, 30.722426782648864], [103.99440276850352, 30.722426823101728], [103.99440281532745, 30.72242231199287], [103.99441325850792, 30.722422392897965], [103.99441330533135, 30.72241788178909], [103.99441852692135, 30.72241792224132], [103.99441857374451, 30.722413411132433], [103.9944237953343, 30.722413451584444], [103.9944238421572, 30.722408940475557], [103.99442906374676, 30.72240898092734], [103.99442911056941, 30.722404469818425], [103.99443955374805, 30.722404550721375], [103.99443960057023, 30.722400039612445], [103.99444482215931, 30.722400080063597], [103.99444486898122, 30.722395568954664], [103.99445531215896, 30.722395649856317], [103.99445535898036, 30.72239113874736], [103.99446580215766, 30.722391219648156], [103.99446584897856, 30.722386708539194], [103.99447629215541, 30.722386789439142], [103.99447633897584, 30.722382278330144], [103.99448156056404, 30.72238231877979], [103.9944816073842, 30.7223778076708], [103.99449205056014, 30.722377888569454], [103.9944920973798, 30.722373377460446], [103.9945025405553, 30.722373458358238], [103.99450258737447, 30.722368947249205], [103.99451303054953, 30.722369028146154], [103.9945130773682, 30.7223645170371], [103.9945235205428, 30.7223645979332], [103.99452356736097, 30.72236008682413], [103.99453401053513, 30.722360167719366], [103.99453405735282, 30.72235565661029], [103.99454450052654, 30.722355737504664], [103.99454454734372, 30.72235122639556], [103.994554990517, 30.72235130728909], [103.99455503733368, 30.72234679617997], [103.99456548050652, 30.722346877072646], [103.99456552732272, 30.722342365963502], [103.99457597049509, 30.722342446855333], [103.99457601731079, 30.72233793574617], [103.99458646048274, 30.722338016637142], [103.99458650729794, 30.72233350552797], [103.99459695046944, 30.722333586418074], [103.99459699728413, 30.72232907530889], [103.99462310521186, 30.722329277530463], [103.99462315202533, 30.722324766421234], [103.99464403836673, 30.722324928194688], [103.99464399155423, 30.72232943930395], [103.99464921313985, 30.722329479746804], [103.99464916632758, 30.72233399085607], [103.99465438791346, 30.722334031298715], [103.99465434110141, 30.722338542407986], [103.99466478427368, 30.72233862329267], [103.99466473746212, 30.722343134401946], [103.9947273964995, 30.72234361969243], [103.99472734969083, 30.722348130801794], [103.99473779286437, 30.72234821168062], [103.99473774605619, 30.722352722789992], [103.99475341081728, 30.722352844106677], [103.99475336400982, 30.722357355216076], [103.99476902877176, 30.722357476530895], [103.99476898196501, 30.722361987640312], [103.99477420355258, 30.72236202807816], [103.99477415674608, 30.72236653918758], [103.9947793783339, 30.722366579625234], [103.99477933152762, 30.722371090734658], [103.99478455311571, 30.722371131172114], [103.99478450630966, 30.72237564228154], [103.994789727898, 30.72237568271879], [103.99478968109217, 30.722380193828226], [103.99479490268077, 30.72238023426527], [103.99479485587518, 30.722384745374704], [103.99480007746402, 30.722384785811546], [103.99480003065867, 30.72238929692099], [103.99480525224777, 30.722389337357633], [103.99480520544265, 30.722393848467075], [103.99481042703201, 30.722393888903515], [103.99481033342222, 30.722402911122405], [103.99481555501207, 30.722402951558646], [103.99481550820741, 30.722407462668095], [103.9948207297975, 30.722407503104133], [103.99482068299308, 30.722412014213592], [103.99482590458342, 30.722412054649435], [103.99482585777923, 30.72241656575888], [103.99483107936985, 30.722416606194514], [103.99483098576191, 30.72242562841344], [103.994836207353, 30.722425668848867], [103.99483616054926, 30.722430179958334], [103.99484138214062, 30.722430220393573], [103.9948413353371, 30.72243473150304], [103.99484655692872, 30.722434771938065], [103.99484646332215, 30.72244379415702], [103.99485168491427, 30.722443834591857], [103.9948516381112, 30.722448345701324], [103.99485685970356, 30.722448386135962], [103.99485681290074, 30.72245289724543], [103.99486203449335, 30.722452937679858], [103.99486198769077, 30.722457448789342], [103.99486720928363, 30.72245748922357], [103.9948671156789, 30.722466511442533], [103.99487233727226, 30.72246655187657], [103.99487224366798, 30.722475574095526], [103.99487746526185, 30.722475614529365], [103.99487741845994, 30.722480125638864], [103.99488264005404, 30.722480166072494], [103.99488259325236, 30.722484677181978], [103.99488781484673, 30.7224847176154], [103.99488772124381, 30.72249373983438], [103.99489294283867, 30.72249378026762], [103.99489289603746, 30.722498291377118], [103.99489811763257, 30.72249833181016], [103.99489797722957, 30.722511865138635], [103.99490319882543, 30.722511905571483], [103.99490282441886, 30.722547994447346], [103.99489760282106, 30.72254795401445], [103.99489741561655, 30.722565998452275], [103.99490263721533, 30.722566038885205], [103.99490216920576, 30.722611149979627], [103.99489694760454, 30.72261110954662], [103.99489680720073, 30.722624642874855], [103.99489158559881, 30.72262460244162], [103.99489149199574, 30.722633624660418], [103.9948706055862, 30.72263346292531], [103.99487055878367, 30.722637974034686], [103.99486533718108, 30.722637933600378], [103.9948652903783, 30.722642444709727], [103.99486006877547, 30.722642404275202], [103.99485992836634, 30.722655937603225], [103.9948547067628, 30.722655897168465], [103.99485465995947, 30.722660408277793], [103.9948337735444, 30.722660246536645], [103.9948338203487, 30.722655735427338], [103.9948285987452, 30.722655694991534], [103.99482855194067, 30.722660206100826], [103.99481810873321, 30.722660125228565], [103.9948180619282, 30.72266463633784], [103.9948076187203, 30.722664555464732], [103.99480757191479, 30.72266906657399], [103.99479712870645, 30.72266898570002], [103.99479708190044, 30.72267349680925], [103.99478663869166, 30.72267341593443], [103.99478659188514, 30.722677927043648], [103.99478137028053, 30.722677886605926], [103.99478132347376, 30.72268239771513], [103.99477610186892, 30.72268235727719], [103.9947760550619, 30.722686868386383], [103.99477083345683, 30.722686827948216], [103.99477073984227, 30.72269585016659], [103.99476029663116, 30.7226957692896], [103.99476024982339, 30.72270028039876], [103.99474458500607, 30.722700159081683], [103.99474453819757, 30.722704670190822], [103.99473409498559, 30.722704589311704], [103.99473404817657, 30.722709100420825], [103.99471838335796, 30.722708979100545], [103.9947183365482, 30.72271349020965], [103.99469745012257, 30.722713328446304], [103.99469740331183, 30.722717839555372], [103.99469218170522, 30.722717799114015], [103.99469213489422, 30.722722310223077], [103.99468169168051, 30.722722229339702], [103.99468164486903, 30.722726740448735], [103.99467120165488, 30.72272665956451], [103.99467115484289, 30.722731170673534], [103.99466071162831, 30.72273108978844], [103.99466066481583, 30.72273560089744], [103.9946554432083, 30.722735560454584], [103.99465539639556, 30.722740071563578], [103.99465017478781, 30.722740031120498], [103.99465012797482, 30.72274454222948], [103.99464490636684, 30.722744501786185], [103.99464485955359, 30.722749012895154], [103.99463963794537, 30.722748972451633], [103.99463959113189, 30.7227534835606], [103.99463436952342, 30.72275344311686], [103.99463432270967, 30.722757954225827], [103.99462387949231, 30.722757873337706], [103.99462383267807, 30.72276238444663], [103.99461861106917, 30.72276234400226], [103.99461847062562, 30.722775877329028], [103.99461324901601, 30.722775836884427], [103.99461245316343, 30.722852525735423], [103.99461767477719, 30.722852566180165], [103.99461762796247, 30.72285707728902], [103.99462284957649, 30.722857117733557], [103.99462280276201, 30.722861628842434], [103.99462802437627, 30.722861669286754], [103.99462797756203, 30.722866180395616], [103.99463319917655, 30.722866220839748], [103.99463315236252, 30.72287073194862], [103.9946435955921, 30.722870812836252], [103.99464354877855, 30.722875323945136], [103.99469576492939, 30.722875728370777], [103.9946958117405, 30.72287121726183], [103.99470625497031, 30.722871298144426], [103.99470630178091, 30.722866787035443], [103.99471674501028, 30.72286686791719], [103.9947167918204, 30.722862356808204], [103.99473245666378, 30.72286247812922], [103.99473250347317, 30.722857967020193], [103.99474294670166, 30.722858047899816], [103.99474299351054, 30.722853536790776], [103.9947534367386, 30.72285361766953], [103.99475348354697, 30.72284910656048], [103.99476392677458, 30.722849187438385], [103.99476397358247, 30.72284467632932], [103.99477441680963, 30.72284475720636], [103.99477446361703, 30.722840246097274], [103.99478490684375, 30.72284032697346], [103.99478495365064, 30.72283581586436], [103.99479017526377, 30.72283585630214], [103.99479022207042, 30.722831345193025], [103.99480066529622, 30.722831426067934], [103.99480071210237, 30.722826914958798], [103.99480593371504, 30.722826955395927], [103.99480598052092, 30.722822444286784], [103.99481120213338, 30.7228224847237], [103.99481124893902, 30.72281797361454], [103.99481647055123, 30.722818014051242], [103.99481651735661, 30.722813502942074], [103.99482173896858, 30.72281354337855], [103.99482178577372, 30.722809032269378], [103.99483222899723, 30.72280911314169], [103.99483227580185, 30.7228046020325], [103.99483749741339, 30.72280464246833], [103.99483754421776, 30.72280013135913], [103.99484276582905, 30.72280017179475], [103.99484281263318, 30.72279566068554], [103.99484803424423, 30.72279570112094], [103.9948480810481, 30.722791190011716], [103.99485330265894, 30.722791230446894], [103.99485334946256, 30.72278671933766], [103.99485857107315, 30.72278675977262], [103.99485861787652, 30.722782248663385], [103.99486383948687, 30.722782289098134], [103.99486388628998, 30.72277777798888], [103.99487432951027, 30.72277785885773], [103.99487437631286, 30.72277334774846], [103.99487959792278, 30.722773388182553], [103.99487964472513, 30.72276887707328], [103.99488486633481, 30.722768917507167], [103.99488491313693, 30.72276440639787], [103.99489013474637, 30.722764446831533], [103.99489018154821, 30.722759935722245], [103.99489540315743, 30.72275997615569], [103.99489544995903, 30.72275546504637], [103.994900671568, 30.722755505479615], [103.99490076517068, 30.722746483260963], [103.99490598677919, 30.722746523693967], [103.99490603358028, 30.722742012584636], [103.99491125518854, 30.722742053017424], [103.99491130198936, 30.72273754190807], [103.99491652359741, 30.72273758234065], [103.99491657039799, 30.722733071231293], [103.99492179200578, 30.722733111663654], [103.9949218388061, 30.722728600554277], [103.99492706041369, 30.72272864098643], [103.99492710721375, 30.72272412987704], [103.9949323288211, 30.722724170308965], [103.9949323756209, 30.722719659199573], [103.99493759722802, 30.72271969963128], [103.99493764402756, 30.722715188521878], [103.99495330884824, 30.722715309815726], [103.99495335564706, 30.7227107987063], [103.99496902046708, 30.722710919998228], [103.99496906726517, 30.72270640888878], [103.99498473208456, 30.722706530178808], [103.99498477888191, 30.72270201906932], [103.9949952220944, 30.722702099928263], [103.99499526889124, 30.72269758881878], [103.99500049049726, 30.72269762924793], [103.99500053729386, 30.72269311813843], [103.99501098050546, 30.722693198996094], [103.99501102730154, 30.722688687886567], [103.99503191372388, 30.722688849599336], [103.99503186692876, 30.722693360708885], [103.99504231014048, 30.72269344156403], [103.99504226334582, 30.722697952673585], [103.99504748495195, 30.72269799310085], [103.99504743815753, 30.72270250421042], [103.99505788137029, 30.72270258506432], [103.99505783457636, 30.722707096173906], [103.99506305618299, 30.722707136600558], [103.99506300938928, 30.72271164771013], [103.99506823099618, 30.72271168813657], [103.9950681842027, 30.722716199246165], [103.99507340580985, 30.722716239672394], [103.9950733590166, 30.72272075078198], [103.99507858062401, 30.722720791208022], [103.99507848703799, 30.722729813427208], [103.99508370864586, 30.722729853853064], [103.99508366185309, 30.722734364962644], [103.99508888346124, 30.722734405388284], [103.99508883666869, 30.722738916497885], [103.99509405827709, 30.722738956923312], [103.99509401148477, 30.72274346803293], [103.99509923309341, 30.722743508458162], [103.99509913950924, 30.72275253067737], [103.99510436111838, 30.722752571102397], [103.99510431432653, 30.722757082212002], [103.99510953593592, 30.722757122636843], [103.99510944235264, 30.722766144856067], [103.99511466396254, 30.722766185280705], [103.99511457037973, 30.722775207499918], [103.99511979199012, 30.72277524792436], [103.99511974519893, 30.72277975903398], [103.99512496680958, 30.72277979945822], [103.99512487322767, 30.72278882167745], [103.99513009483881, 30.722788862101492], [103.99513000125732, 30.722797884320727], [103.99513522286897, 30.72279792474457], [103.99513517607845, 30.722802435854188], [103.99514039769036, 30.72280247627784], [103.9951403041098, 30.72281149849708], [103.99514552572218, 30.72281153892054], [103.99514543214207, 30.722820561139777], [103.99515065375495, 30.72282060156303], [103.99515056017528, 30.722829623782275], [103.99515578178865, 30.722829664205335], [103.99515568820941, 30.72283868642458], [103.99516090982331, 30.72283872684744], [103.99516072266566, 30.722856771285922], [103.99516594428054, 30.72285681170861], [103.99516566354522, 30.72288387836628], [103.9951552203126, 30.722883797520605], [103.99515517352286, 30.722888308630193], [103.99514995190631, 30.722888268207033], [103.99514985832631, 30.722897290426182], [103.9951446367093, 30.722897250002795], [103.99514458991904, 30.72290176111237], [103.99513936830178, 30.722901720688768], [103.99513932151126, 30.722906231798316], [103.99513409989379, 30.72290619137451], [103.99513400631223, 30.722915213593588], [103.99512878469427, 30.722915173169554], [103.99512869111221, 30.722924195388593], [103.99513391273065, 30.72292423581265], [103.99513372556736, 30.72294228025074], [103.9951389471868, 30.722942320674612], [103.99513880681494, 30.722955854003164], [103.99514402843512, 30.72295589442685], [103.99514393485431, 30.72296491664588], [103.99514915647498, 30.722964957069372], [103.995148922524, 30.722987512616946], [103.9951541441459, 30.722987553040262], [103.99515400377592, 30.723001086368782], [103.99515922539855, 30.723001126791896], [103.99515899144959, 30.723023682339438], [103.99516421307345, 30.723023722762385], [103.99516407270467, 30.723037256090873], [103.99516929432927, 30.72303729651364], [103.99516920075052, 30.723046318732635], [103.99516397912544, 30.72304627830985], [103.99516388554616, 30.723055300528817], [103.99515866392059, 30.72305526010581], [103.99515857034079, 30.723064282324756], [103.99516379196685, 30.723064322747767], [103.99516360480807, 30.72308236718564], [103.99516882643509, 30.723082407608473], [103.99516877964562, 30.723086918717932], [103.9951740012729, 30.723086959140563], [103.99517390769441, 30.723095981359506], [103.9951791293222, 30.723096021781945], [103.99517898895509, 30.723109555110344], [103.99518421058362, 30.723109595532595], [103.99518407021715, 30.723123128860994], [103.99518929184642, 30.723123169283042], [103.9951891982692, 30.723132191501975], [103.99519441989897, 30.72313223192384], [103.99519432632219, 30.723141254142774], [103.99519954795245, 30.723141294564453], [103.9951995011643, 30.723145805673912], [103.99520472279481, 30.723145846095377], [103.99520467600688, 30.72315035720485], [103.99520989763764, 30.723150397626114], [103.99520985084995, 30.723154908735584], [103.99521507248096, 30.72315494915665], [103.99521511926841, 30.723150438047163], [103.99522556252998, 30.723150518888644], [103.99522560931693, 30.723146007779146], [103.99527782562299, 30.723146411973865], [103.99527777883847, 30.723150923083434], [103.9952882221003, 30.72315100391987], [103.99528817531626, 30.72315551502945], [103.9953038402098, 30.723155636282552], [103.99530379342647, 30.723160147392164], [103.99531423668938, 30.723160228226522], [103.99531418990654, 30.723164739336134], [103.99532463316996, 30.723164820169682], [103.99532458638758, 30.723169331279294], [103.99533502965154, 30.723169412112018], [103.99533498286964, 30.723173923221648], [103.99535064776639, 30.72317404446917], [103.99535060098522, 30.723178555578833], [103.99535582261773, 30.723178595994256], [103.99535577583677, 30.723183107103907], [103.99536621910232, 30.723183187934154], [103.99536617232185, 30.723187699043827], [103.99537661558792, 30.72318777987323], [103.99537656880793, 30.723192290982908], [103.99538179044121, 30.72319233139732], [103.99538174366145, 30.723196842506997], [103.99539218692857, 30.723196923335177], [103.99539214014928, 30.723201434444874], [103.99540258341692, 30.72320151527224], [103.9954025366381, 30.72320602638194], [103.99540775827218, 30.72320606679531], [103.9954077114936, 30.723210577905018], [103.99541293312792, 30.72321061831818], [103.99541288634958, 30.72321512942791], [103.99541810798416, 30.723215169840877], [103.99541806120604, 30.72321968095059], [103.99542328284089, 30.723219721363346], [103.99542323606299, 30.72322423247306], [103.9954284576981, 30.723224272885627], [103.99542836414278, 30.723233295105082], [103.99543358577837, 30.723233335517445], [103.9954334922235, 30.7232423577369], [103.99543871385958, 30.723242398149065], [103.99543862030517, 30.723251420368527], [103.99544384194175, 30.72325146078049], [103.99544365483375, 30.723269505219392], [103.9954488764713, 30.723269545631183], [103.99544873614092, 30.72328307896035], [103.99545395777923, 30.723283119371956], [103.99545386422608, 30.723292141591394], [103.99545908586488, 30.723292182002787], [103.99545903908853, 30.723296693112523], [103.99546426072757, 30.72329673352373], [103.99546416717533, 30.72330575574318], [103.99546938881487, 30.72330579615419], [103.99546934203897, 30.723310307263915], [103.99547456367878, 30.723310347674722], [103.99547451690312, 30.72331485878445], [103.99547973854318, 30.723314899195056], [103.99547964499232, 30.723323921414522], [103.99548486663286, 30.72332396182493], [103.99548481985765, 30.723328472934668], [103.99549004149846, 30.723328513344875], [103.99548999472348, 30.723333024454615], [103.99549521636455, 30.723333064864608], [103.99549512281504, 30.723342087084095], [103.9955003444566, 30.723342127493908], [103.99550029768209, 30.723346638603648], [103.9955055193239, 30.72334667901325], [103.99550547254961, 30.723351190123005], [103.99551069419167, 30.72335123053241], [103.99551060064354, 30.723360252751906], [103.99551582228611, 30.723360293161114], [103.99551572873843, 30.723369315380612], [103.99552095038148, 30.723369355789632], [103.99552085683425, 30.72337837800913], [103.99552607847781, 30.72337841841795], [103.99552598493102, 30.723387440637456], [103.99553120657507, 30.72338748104607], [103.99553111302872, 30.723396503265576], [103.99553633467326, 30.72339654367401], [103.99553624112735, 30.72340556589352], [103.99554146277241, 30.72340560630175], [103.99554136922694, 30.723414628521265], [103.99554659087248, 30.72341466892929], [103.99554654409998, 30.723419180039045], [103.99555176574577, 30.72341922044688], [103.99555167220122, 30.7234282426664], [103.99555689384752, 30.723428283074025], [103.99555680030342, 30.72343730529355], [103.99556202195019, 30.723437345700983], [103.99556197517838, 30.723441856810748], [103.9955671968254, 30.723441897218], [103.99556710328221, 30.72345091943752], [103.99557232492974, 30.72345095984456], [103.99557227815838, 30.723455470954324], [103.99557749980616, 30.723455511361166], [103.99557745303503, 30.723460022470952], [103.99558267468308, 30.723460062877578], [103.99558258114125, 30.723469085097125], [103.99558780278979, 30.723469125503563], [103.9955877560191, 30.72347363661334], [103.9955929776679, 30.723473677019577], [103.99559293089744, 30.72347818812936], [103.99559815254649, 30.723478228535395], [103.99559805900606, 30.723487250754964], [103.99560328065559, 30.7234872911608], [103.9956032338856, 30.723491802270598], [103.99560845553539, 30.723491842676232], [103.99560840876563, 30.723496353786015], [103.99561363041569, 30.723496394191443], [103.9956135368766, 30.723505416411026], [103.99561875852716, 30.723505456816266], [103.99561871175784, 30.723509967926063], [103.99562393340864, 30.723510008331104], [103.99562388663956, 30.7235145194409], [103.99562910829063, 30.723514559845725], [103.99562906152177, 30.72351907095553], [103.99563428317309, 30.72351911136015], [103.99563423640448, 30.723523622469965], [103.99563945805605, 30.723523662874392], [103.99563936451926, 30.72353268509401], [103.99564458617132, 30.72353272549823], [103.99564453940316, 30.72353723660805], [103.99564976105547, 30.723537277012085], [103.99564971428757, 30.72354178812189], [103.99565493594014, 30.723541828525722], [103.99565488917243, 30.723546339635543], [103.99566011082526, 30.72354638003916], [103.99566001729032, 30.723555402258803], [103.99566523894364, 30.72355544266223], [103.99566519217639, 30.723559953772046], [103.99567041382997, 30.723559994175275], [103.99567036706297, 30.72356450528511], [103.99567558871678, 30.723564545688127], [103.99567549518322, 30.72357356790778], [103.99568071683754, 30.723573608310616], [103.995680670071, 30.72357811942045], [103.99568589172557, 30.723578159823063], [103.99568579819292, 30.72358718204274], [103.99569101984798, 30.72358722244518], [103.99569097308189, 30.723591733555015], [103.99569619473722, 30.72359177395723], [103.99569610120548, 30.723600796176914], [103.99570132286131, 30.723600836578946], [103.99570127609564, 30.723605347688782], [103.99570649775173, 30.72360538809061], [103.9957064042209, 30.723614410310308], [103.99571162587748, 30.72361445071193], [103.99571153234707, 30.723623472931628], [103.99571675400415, 30.723623513333063], [103.9957166604742, 30.723632535552753], [103.99572188213178, 30.723632575953996], [103.99572127418924, 30.72369122038179], [103.99571605252852, 30.72369117998046], [103.99571591223311, 30.723704713309843], [103.99571069057167, 30.723704672908287], [103.99571064380625, 30.723709184018066], [103.99570542214458, 30.723709143616286], [103.99570532861327, 30.723718165835844], [103.9957001069511, 30.72371812543383], [103.99570006018519, 30.723722636543588], [103.9956948385228, 30.72372259614137], [103.99569474499044, 30.72373161836086], [103.99568952332758, 30.72373157795841], [103.9956891491958, 30.723767666836203], [103.995683927531, 30.723767626433496], [103.99568388076423, 30.723772137543197], [103.99568910242928, 30.72377217794593], [103.99568900889619, 30.723781200165327], [103.99569423056174, 30.723781240567863], [103.9956941370291, 30.72379026278728], [103.99570458036118, 30.723790343591723], [103.99570453359533, 30.72379485470144], [103.99571497692793, 30.723794935505065], [103.99571493016256, 30.72379944661479], [103.99572015182912, 30.723799487016297], [103.99572005829884, 30.723808509235752], [103.9957252799659, 30.723808549637067], [103.99572523320099, 30.7238130607468], [103.9957304548683, 30.723813101147904], [103.99573040810361, 30.723817612257644], [103.99573562977118, 30.723817652658543], [103.99573558300673, 30.723822163768283], [103.99574602634237, 30.72382224456946], [103.9957459795784, 30.723826755679234], [103.99575642291457, 30.72382683647959], [103.99575637615106, 30.723831347589353], [103.99576159781941, 30.723831387989225], [103.99576155105615, 30.723835899098983], [103.99576677272475, 30.723835939498663], [103.99576672596172, 30.72384045060844], [103.99577716929944, 30.723840531407173], [103.99577712253688, 30.723845042516945], [103.99578234420599, 30.723845082916004], [103.99578229744367, 30.723849594025786], [103.99579274078242, 30.723849674823292], [103.99579269402057, 30.723854185933092], [103.9957979156902, 30.72385422633152], [103.99579786892859, 30.723858737441333], [103.99580831226837, 30.723858818237606], [103.99580826550724, 30.72386332934741], [103.99581348717739, 30.72386336974524], [103.99581344041647, 30.723867880855046], [103.9958238837573, 30.723867961650093], [103.99582383699686, 30.723872472759922], [103.99582905866754, 30.723872513157133], [103.99582901190733, 30.72387702426697], [103.99583423357825, 30.723877064663974], [103.99583418681829, 30.723881575773802], [103.99583940848947, 30.723881616170615], [103.99583936172974, 30.723886127280448], [103.99584458340115, 30.72388616767705], [103.99584453664166, 30.72389067878689], [103.99585497998504, 30.723890759579483], [103.995854933226, 30.723895270689344], [103.99586015489795, 30.723895311085325], [103.99586010813917, 30.72389982219518], [103.99587055148358, 30.723899902986542], [103.99587050472525, 30.723904414096403], [103.9958809480702, 30.723904494886938], [103.99588090131236, 30.723909005996823], [103.99589134465782, 30.72390908678652], [103.99589129790046, 30.723913597896424], [103.99590174124646, 30.723913678685307], [103.99590169448956, 30.72391818979521], [103.99591213783609, 30.72391827058326], [103.99591209107967, 30.723922781693172], [103.99592775610027, 30.72392290287371], [103.99592770934457, 30.723927413983628], [103.99596426106137, 30.7239276967309], [103.99596421430738, 30.723932207840882], [103.99599032267805, 30.72393240979695], [103.99599027592525, 30.723936920906976], [103.99601116262295, 30.723937082468073], [103.99601111587111, 30.723941593578118], [103.99602155922052, 30.72394167435742], [103.99602151246914, 30.723946185467465], [103.99603195581908, 30.723946266245946], [103.9960319090682, 30.723950777356016], [103.99603713074342, 30.723950817744953], [103.99603708399275, 30.72395532885501], [103.99604752734372, 30.723955409632257], [103.99604743384334, 30.723964431852405], [103.99605265551932, 30.72396447224074], [103.99605260876936, 30.72396898335082], [103.99605783044561, 30.723969023738935], [103.99605778369587, 30.72397353484901], [103.99606300537236, 30.723973575236933], [103.99606291187337, 30.723982597457105], [103.99606813355035, 30.723982637844827], [103.99606808680109, 30.72398714895491], [103.99607330847832, 30.723987189342434], [103.99607321498023, 30.723996211562607], [103.99607843665797, 30.723996251949938], [103.99607838990914, 30.72400076306003], [103.99608361158714, 30.724000803447144], [103.99608351808996, 30.72400982566733], [103.99608873976844, 30.724009866054256], [103.9960886462717, 30.724018888274447], [103.99609386795069, 30.72401892866118], [103.99609382120255, 30.724023439771265], [103.9960990428818, 30.7240234801578], [103.99609894938595, 30.724032502377987], [103.99610417106568, 30.724032542764334], [103.99610412431801, 30.72403705387443], [103.996109345998, 30.724037094260567], [103.99610929925053, 30.72404160537066], [103.99611452093079, 30.72404164575659], [103.99611447418356, 30.7240461568667], [103.99611969586405, 30.72404619725242], [103.99611964911706, 30.72405070836254], [103.99613009247857, 30.724050789133365], [103.99613004573206, 30.7240553002435], [103.99613526741307, 30.724055340628603], [103.99613522066679, 30.72405985173873], [103.99614044234805, 30.724059892123634], [103.99614039560201, 30.72406440323377], [103.99614561728353, 30.724064443618467], [103.9961455705377, 30.724068954728608], [103.99615079221948, 30.724068995113115], [103.9961507454739, 30.72407350622325], [103.99615596715593, 30.724073546607553], [103.99615592041057, 30.724078057717694], [103.99616114209286, 30.72407809810179], [103.99616109534774, 30.72408260921193], [103.99616631703027, 30.724082649595825], [103.99616627028539, 30.72408716070598], [103.99617149196818, 30.724087201089667], [103.99617144522351, 30.724091712199826], [103.99617666690656, 30.72409175258331], [103.99617662016213, 30.72409626369347], [103.99618184184544, 30.72409630407675], [103.99618174835705, 30.72410532629708], [103.99618697004084, 30.72410536668017], [103.9961868765529, 30.724114388900496], [103.99619209823719, 30.724114429283382], [103.99619200474967, 30.724123451503715], [103.99619722643448, 30.72412349188641], [103.99619713294742, 30.724132514106742], [103.99620235463269, 30.72413255448924], [103.99620226114607, 30.72414157670957], [103.99620748283185, 30.724141617091878], [103.99620738934567, 30.72415063931221], [103.99621261103196, 30.724150679694315], [103.99621256428911, 30.724155190804485], [103.99621778597563, 30.72415523118639], [103.996217739233, 30.72415974229657], [103.99622296091978, 30.724159782678274], [103.99622286743498, 30.724168804898632], [103.99622808912227, 30.724168845280136], [103.99622799563792, 30.7241778675005], [103.9962332173257, 30.724177907881803], [103.99623317058374, 30.72418241899198], [103.99623839227178, 30.724182459373093], [103.99623829878833, 30.72419148159346], [103.99624352047685, 30.724191521974376], [103.99624347373536, 30.724196033084553], [103.99624869542414, 30.724196073465272], [103.99624864868288, 30.724200584575456], [103.99625387037192, 30.724200624955962], [103.99625377688984, 30.72420964717634], [103.99625899857938, 30.724209687556662], [103.99625885835692, 30.724223220887218], [103.99626408004718, 30.724223261267344], [103.99626393982537, 30.724236794597903], [103.99626916151638, 30.724236834977837], [103.99626897455477, 30.724254879418574], [103.99627419624677, 30.724254919798327], [103.99627410276639, 30.72426394201869], [103.99627932445888, 30.724263982398245], [103.99627923097894, 30.724273004618613], [103.99628445267193, 30.724273044997975], [103.99628440593219, 30.724277556108156], [103.99628962762543, 30.72427759648732], [103.99628958088593, 30.724282107597507], [103.99629480257943, 30.724282147976467], [103.99629475584014, 30.72428665908666], [103.9962999775339, 30.724286699465416], [103.99629993079485, 30.724291210575608], [103.99630515248884, 30.72429125095416], [103.99630510575004, 30.724295762064365], [103.99631032744429, 30.724295802442715], [103.99631028070571, 30.72430031355292], [103.99631550240024, 30.724300353931067], [103.99631545566187, 30.724304865041276], [103.9963311207462, 30.724304986174477], [103.99633107400857, 30.724309497284693], [103.99634151739866, 30.72430957803913], [103.9963414706615, 30.72431408914937], [103.99634669235681, 30.724314129526277], [103.9963466456199, 30.724318640636525], [103.99635186731544, 30.72431868101323], [103.99635182057875, 30.72432319212347], [103.99635704227457, 30.72432323249997], [103.99635699553811, 30.724327743610218], [103.99636221723418, 30.724327783986528], [103.99636217049795, 30.724332295096783], [103.99636739219427, 30.72433233547288], [103.99636734545828, 30.724336846583135], [103.99637256715485, 30.72433688695903], [103.99637242694754, 30.72435042028981], [103.99637764864487, 30.724350460665505], [103.99637750843819, 30.724363993996278], [103.99638273013623, 30.724364034371792], [103.99638254319484, 30.7243820788128], [103.99638776489387, 30.724382119188135], [103.99638757795329, 30.72440016362911], [103.9963927996533, 30.72440020400427], [103.9963926127135, 30.724418248445236], [103.9963978344145, 30.724418288820214], [103.99639769421027, 30.724431822150915], [103.996402915912, 30.724431862525698], [103.9964028691775, 30.724436373635935], [103.99641331258148, 30.724436454384907], [103.99641321911338, 30.724445476605393], [103.99643932762598, 30.72444567847418], [103.99643942109165, 30.72443665625362], [103.9964446427937, 30.724436696626732], [103.99644473625885, 30.724427674406133], [103.99644995796044, 30.724427714779026], [103.99645000469275, 30.724423203668728], [103.9964552263941, 30.724423244041382], [103.99645527312616, 30.724418732931078], [103.99646049482729, 30.724418773303526], [103.99646044809548, 30.724423284413856], [103.99646566979685, 30.724423324786105], [103.99646552960208, 30.724436858117095], [103.9964707513042, 30.72443689848915], [103.99647061111006, 30.724450431820124], [103.9964758328129, 30.724450472191997], [103.99647578608175, 30.72445498330233], [103.99648100778485, 30.724455023674], [103.99648086759204, 30.724468557004975], [103.9964756458882, 30.724468516633273], [103.99647550569456, 30.72448204996421], [103.99647028399002, 30.724482009592283], [103.99647019052705, 30.724491031812875], [103.99646496882201, 30.72449099144072], [103.99646487535853, 30.724500013661277], [103.99645965365302, 30.724499973288903], [103.99645946672494, 30.724518017729956], [103.99646468843143, 30.724518058102355], [103.99646450150415, 30.724536102543386], [103.9964697232116, 30.72453614291561], [103.99646962974839, 30.724545165136128], [103.99647485145636, 30.72454520550815], [103.9964747579936, 30.72455422772866], [103.99647997970204, 30.72455426810049], [103.99647988623973, 30.724563290321004], [103.99648510794867, 30.72456333069264], [103.9964850144868, 30.724572352913153], [103.99649023619624, 30.72457239328459], [103.9964901427348, 30.724581415505114], [103.99649536444475, 30.72458145587635], [103.99649531771426, 30.72458596698662], [103.99650053942446, 30.724586007357654], [103.99650044596393, 30.724595029578182], [103.99650566767463, 30.724595069949036], [103.99650562094459, 30.72459958105929], [103.99651084265554, 30.724599621429938], [103.99651079592573, 30.72460413254021], [103.99607739393247, 30.724600781061604]], [[103.99488901770499, 30.72387877160182], [103.99492034772221, 30.7238790142076], [103.99492039452473, 30.72387450309903], [103.99492561619407, 30.723874543532595], [103.99492566299632, 30.723870032424006], [103.99493088466542, 30.72387007285735], [103.9949311654773, 30.723843006205737], [103.99492594380966, 30.723842965772455], [103.99492608421619, 30.723829432446635], [103.9949208625493, 30.72382939201314], [103.99492090935169, 30.72382488090453], [103.99491568768504, 30.723824840470854], [103.99491573448768, 30.72382032936226], [103.99491051282126, 30.72382028892837], [103.994910606427, 30.723811266711166], [103.99490538476108, 30.72381122627708], [103.99490575918547, 30.723775137408214], [103.99491098084943, 30.723775177842235], [103.99491102765218, 30.723770666733614], [103.9949162493159, 30.72377070716743], [103.9949163429209, 30.72376168495013], [103.99492156458415, 30.72376172538372], [103.99492175179303, 30.723743680949095], [103.99491653013077, 30.72374364051553], [103.99491657693319, 30.72373912940687], [103.99491135527119, 30.723739088973115], [103.99491140207385, 30.723734577864455], [103.9949061804121, 30.7237345374305], [103.994906227215, 30.723730026321846], [103.99489578389199, 30.72372994545331], [103.99489583069536, 30.723725434344665], [103.99489060903412, 30.723725393910094], [103.99489065583774, 30.723720882801455], [103.99488543417674, 30.72372084236668], [103.99488548098059, 30.723716331258053], [103.99488025931986, 30.723716290823067], [103.99488030612393, 30.72371177971444], [103.99487508446344, 30.72371173927926], [103.99487513126775, 30.723707228170632], [103.99486990960752, 30.72370718773524], [103.99486995641206, 30.723702676626623], [103.99486473475207, 30.723702636191028], [103.99486478155686, 30.723698125082414], [103.99484389491802, 30.72369796333799], [103.99484384811227, 30.723702474446572], [103.99483340479243, 30.72370239357308], [103.99483335798618, 30.723706904681645], [103.99481769300577, 30.723706783369817], [103.99481764619878, 30.723711294478374], [103.99481242453842, 30.72371125404067], [103.9948123777312, 30.723715765149194], [103.9948071560706, 30.723715724711283], [103.99480710926312, 30.7237202358198], [103.99480188760229, 30.72372019538166], [103.99480184079455, 30.723724706490177], [103.9947966191335, 30.723724666051815], [103.99479657232548, 30.723729177160322], [103.99478612900292, 30.723729096282963], [103.99478608219442, 30.72373360739145], [103.99477563887142, 30.723733526513247], [103.99477559206242, 30.723738037621708], [103.9947703704007, 30.723737997182276], [103.99477032359144, 30.723742508290737], [103.99476510192949, 30.723742467851093], [103.99476505511998, 30.72374697895954], [103.99475983345779, 30.72374693851967], [103.99475978664803, 30.72375144962812], [103.99474934332318, 30.72375136874775], [103.99474929651294, 30.723755879856164], [103.99474407485029, 30.72375583941566], [103.99474402803978, 30.723760350524056], [103.9947388063769, 30.723760310083343], [103.99473875956615, 30.723764821191754], [103.99473353790302, 30.7237647807508], [103.994733491092, 30.72376929185919], [103.99472826942865, 30.723769251418034], [103.99472817580612, 30.723778273634778], [103.9947229541423, 30.723778233193396], [103.99472239240326, 30.723832366493557], [103.99472761407, 30.723832406935024], [103.99472752044717, 30.723841429151683], [103.99473274211441, 30.72384146959296], [103.99473269530323, 30.72384598070129], [103.99473791697072, 30.723846021142357], [103.99473787015975, 30.723850532250705], [103.99475353516303, 30.723850653572676], [103.99475348835279, 30.723855164681037], [103.99476393168884, 30.723855245561314], [103.99476388487908, 30.72385975666968], [103.99477432821566, 30.72385983754913], [103.99477428140636, 30.72386434865752], [103.99480561141782, 30.72386459129088], [103.99480556460998, 30.723869102399302], [103.99485255963005, 30.72386946633524], [103.99485251282438, 30.723873977443727], [103.99488906450897, 30.723874260493297], [103.99488901770499, 30.72387877160182]], [[103.99542335887207, 30.72371598382705], [103.99545991050346, 30.723716266714575], [103.99546000405763, 30.723707244495714], [103.99545478239646, 30.72370720408385], [103.99545482917377, 30.723702692974424], [103.99544960751285, 30.723702652562352], [103.9954496542904, 30.723698141452925], [103.99543398930842, 30.723698020215505], [103.99543394253016, 30.723702531324907], [103.99542349920841, 30.723702450498898], [103.99542345242965, 30.723706961608286], [103.99541823076855, 30.72370692119495], [103.99541818398953, 30.723711432304327], [103.99542340565087, 30.723711472717657], [103.99542335887207, 30.72371598382705]], [[103.99507483715018, 30.723081679965315], [103.99511661016528, 30.723082003370664], [103.99511665695718, 30.723077492261268], [103.99512187858387, 30.723077532685984], [103.99512192537551, 30.72307302157658], [103.99512714700197, 30.72307306200108], [103.99512719379337, 30.723068550891668], [103.99513241541958, 30.723068591315943], [103.99513246221072, 30.723064080206523], [103.99513768383672, 30.723064120630585], [103.99513777741846, 30.723055098411702], [103.99513255579295, 30.723055057987647], [103.99513260258405, 30.723050546878206], [103.9951273809588, 30.723050506453962], [103.99512742775013, 30.72304599534452], [103.99512220612515, 30.723045954920064], [103.99512225291672, 30.723041443810637], [103.99509092316838, 30.723041201259534], [103.99509087637536, 30.72304571236891], [103.9950752115006, 30.723045591090504], [103.99507516470685, 30.723050102199863], [103.9950699430817, 30.723050061773296], [103.9950697091115, 30.723072617320028], [103.99507493073786, 30.723072657746627], [103.99507483715018, 30.723081679965315]], [[103.99502901240652, 30.72296853838538], [103.9950446772686, 30.7229686596691], [103.99504472406362, 30.722964148559715], [103.99505516730457, 30.722964229414465], [103.99505521409911, 30.722959718305074], [103.99504999247887, 30.722959677877807], [103.99505003927364, 30.722955166768426], [103.99504481765366, 30.72295512634096], [103.99504486444866, 30.722950615231575], [103.99502919958951, 30.72295049394795], [103.99502901240652, 30.72296853838538]]]}, "properties": {"id": "seg_005", "source": "seg", "area_m2": 21417.0, "layout": "垂直式", "coef_m2": 28, "capacity": 765, "cap_min": 637, "cap_max": 956, "cx": 403789.0, "cy": 3399386.4}}, {"type": "Feature", "geometry": {"type": "Polygon", "coordinates": [[[103.99275216799757, 30.721967389456868], [103.99275221489746, 30.721962878349977], [103.99274177177185, 30.72196279731232], [103.99274181867224, 30.72195828620545], [103.99273659710968, 30.721958245686313], [103.99273664401031, 30.721953734579436], [103.992731422448, 30.72195369406011], [103.99273146934885, 30.721949182953242], [103.99272624778682, 30.721949142433704], [103.9927262946879, 30.721944631326842], [103.9927210731261, 30.72194459080711], [103.99272112002743, 30.721940079700232], [103.99271589846589, 30.721940039180296], [103.99271599226897, 30.72193101696658], [103.99271077070793, 30.72193097644644], [103.99271081760969, 30.721926465339582], [103.99270559604892, 30.721926424819237], [103.99270564295091, 30.721921913712386], [103.99270042139038, 30.721921873191835], [103.99270046829261, 30.721917362084987], [103.99269524673234, 30.721917321564252], [103.99269534053725, 30.721908299350552], [103.99269011897748, 30.72190825882961], [103.99269016588016, 30.72190374772276], [103.99268494432064, 30.721903707201623], [103.99268503812645, 30.721894684987937], [103.99267981656743, 30.7218946444666], [103.99267986347057, 30.721890133359757], [103.99267464191179, 30.721890092838212], [103.99267473571852, 30.72188107062454], [103.99266951416026, 30.721881030102804], [103.99266956106383, 30.721876518995966], [103.99266433950582, 30.72187647847403], [103.99266443331346, 30.72186745626035], [103.99265921175594, 30.721867415738224], [103.99265930556402, 30.721858393524556], [103.99265408400699, 30.72185835300223], [103.99265417781552, 30.721849330788558], [103.99264895625899, 30.721849290266032], [103.99264905006795, 30.721840268052375], [103.99264382851193, 30.721840227529643], [103.99264396922604, 30.721826694209152], [103.99263874767072, 30.72182665368624], [103.99263888838549, 30.72181312036574], [103.99263366683093, 30.721813079842633], [103.99263380754631, 30.72179954652212], [103.99262858599249, 30.721799505998845], [103.99262872670849, 30.721785972678326], [103.99262350515541, 30.721785932154855], [103.99262369277758, 30.72176788772748], [103.9926184712255, 30.72176784720383], [103.99261861194275, 30.72175431388328], [103.9926133903914, 30.721754273359437], [103.99261348420333, 30.72174525114574], [103.99260826265245, 30.7217452106217], [103.99260835646484, 30.721736188408006], [103.99260313491446, 30.721736147883774], [103.9926031818209, 30.721731636776937], [103.99259796027077, 30.721731596252496], [103.99259800717743, 30.721727085145645], [103.99259278562756, 30.72172704462101], [103.99259372376319, 30.72163682248367], [103.99259894530817, 30.72163686300816], [103.99259899221461, 30.721632351901253], [103.99260421375938, 30.721632392425526], [103.99260426066554, 30.721627881318618], [103.9926199252992, 30.721628002890174], [103.99261997220462, 30.721623491783227], [103.99263041529326, 30.72162357282986], [103.9926304621982, 30.7216190617229], [103.99264090528642, 30.721619142768688], [103.99264095219087, 30.72161463166171], [103.99264617373474, 30.721614672184277], [103.99264622063893, 30.721610161077287], [103.99265666372624, 30.721610242121788], [103.99265671062992, 30.721605731014773], [103.99266193217335, 30.72160577153669], [103.99266197907679, 30.72160126042968], [103.99266720061998, 30.72160130095139], [103.99266724752316, 30.72159678984437], [103.99267246906612, 30.721596830365854], [103.99267251596905, 30.721592319258818], [103.99267773751177, 30.72159235978009], [103.99267778441444, 30.721587848673035], [103.99268300595695, 30.72158788919409], [103.99268305285936, 30.721583378087043], [103.9926934959439, 30.72158345912851], [103.99269358974774, 30.72157443691435], [103.99269881128954, 30.721574477434753], [103.99269885819119, 30.721569966327667], [103.99270407973276, 30.721570006847852], [103.99270412663418, 30.721565495740744], [103.99270934817551, 30.721565536260712], [103.99270939507666, 30.72156102515361], [103.99271461661776, 30.72156106567336], [103.99271466351867, 30.721556554566238], [103.9927251066004, 30.721556635605108], [103.99272515350081, 30.72155212449796], [103.99273037504146, 30.72155216501707], [103.9927304219416, 30.72154765390992], [103.99274086502244, 30.721547734947496], [103.9927409119221, 30.721543223840325], [103.99274613346229, 30.721543264358793], [103.99274618036169, 30.721538753251608], [103.99275662344162, 30.721538834287887], [103.99275667034053, 30.7215343231807], [103.99276189188026, 30.72153436369852], [103.99276193877891, 30.721529852591313], [103.99277238185793, 30.72152993362631], [103.99277242875608, 30.721525422519093], [103.99278287183466, 30.72152550355323], [103.99278291873232, 30.721520992445992], [103.99279336181046, 30.721521073479273], [103.99279340870761, 30.721516562372013], [103.9928038517853, 30.72151664340445], [103.99280389868197, 30.72151213229717], [103.9928143417592, 30.72151221332875], [103.99281438865538, 30.72150770222146], [103.99281961019378, 30.72150774273693], [103.99281965708968, 30.72150323162962], [103.99283010016602, 30.721503312659912], [103.99283014706144, 30.72149880155259], [103.99283536859937, 30.721498842067408], [103.99283541549454, 30.72149433096008], [103.99284585856996, 30.721494411989074], [103.99284590546465, 30.72148990088173], [103.99285634853962, 30.721489981909887], [103.99285639543379, 30.72148547080251], [103.99286161697106, 30.721485511316253], [103.99286166386497, 30.721481000208886], [103.99287210693905, 30.721481081235744], [103.99287215383247, 30.721476570128345], [103.9928825969061, 30.72147665115435], [103.99288264379902, 30.721472140046924], [103.9928878653356, 30.721472180559616], [103.99288791222828, 30.721467669452185], [103.99289313376464, 30.721467709964653], [103.99289318065705, 30.721463198857208], [103.99289840219318, 30.721463239369456], [103.99289844908535, 30.72145872826201], [103.99290367062122, 30.721458768774045], [103.99290371751313, 30.72145425766659], [103.99291416058446, 30.721454338689995], [103.99291420747588, 30.721449827582532], [103.99291942901132, 30.72144986809391], [103.99291947590248, 30.72144535698643], [103.99292469743769, 30.721445397497593], [103.99292474432859, 30.721440886390106], [103.99292996586355, 30.721440926901053], [103.9929300127542, 30.72143641579354], [103.99294045582369, 30.7214364968148], [103.99294050271385, 30.721431985707273], [103.99294572424837, 30.721432026217585], [103.99294577113827, 30.721427515110044], [103.99295099267256, 30.72142755562014], [103.9929510395622, 30.721423044512594], [103.99296148263032, 30.721423125532123], [103.99296152951946, 30.721418614424564], [103.9929667510533, 30.721418654934], [103.99296679794219, 30.721414143826436], [103.9929772410094, 30.72141422484468], [103.9929772878978, 30.721409713737096], [103.99298773096457, 30.721409794754482], [103.99298777785246, 30.721405283646877], [103.99301910705157, 30.721405526693957], [103.99301915393801, 30.7214010155863], [103.99302959700397, 30.721401096600292], [103.99302955011801, 30.721405607707972], [103.99304521471777, 30.721405729227413], [103.99304516783253, 30.721410240335096], [103.99305038936606, 30.721410280841166], [103.99305034248106, 30.721414791948863], [103.99305556401482, 30.72141483245473], [103.99305542336049, 30.72142836577779], [103.993060644895, 30.721428406283472], [103.9930605042413, 30.72144193960654], [103.99305528270607, 30.721441899100846], [103.99305509516668, 30.721459943531517], [103.99304987363048, 30.721459903025583], [103.99304977986026, 30.721468925240877], [103.99304455832359, 30.72146888473472], [103.9930444176674, 30.721482418057633], [103.99303919613003, 30.72148237755124], [103.99303905547303, 30.7214959108741], [103.99303383393492, 30.721495870367477], [103.99303364639114, 30.72151391479788], [103.99302842485208, 30.721513874291023], [103.9930282841934, 30.721527407613774], [103.9930230626536, 30.721527367106667], [103.99302240624182, 30.721590522612367], [103.99302762778501, 30.721590563119566], [103.9930274871258, 30.721604096442164], [103.99303270866973, 30.721604136949168], [103.99303219292115, 30.72165375913183], [103.99303741446776, 30.72165379963871], [103.99303732069565, 30.721662821853705], [103.99304254224276, 30.721662862360386], [103.99304244847109, 30.7216718845754], [103.9930476700187, 30.721671925081882], [103.99304762313308, 30.721676436189387], [103.99305284468095, 30.721676476695674], [103.99305279779557, 30.72168098780317], [103.99305801934369, 30.721681028309256], [103.99305797245854, 30.721685539416768], [103.99306319400691, 30.721685579922653], [103.993063147122, 30.721690091030172], [103.99306836867062, 30.721690131535848], [103.99306832178594, 30.721694642643367], [103.99307354333482, 30.721694683148844], [103.99307344956591, 30.72170370536389], [103.99307867111528, 30.721703745869164], [103.99307862423106, 30.72170825697669], [103.99308384578067, 30.721708297481758], [103.99308379889669, 30.72171280858929], [103.99308902044658, 30.721712849094164], [103.99308892667904, 30.721721871309235], [103.99309414822942, 30.721721911813905], [103.99309400757876, 30.721735445136503], [103.99308878602766, 30.721735404631797], [103.99308864537618, 30.721748937954334], [103.99308342382436, 30.721748897449405], [103.99308328317206, 30.7217624307719], [103.99307806161951, 30.721762390266736], [103.99307796785077, 30.7217714124817], [103.99307274629774, 30.721771371976317], [103.99307269941312, 30.72177588308378], [103.99306747785987, 30.721775842578182], [103.99306743097497, 30.72178035368563], [103.9930622094215, 30.72178031317981], [103.99306216253636, 30.721784824287262], [103.99305694098264, 30.721784783781217], [103.99305689409725, 30.72178929488867], [103.99305167254332, 30.721789254382408], [103.99305162565766, 30.72179376548983], [103.9930411825493, 30.721793684476683], [103.99304113566318, 30.72179819558409], [103.99303591410877, 30.721798155077188], [103.99303586722236, 30.72180266618458], [103.99303064566773, 30.72180262567747], [103.99303059878109, 30.72180713678486], [103.99302537722622, 30.721807096277526], [103.99302533033931, 30.721811607384907], [103.99301488722912, 30.72181152636959], [103.99301479345432, 30.72182054858431], [103.99300957189875, 30.72182050807632], [103.99300952501109, 30.72182501918367], [103.9930043034553, 30.721824978675468], [103.99300425656739, 30.721829489782802], [103.99299903501135, 30.721829449274388], [103.99299898812318, 30.721833960381705], [103.99299376656691, 30.721833919873074], [103.9929937196785, 30.721838430980387], [103.992988498122, 30.721838390471532], [103.99298845123333, 30.72184290157883], [103.9929832296766, 30.72184286106977], [103.99298318278765, 30.721847372177056], [103.99297796123071, 30.721847331667774], [103.99297791434152, 30.721851842775052], [103.99296747122713, 30.721851761755826], [103.99296742433746, 30.721856272863107], [103.99296220278005, 30.721856232353172], [103.99296215589011, 30.721860743460425], [103.99295693433247, 30.721860702950277], [103.99295688744228, 30.72186521405753], [103.99295166588439, 30.721865173547155], [103.99295161899396, 30.721869684654397], [103.99294639743584, 30.721869644143805], [103.99294635054515, 30.721874155251033], [103.99293590742847, 30.721874074229213], [103.99293586053729, 30.72187858533642], [103.99293063897872, 30.721878544825195], [103.99293059208726, 30.721883055932395], [103.99292537052847, 30.721883015420946], [103.99292532363677, 30.72188752652813], [103.99292010207775, 30.72188748601646], [103.99292005518578, 30.721891997123645], [103.99291483362653, 30.721891956611756], [103.99291478673432, 30.72189646771894], [103.99290434361534, 30.721896386694524], [103.99290429672264, 30.721900897801667], [103.99289907516291, 30.721900857289143], [103.99289902826996, 30.721905368396275], [103.99288858515007, 30.72190528737059], [103.99288853825662, 30.721909798477714], [103.99287809513628, 30.721909717451155], [103.99287804824232, 30.721914228558262], [103.99287282668193, 30.721914188044654], [103.99287277978773, 30.721918699151754], [103.9928675582271, 30.721918658637932], [103.99286751133265, 30.721923169745015], [103.9928622897718, 30.721923129230987], [103.99286224287708, 30.721927640338063], [103.99285702131598, 30.721927599823807], [103.99285697442102, 30.72193211093087], [103.99285175285969, 30.721932070416408], [103.99285170596448, 30.72193658152345], [103.99284648440292, 30.721936541008777], [103.99284639061197, 30.72194556322285], [103.99284116904994, 30.721945522707937], [103.9928411221542, 30.72195003381497], [103.99283590059194, 30.721949993299848], [103.99283585369595, 30.72195450440686], [103.99283063213345, 30.721954463891517], [103.99283058523721, 30.721958974998525], [103.99282536367448, 30.721958934482966], [103.99282531677798, 30.721963445589953], [103.99281487365208, 30.7219633645582], [103.99281482675508, 30.721967875665175], [103.99275216799757, 30.721967389456868]]]}, "properties": {"id": "seg_006", "source": "seg", "area_m2": 1838.2, "layout": "垂直式", "coef_m2": 28, "capacity": 66, "cap_min": 55, "cap_max": 82, "cx": 403568.8, "cy": 3399191.4}}, {"type": "Feature", "geometry": {"type": "Polygon", "coordinates": [[[104.00449722131295, 30.72138127625294], [104.00449726766495, 30.721376765129424], [104.00449204611495, 30.72137672508383], [104.00449209246717, 30.721372213960294], [104.00448687091743, 30.72137217391449], [104.0044869172699, 30.721367662790964], [104.00447647417091, 30.721367582698726], [104.00447652052387, 30.721363071575226], [104.00446607742539, 30.721362991482163], [104.00446612377883, 30.72135848035867], [104.00446090222985, 30.72135844031183], [104.00446094858351, 30.721353929188343], [104.00445050548608, 30.721353849094044], [104.00445055184021, 30.72134933797056], [104.00444533029174, 30.721349297923112], [104.00444537664612, 30.72134478679963], [104.00444015509791, 30.721344746751978], [104.00444020145251, 30.72134023562851], [104.00442975835662, 30.72134015553258], [104.00442980471169, 30.721335644409113], [104.00442458316402, 30.721335604360842], [104.00442462951932, 30.72133109323739], [104.00441418642447, 30.721331013140226], [104.00441423278025, 30.72132650201678], [104.00440378968592, 30.72132642191879], [104.00440383604219, 30.72132191079536], [104.00439861449529, 30.721321870746063], [104.00439866085176, 30.72131735962262], [104.00438299621186, 30.72131723947348], [104.00438304256906, 30.72131272835007], [104.00437259947631, 30.7213126482496], [104.004372645834, 30.721308137126204], [104.0043569811957, 30.721308016973943], [104.00435702755411, 30.72130350585057], [104.00434136291663, 30.72130338569644], [104.00434140927574, 30.721298874573083], [104.00432052309357, 30.721298714364675], [104.00432056945364, 30.721294203241335], [104.0043101263631, 30.721294123135888], [104.00431017272365, 30.721289612012566], [104.00429972963364, 30.721289531906294], [104.00429977599467, 30.721285020782975], [104.00428933290517, 30.721284940675865], [104.00428937926668, 30.72128042955256], [104.00427893617774, 30.721280349444637], [104.00427898253972, 30.721275838321354], [104.00426853945129, 30.721275758212595], [104.00426858581375, 30.721271247089316], [104.00426336426979, 30.721271207034636], [104.00426341063248, 30.72126669591136], [104.00425296754507, 30.721266615801373], [104.00425301390825, 30.72126210467811], [104.0042477923648, 30.721262064622803], [104.0042478387282, 30.721257553499544], [104.00424261718501, 30.721257513444048], [104.00424266354865, 30.721253002320783], [104.00423744200572, 30.72125296226508], [104.00423748836958, 30.721248451141832], [104.0042322668269, 30.72124841108592], [104.004232313191, 30.721243899962662], [104.00422709164857, 30.721243859906558], [104.00422718437723, 30.721234837660063], [104.00422196283529, 30.72123479760375], [104.00422200919985, 30.721230286480512], [104.00421678765817, 30.72123024642401], [104.00421683402296, 30.72122573530076], [104.00421161248153, 30.721225695244044], [104.00421165884654, 30.721221184120814], [104.00420643730538, 30.72122114406389], [104.00420648367064, 30.721216632940656], [104.00420126212971, 30.721216592883536], [104.00420135486067, 30.72120757063708], [104.00419613332025, 30.72120753057976], [104.00419617968595, 30.721203019456535], [104.0041909581458, 30.721202979399017], [104.00419100451174, 30.721198468275798], [104.00418578297182, 30.72119842821807], [104.00418582933798, 30.721193917094848], [104.00418060779833, 30.72119387703693], [104.00418070053112, 30.721184854790494], [104.00417547899195, 30.72118481473237], [104.0041755717252, 30.721175792485933], [104.00417035018653, 30.72117575242762], [104.00417062838746, 30.721148685688284], [104.00417584992466, 30.721148725746556], [104.00417594265774, 30.72113970350006], [104.00418116419446, 30.721139743558112], [104.00418121056074, 30.721135232434854], [104.00418643209724, 30.72113527249269], [104.00418647846327, 30.721130761369416], [104.00419169999952, 30.721130801427027], [104.0041917463653, 30.721126290303758], [104.00419696790134, 30.721126330361145], [104.00419701426685, 30.72112181923786], [104.00420223580265, 30.721121859295042], [104.00420228216791, 30.721117348171738], [104.00420750370348, 30.721117388228702], [104.0042075500685, 30.721112877105398], [104.00421277160383, 30.721112917162145], [104.00421281796858, 30.721108406038816], [104.00421803950368, 30.721108446095354], [104.00421808586819, 30.721103934972017], [104.00422330740307, 30.721103975028324], [104.00422335376732, 30.72109946390499], [104.00422857530194, 30.72109950396109], [104.00422862166594, 30.72109499283774], [104.00423384320035, 30.721095032893615], [104.0042338895641, 30.72109052177025], [104.00423911109826, 30.721090561825903], [104.00423920382524, 30.721081539579163], [104.00424442535893, 30.7210815796346], [104.00424447172216, 30.721077068511217], [104.00424969325562, 30.721077108566426], [104.00424978598154, 30.721068086319633], [104.00425500751454, 30.72106812637463], [104.00425505387724, 30.721063615251232], [104.00426027541002, 30.721063655306], [104.00426032177246, 30.72105914418259], [104.00426554330498, 30.72105918423714], [104.00426558966718, 30.721054673113713], [104.00427081119948, 30.72105471316806], [104.00427085756142, 30.721050202044612], [104.00427607909349, 30.721050242098734], [104.00427612545518, 30.721045730975295], [104.004281346987, 30.721045771029203], [104.00428143970989, 30.721036748782275], [104.00428666124122, 30.72103678883596], [104.00428670760239, 30.721032277712485], [104.00429192913352, 30.721032317765957], [104.00429202185535, 30.721023295518997], [104.00429724338599, 30.72102333557223], [104.00429728974666, 30.721018824448723], [104.00430251127706, 30.72101886450176], [104.00430255763747, 30.72101435337825], [104.00430777916765, 30.72101439343105], [104.00430787188793, 30.721005371184027], [104.00431309341765, 30.721005411236607], [104.00431313977752, 30.72100090011307], [104.004318361307, 30.72100094016544], [104.00431845402626, 30.72099191791835], [104.00432367555524, 30.720991957970497], [104.00432372191462, 30.720987446846934], [104.00432894344338, 30.720987486898867], [104.0043289898025, 30.720982975775303], [104.00433421133103, 30.720983015827002], [104.00433430404874, 30.72097399357986], [104.0043395255768, 30.720974033631343], [104.004339618294, 30.72096501138415], [104.00434483982157, 30.72096505143541], [104.00434488617991, 30.720960540311818], [104.00435010770725, 30.720960580362856], [104.0043502004234, 30.720951558115623], [104.00435542195027, 30.720951598166447], [104.00435546830809, 30.72094708704282], [104.00436068983473, 30.72094712709342], [104.00436078254984, 30.720938104846145], [104.004366004076, 30.72093814489653], [104.0043660504333, 30.72093363377287], [104.00437127195923, 30.720933673823026], [104.00437131831629, 30.720929162699367], [104.00437653984197, 30.720929202749307], [104.00437658619876, 30.72092469162564], [104.00438180772424, 30.720924731675357], [104.00438185408078, 30.72092022055168], [104.004387075606, 30.720920260601194], [104.0043871219623, 30.72091574947749], [104.00439756501231, 30.72091582957587], [104.00439761136809, 30.720911318452153], [104.00440805441765, 30.720911398549678], [104.00440810077295, 30.720906887425947], [104.00441854382207, 30.720906967522616], [104.00441859017687, 30.720902456398875], [104.00442903322555, 30.72090253649468], [104.00442907957985, 30.720898025370914], [104.00443952262808, 30.720898105465864], [104.00443956898188, 30.720893594342098], [104.00445001202966, 30.720893674436187], [104.00445005838299, 30.720889163312393], [104.00445527990664, 30.72088920335913], [104.0044553262597, 30.720884692235316], [104.00446054778313, 30.720884732281828], [104.00446059413594, 30.72088022115801], [104.00446581565913, 30.720880261204304], [104.00446586201168, 30.720875750080467], [104.00447108353465, 30.720875790126552], [104.00447112988695, 30.720871279002722], [104.00447635140968, 30.720871319048577], [104.00447639776172, 30.720866807924722], [104.00448161928422, 30.720866847970367], [104.004481665636, 30.7208623368465], [104.00448688715828, 30.720862376891933], [104.00448693350982, 30.720857865768068], [104.00449215503184, 30.720857905813272], [104.0044922477344, 30.720848883565512], [104.00449746925597, 30.720848923610497], [104.00449751560697, 30.720844412486603], [104.00450273712832, 30.72084445253137], [104.00450282982983, 30.720835430283564], [104.00450805135067, 30.720835470328115], [104.00450809770118, 30.72083095920419], [104.00451331922179, 30.720830999248513], [104.00451336557204, 30.720826488124587], [104.00451858709243, 30.7208265281687], [104.0045186797924, 30.720817505920824], [104.00452390131233, 30.720817545964707], [104.00452394766205, 30.72081303484075], [104.00452916918174, 30.72081307488442], [104.0045292155312, 30.720808563760453], [104.00453443705065, 30.7208086038039], [104.00453448339987, 30.720804092679927], [104.00453970491908, 30.720804132723163], [104.00453975126806, 30.72079962159919], [104.00454497278703, 30.720799661642193], [104.00454501913576, 30.720795150518203], [104.0045502406545, 30.720795190561], [104.00455028700297, 30.72079067943701], [104.00455550852149, 30.72079071947958], [104.00455555486968, 30.720786208355573], [104.00456599790627, 30.72078628844009], [104.00456604425398, 30.720781777316063], [104.0045817088082, 30.720781897441245], [104.00458175515519, 30.720777386317177], [104.00459219819089, 30.72077746639957], [104.00458598766879, 30.721381956996304], [104.00449722131295, 30.72138127625294]]]}, "properties": {"id": "seg_007", "source": "seg", "area_m2": 1619.8, "layout": "垂直式", "coef_m2": 28, "capacity": 58, "cap_min": 48, "cap_max": 72, "cx": 404677.8, "cy": 3399114.4}}, {"type": "Feature", "geometry": {"type": "Polygon", "coordinates": [[[103.98631855477959, 30.72048265952485], [103.98632015946008, 30.720329282158527], [103.98632538092451, 30.720329322933804], [103.98632547531662, 30.720320300735654], [103.98633069678056, 30.7203203415107], [103.98633074397634, 30.72031583041162], [103.98633596544005, 30.720315871186454], [103.98633601263559, 30.720311360087358], [103.98634123409907, 30.720311400861977], [103.98634132848963, 30.720302378663753], [103.98634654995263, 30.720302419438152], [103.98634664434266, 30.7202933972399], [103.98635186580518, 30.720293438014075], [103.98635191299994, 30.72028892691494], [103.98635713446222, 30.720288967688894], [103.98635718165674, 30.720284456589745], [103.98636240311879, 30.720284497363476], [103.98636249750729, 30.720275475165167], [103.98636771896886, 30.720275515938674], [103.98636776616286, 30.7202710048395], [103.98637298762421, 30.720271045612794], [103.98637303481793, 30.720266534513613], [103.98637825627905, 30.720266575286683], [103.986378350666, 30.720257553088302], [103.98638357212664, 30.720257593861156], [103.98638361931987, 30.720253082761957], [103.98638884078028, 30.720253123534583], [103.98638888797323, 30.72024861243537], [103.98639410943342, 30.720248653207783], [103.98639415662612, 30.720244142108573], [103.98639937808606, 30.720244182880762], [103.98639947247096, 30.72023516068229], [103.98640469393042, 30.72023520145426], [103.98640474112263, 30.720230690355013], [103.98640996258186, 30.720230731126772], [103.98641000977379, 30.72022622002751], [103.98641523123281, 30.72022626079905], [103.98641527842449, 30.720221749699785], [103.98642049988327, 30.720221790471104], [103.98642054707469, 30.720217279371827], [103.98642576853324, 30.720217320142925], [103.98642581572442, 30.720212809043645], [103.98643103718271, 30.720212849814526], [103.98643108437363, 30.720208338715224], [103.9864415272898, 30.720208420256366], [103.98644157448022, 30.720203909157032], [103.98644679593808, 30.720203949927285], [103.98644684312825, 30.72019943882795], [103.98645206458588, 30.720199479597973], [103.98645211177579, 30.72019496849864], [103.98645733323319, 30.720195009268448], [103.98645738042286, 30.720190498169107], [103.98646260188, 30.72019053893869], [103.98646264906942, 30.720186027839326], [103.98646787052634, 30.720186068608694], [103.9864679177155, 30.720181557509328], [103.9864731391722, 30.72018159827848], [103.9864731863611, 30.72017708717911], [103.98648362927403, 30.720177168716777], [103.98648367646244, 30.72017265761738], [103.98648889791868, 30.720172698385895], [103.98648894510684, 30.720168187286472], [103.98649938801886, 30.72016826882286], [103.98649943520651, 30.720163757723434], [103.9865046566623, 30.7201637984913], [103.9865047038497, 30.720159287391866], [103.98650992530526, 30.72015932815952], [103.98650997249241, 30.72015481706006], [103.98651519394772, 30.720154857827502], [103.98651524113463, 30.72015034672804], [103.98652046258971, 30.720150387495252], [103.98652050977635, 30.72014587639579], [103.98652573123121, 30.720145917162785], [103.9865257784176, 30.720141406063313], [103.98653099987223, 30.72014144683009], [103.98653104705835, 30.7201369357306], [103.98653626851274, 30.72013697649717], [103.98653631569863, 30.720132465397658], [103.98654153715277, 30.72013250616401], [103.98654158433841, 30.720127995064498], [103.98654680579233, 30.72012803583063], [103.98654685297771, 30.72012352473111], [103.9865520744314, 30.720123565497026], [103.98655216880162, 30.720114543297953], [103.98655739025486, 30.720114584063637], [103.9865574374397, 30.7201100729641], [103.9865626588927, 30.720110113729568], [103.9865627060773, 30.720105602630014], [103.98656792753005, 30.720105643395264], [103.9865679747144, 30.720101132295696], [103.98657319616693, 30.720101173060733], [103.98657324335102, 30.720096661961158], [103.98658368625561, 30.720096743490586], [103.9865837334392, 30.720092232390986], [103.98659417634335, 30.720092313919555], [103.98659422352644, 30.720087802819943], [103.98662033078581, 30.72008800663768], [103.98662037796767, 30.720083495538017], [103.98663604232267, 30.72008361782612], [103.98663599514154, 30.72008812892579], [103.9866673238533, 30.72008837349636], [103.9866672766736, 30.720092884596077], [103.9866933839349, 30.720093088399143], [103.98669333675642, 30.720097599498903], [103.98670900111405, 30.72009772177824], [103.98670895393629, 30.720102232878013], [103.98672461829476, 30.720102355155486], [103.9867245711177, 30.72010686625527], [103.98673501402389, 30.720106947772564], [103.98673496684731, 30.72011145887235], [103.98674018830066, 30.72011149963068], [103.9867401411243, 30.72011601073049], [103.98674536257792, 30.720116051488617], [103.9867453154018, 30.72012056258842], [103.98675053685565, 30.720120603346352], [103.98675048967976, 30.720125114446162], [103.98675571113388, 30.72012515520388], [103.98675566395823, 30.720129666303706], [103.98676088541261, 30.720129707061215], [103.98676079106176, 30.72013872926085], [103.98676601251663, 30.720138770018174], [103.98676596534142, 30.720143281118], [103.98677118679653, 30.720143321875135], [103.9867710924466, 30.72015234407475], [103.98677631390221, 30.720152384831685], [103.98677617237796, 30.720165918131155], [103.98678139383429, 30.72016595888789], [103.98678120513611, 30.720184003287148], [103.98678642659344, 30.72018404404371], [103.98678623789606, 30.72020208844295], [103.9867914593544, 30.72020212919933], [103.98679136500611, 30.720211151398956], [103.98679658646492, 30.720211192155137], [103.9867964921171, 30.720220214354743], [103.9868017135764, 30.720220255110743], [103.98680166640273, 30.720224766210546], [103.98680688786229, 30.72022480696634], [103.98680684068883, 30.720229318066153], [103.98681206214864, 30.720229358821737], [103.9868119678022, 30.720238381021364], [103.98681718926251, 30.72023842177675], [103.98681704774347, 30.72025195507621], [103.98682226920452, 30.720251995831408], [103.9868220805133, 30.720270040230655], [103.98682730197534, 30.720270080985678], [103.98682588679306, 30.720405413978657], [103.98681544385441, 30.720405332467976], [103.98681539668101, 30.72040984356769], [103.98681017521146, 30.720409802812018], [103.98681012803782, 30.720414313911707], [103.98678924215875, 30.72041415088693], [103.98678919498413, 30.720418661986596], [103.98677875204417, 30.720418580472916], [103.98677870486905, 30.720423091572567], [103.98676304045847, 30.72042296930047], [103.9867629932826, 30.720427480400076], [103.98674732887139, 30.720427358126074], [103.98674728169478, 30.720431869225663], [103.98674206022416, 30.720431828467234], [103.98674201304729, 30.720436339566824], [103.98673157010559, 30.720436258049315], [103.98673152292824, 30.720440769148883], [103.98670541557294, 30.720440565351407], [103.98670536839435, 30.72044507645093], [103.98667926103812, 30.72044487264818], [103.98667930821792, 30.720440361548697], [103.98666886527597, 30.720440280026136], [103.98666891245625, 30.720435768926663], [103.98666369098554, 30.720435728165068], [103.98666373816604, 30.720431217065595], [103.98665851669558, 30.720431176303812], [103.98665861105705, 30.720422154104877], [103.9866533895871, 30.720422113342888], [103.98665376703447, 30.72038602454707], [103.98665898850248, 30.720386065308993], [103.98665908286374, 30.72037704310998], [103.98666430433128, 30.720377083871686], [103.98666435151165, 30.72037257277216], [103.98666957297895, 30.72037261353366], [103.98666971451927, 30.720359080235074], [103.98667493598585, 30.720359120996328], [103.98667503034551, 30.720350098797248], [103.98668025181162, 30.72035013955828], [103.98668029899119, 30.72034562845872], [103.98668552045707, 30.72034566921953], [103.9866855676364, 30.720341158119965], [103.98669078910206, 30.72034119888055], [103.98669102499728, 30.720318643382647], [103.9866701391396, 30.720318480339163], [103.98667009195961, 30.720322991438717], [103.98665964903036, 30.720322909915694], [103.98665955466936, 30.720331932114775], [103.98665433320426, 30.720331891352938], [103.9866542860235, 30.720336402452467], [103.98664906455818, 30.720336361690403], [103.98664901737716, 30.720340872789922], [103.9866437959116, 30.72034083202766], [103.98664365436777, 30.720354365326173], [103.98663843290149, 30.720354324563658], [103.98663824417527, 30.720372368961595], [103.98663302270803, 30.72037232819886], [103.98663288116252, 30.72038586149726], [103.98662765969456, 30.720385820734286], [103.98662761251246, 30.72039033183374], [103.98662239104426, 30.720390291070547], [103.98662234386191, 30.720394802169984], [103.98661712239348, 30.720394761406578], [103.98661702802826, 30.720403783605434], [103.98661180655935, 30.720403742841803], [103.98661171219359, 30.720412765040635], [103.98660126925486, 30.720412683512706], [103.9866011748881, 30.720421705711498], [103.98659595341826, 30.720421664947207], [103.98659590623461, 30.72042617604659], [103.98659068476454, 30.72042613528208], [103.98659063758065, 30.72043064638145], [103.98658541611033, 30.720430605616713], [103.98658536892617, 30.72043511671609], [103.98658014745564, 30.720435075951137], [103.98658010027124, 30.72043958705049], [103.98657487880047, 30.720439546285334], [103.98657478443114, 30.720448568484013], [103.9865695629599, 30.72044852771862], [103.98656946859005, 30.720457549917278], [103.98656424711832, 30.720457509151665], [103.98656419993314, 30.720462020250977], [103.98655897846119, 30.720461979485147], [103.98655883690482, 30.72047551278305], [103.98655361543216, 30.72047547201699], [103.98655352106071, 30.720484494215555], [103.98631855477959, 30.72048265952485]]]}, "properties": {"id": "seg_008", "source": "seg", "area_m2": 1520.0, "layout": "垂直式", "coef_m2": 28, "capacity": 54, "cap_min": 45, "cap_max": 68, "cx": 402970.5, "cy": 3399041.2}}, {"type": "Feature", "geometry": {"type": "Polygon", "coordinates": [[[103.99328405565193, 30.720532356282238], [103.99328419626931, 30.72051882295634], [103.99327897478346, 30.720518782460736], [103.99327911540149, 30.720505249134835], [103.99327389391638, 30.72050520863903], [103.99327398766216, 30.72049618642177], [103.99326876617755, 30.720496145925765], [103.99326881305066, 30.720491634817144], [103.9932635915663, 30.72049159432094], [103.99326363843966, 30.720487083212312], [103.99325841695554, 30.720487042715913], [103.99325846382914, 30.72048253160729], [103.99325324234528, 30.720482491110676], [103.9932532892191, 30.720477980002062], [103.99324806773548, 30.720477939505262], [103.99324811460954, 30.720473428396648], [103.9932428931262, 30.720473387899638], [103.99324294000047, 30.72046887679103], [103.99323771851738, 30.72046883629381], [103.9932378122664, 30.720459814076595], [103.99323259078379, 30.72045977357919], [103.99323263765854, 30.72045526247059], [103.99322741617618, 30.72045522197298], [103.99322750992611, 30.72044619975576], [103.99322228844427, 30.72044615925796], [103.99322233531946, 30.72044164814936], [103.99321711383787, 30.72044160765135], [103.9932172075887, 30.720432585434153], [103.9932119861076, 30.720432544935942], [103.99321207985888, 30.720423522718747], [103.99320685837827, 30.720423482220344], [103.99320699900585, 30.720409948894545], [103.99320177752598, 30.720409908395965], [103.99320187127813, 30.720400886178762], [103.99319664979878, 30.720400845679983], [103.99319674355135, 30.720391823462773], [103.99319152207248, 30.720391782963805], [103.99319166270202, 30.720378249638], [103.9931864412239, 30.720378209138826], [103.99318648810063, 30.720373698030226], [103.99318126662274, 30.720373657530875], [103.99318136037667, 30.720364635313672], [103.9931761388993, 30.72036459481411], [103.99317623265365, 30.720355572596908], [103.99317101117677, 30.720355532097155], [103.99317105805419, 30.720351020988563], [103.99316583657755, 30.7203509804886], [103.99316593033284, 30.720341958271415], [103.99316070885669, 30.72034191777125], [103.99316075573456, 30.72033740666267], [103.99315553425868, 30.720337366162312], [103.99315562801486, 30.720328343945134], [103.99315040653947, 30.72032830344458], [103.9931504534178, 30.720323792336], [103.99314523194266, 30.720323751835235], [103.99314532569976, 30.720314729618067], [103.99314010422513, 30.720314689117117], [103.9931401511039, 30.720310178008535], [103.99313492962952, 30.720310137507383], [103.99313497650853, 30.7203056263988], [103.99312975503439, 30.720305585897442], [103.99312980191364, 30.72030107478888], [103.99312458043975, 30.720301034287314], [103.9931246741987, 30.720292012070168], [103.99311423125195, 30.720291931066452], [103.9931142781319, 30.720287419957884], [103.99310905665878, 30.72028737945572], [103.99310910353894, 30.720282868347162], [103.9931038820661, 30.72028282784479], [103.99310392894648, 30.720278316736234], [103.99309870747389, 30.720278276233664], [103.99309875435452, 30.720273765125114], [103.99309353288217, 30.720273724622334], [103.99309357976303, 30.720269213513795], [103.99308835829093, 30.720269173010813], [103.99308840517203, 30.72026466190227], [103.9930831837002, 30.72026462139908], [103.99308323058152, 30.720260110290557], [103.99307278763835, 30.720260029283573], [103.99307283452016, 30.72025551817504], [103.99306761304884, 30.720255477671238], [103.99306765993087, 30.720250966562723], [103.9930624384598, 30.720250926058718], [103.99306248534208, 30.7202464149502], [103.99305204240045, 30.720246333941585], [103.9930520892832, 30.720241822833078], [103.99304686781264, 30.72024178232846], [103.99304691469561, 30.720237271219954], [103.99304169322531, 30.72023723071514], [103.99304174010854, 30.720232719606642], [103.99303651863848, 30.720232679101628], [103.99303656552192, 30.72022816799312], [103.99302612258235, 30.720228086982466], [103.99302616946626, 30.72022357587398], [103.99302094799674, 30.720223535368337], [103.9930209948809, 30.720219024259862], [103.99301577341161, 30.720218983754016], [103.993015820296, 30.720214472645544], [103.99301059882697, 30.7202144321395], [103.99301064571158, 30.720209921031046], [103.99300020277406, 30.720209840018335], [103.99300029654422, 30.720200817801413], [103.99299507507597, 30.72020077729476], [103.99299512196129, 30.7201962661863], [103.99298467902528, 30.72019618517238], [103.99298481968262, 30.720182651847033], [103.99299004114988, 30.720182692354083], [103.99299018180638, 30.72016915902868], [103.99299540327293, 30.720169199535494], [103.9929954970434, 30.720160177318533], [103.99300071850946, 30.72016021782512], [103.9930008122794, 30.720151195608125], [103.993006033745, 30.720151236114486], [103.99300608062971, 30.720146725005986], [103.99301130209508, 30.72014676551213], [103.99301134897954, 30.720142254403612], [103.99301657044467, 30.720142294909532], [103.99301661732886, 30.720137783801015], [103.99302183879377, 30.72013782430673], [103.99302188567772, 30.720133313198183], [103.99302710714238, 30.72013335370368], [103.99302715402608, 30.720128842595123], [103.99303237549051, 30.720128883100404], [103.99303242237396, 30.720124371991847], [103.99303764383816, 30.720124412496904], [103.99303769072135, 30.72011990138834], [103.99304291218532, 30.72011994189318], [103.99304295906825, 30.7201154307846], [103.99304818053199, 30.72011547128922], [103.99304822741468, 30.720110960180637], [103.99305344887817, 30.720111000685044], [103.99305349576059, 30.720106489576445], [103.99305871722387, 30.720106530080635], [103.99305876410605, 30.72010201897202], [103.99306398556908, 30.720102059475998], [103.993064032451, 30.720097548367377], [103.99306925391382, 30.72009758887113], [103.99306930079548, 30.7200930777625], [103.99307974372064, 30.720093158769366], [103.99307979060183, 30.72008864766072], [103.99308501206417, 30.720088688163834], [103.99308505894508, 30.720084177055174], [103.9930902804072, 30.720084217558068], [103.99309032728787, 30.72007970644939], [103.99309554874975, 30.720079746952077], [103.99309559563017, 30.720075235843392], [103.99310081709183, 30.720075276345852], [103.99310086397197, 30.72007076523717], [103.99311130689483, 30.720070846241445], [103.99311135377451, 30.720066335132735], [103.99311657523569, 30.720066375634556], [103.99311662211511, 30.720061864525828], [103.99312184357608, 30.720061905027425], [103.99312189045521, 30.7200573939187], [103.9931323333767, 30.72005747492125], [103.99313238025536, 30.72005296381251], [103.99313760171587, 30.720053004313467], [103.99313764859427, 30.7200484932047], [103.99314287005457, 30.720048533705445], [103.99314291693271, 30.72004402259667], [103.99314813839277, 30.7200440630972], [103.99314818527066, 30.720039551988414], [103.99315340673047, 30.720039592488718], [103.99315345360812, 30.72003508137994], [103.9931586750677, 30.72003512188002], [103.9931587219451, 30.720030610771218], [103.99316394340444, 30.72003065127109], [103.99316399028157, 30.72002614016228], [103.99317443319983, 30.720026221161376], [103.99317448007648, 30.720021710052546], [103.99318492299427, 30.720021791050783], [103.99318496987043, 30.720017279941935], [103.9932058557052, 30.720017441935873], [103.99320580883003, 30.720021953044736], [103.99321625174795, 30.72002203404046], [103.99321620487326, 30.72002654514935], [103.99322142633248, 30.720026585646906], [103.99322137945803, 30.720031096755793], [103.993231822377, 30.72003117775028], [103.99323172862901, 30.72004019996808], [103.99323695008901, 30.720040240465025], [103.99323690321525, 30.720044751573926], [103.99324212467549, 30.720044792070663], [103.99324207780195, 30.720049303179568], [103.99324729926246, 30.720049343676116], [103.99324725238915, 30.720053854785014], [103.9932524738499, 30.720053895281357], [103.99325242697684, 30.720058406390272], [103.99325764843783, 30.72005844688641], [103.993257601565, 30.720062957995317], [103.99326282302626, 30.720062998491244], [103.99326277615367, 30.720067509600177], [103.99326799761518, 30.7200675500959], [103.99326790387042, 30.720076572313747], [103.99327312533242, 30.720076612809283], [103.99327303158812, 30.720085635027132], [103.99327825305062, 30.720085675522466], [103.99327811243481, 30.72009920884924], [103.99328333389806, 30.720099249344393], [103.99328314641114, 30.72011729378007], [103.99328836787537, 30.720117334275038], [103.9932882272608, 30.720130867601792], [103.99329344872577, 30.720130908096575], [103.99329330811182, 30.720144441423315], [103.99329852957753, 30.720144481917895], [103.99329843583533, 30.720153504135727], [103.99330365730154, 30.720153544630122], [103.99330356355979, 30.72016256684796], [103.99330878502649, 30.72016260734216], [103.99330869128518, 30.720171629559978], [103.99331391275238, 30.720171670053993], [103.99331386588196, 30.720176181162913], [103.99331908734939, 30.72017622165672], [103.99331904047921, 30.72018073276563], [103.99332426194691, 30.72018077325923], [103.99332416820698, 30.72018979547707], [103.99332938967518, 30.720189835970473], [103.99332934280544, 30.720194347079406], [103.99333456427388, 30.72019438757261], [103.99333451740438, 30.720198898681538], [103.99333973887309, 30.72019893917454], [103.9933396920038, 30.720203450283467], [103.99334491347277, 30.720203490776264], [103.99334486660373, 30.720208001885197], [103.99335008807294, 30.72020804237779], [103.99335004120414, 30.720212553486743], [103.99335526267359, 30.720212593979124], [103.99335521580502, 30.720217105088068], [103.99336043727475, 30.720217145580264], [103.99336034353804, 30.72022616779816], [103.99336556500826, 30.720226208290143], [103.99336551814014, 30.720230719399094], [103.9933707396106, 30.72023075989088], [103.99337069274272, 30.720235270999833], [103.99337591421344, 30.720235311491425], [103.99337586734578, 30.720239822600384], [103.99338108881675, 30.72023986309177], [103.99338104194933, 30.72024437420073], [103.99338626342056, 30.720244414691916], [103.99338616968616, 30.720253436909843], [103.99339139115789, 30.720253477400824], [103.99339129742394, 30.72026249961876], [103.99339651889618, 30.72026254010954], [103.99339647202942, 30.720267051218517], [103.9934016935019, 30.720267091709104], [103.99340164663539, 30.720271602818073], [103.99340686810811, 30.720271643308454], [103.99340677437553, 30.72028066552641], [103.99341199584876, 30.7202807060166], [103.9934119489827, 30.720285217125575], [103.99341717045617, 30.720285257615565], [103.99341707672451, 30.720294279833517], [103.9934222981985, 30.72029432032331], [103.99342225133287, 30.720298831432295], [103.99342747280711, 30.720298871921877], [103.99342737907635, 30.72030789413985], [103.99343260055107, 30.72030793462924], [103.99343250682075, 30.720316956847217], [103.99343772829599, 30.72031699733641], [103.99343758770117, 30.720330530663364], [103.99344280917713, 30.720330571152374], [103.99344234052946, 30.72037568224209], [103.99343711905107, 30.72037564175301], [103.99343679099536, 30.720407219515558], [103.99344201247546, 30.720407260004688], [103.99344191874565, 30.72041628222255], [103.99344714022624, 30.720416322711483], [103.99344709336155, 30.720420833820423], [103.9934523148424, 30.72042087430915], [103.9934522211135, 30.720429896527016], [103.99345744259485, 30.720429937015552], [103.99345730200214, 30.720443470342353], [103.99346252348423, 30.720443510830712], [103.99346200797952, 30.72049313302881], [103.99345678649476, 30.720493092540387], [103.993456692766, 30.720502114758165], [103.99345147128078, 30.720502074269504], [103.99345142441614, 30.72050658537839], [103.99344620293068, 30.720506544889517], [103.99344615606579, 30.7205110559984], [103.99343049160873, 30.720510934530502], [103.99343044474311, 30.72051544563934], [103.9934252232572, 30.72051540514962], [103.99342512952543, 30.720524427367288], [103.99341990803904, 30.72052438687733], [103.99341981430675, 30.720533409094966], [103.99328405565193, 30.720532356282238]]]}, "properties": {"id": "seg_009", "source": "seg", "area_m2": 1341.8, "layout": "垂直式", "coef_m2": 28, "capacity": 48, "cap_min": 40, "cap_max": 60, "cx": 403608.0, "cy": 3399034.9}}, {"type": "Feature", "geometry": {"type": "Polygon", "coordinates": [[[103.98993548595817, 30.720659733047583], [103.98993553298679, 30.72065522194371], [103.98993031149898, 30.720655181313244], [103.98993035852781, 30.720650670209373], [103.9899199155527, 30.720650588947837], [103.98992000961132, 30.7206415667401], [103.98991478812427, 30.72064152610903], [103.98991483515381, 30.720637015005167], [103.98990961366701, 30.720636974373893], [103.98990966069678, 30.720632463270032], [103.98990443921024, 30.720632422638552], [103.98990448624025, 30.720627911534702], [103.98989926475396, 30.720627870903026], [103.98989931178419, 30.720623359799173], [103.98989409029814, 30.7206233191673], [103.9898941373286, 30.72061880806345], [103.98988369435706, 30.72061872679907], [103.989883741388, 30.72061421569523], [103.98987851990249, 30.72061417506274], [103.98987856693365, 30.7206096639589], [103.98986812396313, 30.720609582693307], [103.98986817099478, 30.720605071589482], [103.98986294950979, 30.720605030956374], [103.98986299654167, 30.720600519852557], [103.98985777505692, 30.72060047921924], [103.98985782208902, 30.720595968115422], [103.98985260060454, 30.720595927481902], [103.98985264763688, 30.7205914163781], [103.98984742615265, 30.720591375744387], [103.98984747318522, 30.720586864640577], [103.98984225170125, 30.720586824006656], [103.98984229873405, 30.720582312902856], [103.98983707725031, 30.720582272268732], [103.98983712428335, 30.72057776116493], [103.98983190279988, 30.7205777205306], [103.98983194983316, 30.72057320942681], [103.98982672834993, 30.720573168792278], [103.98982677538343, 30.720568657688485], [103.98982155390047, 30.720568617053758], [103.9898216009342, 30.720564105949983], [103.98981637945148, 30.72056406531504], [103.98981642648546, 30.72055955421126], [103.989811205003, 30.720559513576124], [103.9898112520372, 30.720555002472338], [103.98980603055499, 30.720554961837006], [103.98980607758944, 30.72055045073323], [103.98980085610746, 30.72055041009769], [103.98980090314214, 30.720545898993915], [103.98979568166044, 30.720545858358175], [103.98979572869534, 30.720541347254404], [103.98979050721388, 30.720541306618454], [103.98979055424903, 30.7205367955147], [103.98978533276784, 30.72053675487854], [103.9897853798032, 30.720532243774798], [103.98978015832225, 30.720532203138443], [103.98978020535785, 30.720527692034675], [103.98977498387717, 30.72052765139813], [103.989775030913, 30.72052314029438], [103.98976980943256, 30.720523099657616], [103.98976985646863, 30.720518588553873], [103.98943046027892, 30.72051594671467], [103.98943041322707, 30.720520457817944], [103.98942519174733, 30.720520417167325], [103.98942514469522, 30.720524928270592], [103.98941992321525, 30.720524887619757], [103.98942171119731, 30.720353465693737], [103.98942693266804, 30.7203535063443], [103.98942697971975, 30.720348995240908], [103.98943742266077, 30.720349076541368], [103.98943746971199, 30.720344565437966], [103.98944269118226, 30.720344606087885], [103.98944273823322, 30.720340094984472], [103.9894584026434, 30.72034021693294], [103.9894584496936, 30.720335705829495], [103.98946367116345, 30.720335746478554], [103.9894637182134, 30.720331235375106], [103.98947416115263, 30.720331316672585], [103.98947420820208, 30.720326805569112], [103.98948465114087, 30.720326886865728], [103.98948469818983, 30.720322375762244], [103.98949514112816, 30.720322457058007], [103.98949518817663, 30.720317945954502], [103.98951607405245, 30.720318108543484], [103.98951612109994, 30.720313597439947], [103.989599664601, 30.72031424776216], [103.98959971164459, 30.72030973665851], [103.98961537605062, 30.720309858587928], [103.98961542309347, 30.720305347484253], [103.98963108749885, 30.720305469411745], [103.98963113454097, 30.720300958308034], [103.98963635600921, 30.72030099895011], [103.98963640305108, 30.720296487846394], [103.98964162451908, 30.720296528488248], [103.98964167156069, 30.72029201738453], [103.98964689302846, 30.720292058026168], [103.98964694006982, 30.72028754692243], [103.98965738300492, 30.720287628205064], [103.98965743004578, 30.72028311710131], [103.98966787298043, 30.720283198383083], [103.98966792002079, 30.720278687279315], [103.989678362955, 30.720278768560227], [103.98967840999487, 30.720274257456456], [103.98969407439553, 30.72027437937624], [103.98969412143467, 30.720269868272432], [103.98972545023481, 30.720270112106284], [103.98972549727247, 30.720265601002424], [103.98977249047125, 30.720265966738975], [103.98977253750671, 30.720261455635047], [103.98978820190577, 30.720261577543432], [103.98978824894049, 30.72025706643948], [103.98979869187275, 30.72025714771067], [103.98979873890697, 30.72025263660671], [103.98980918183881, 30.720252717877045], [103.98980922887253, 30.72024820677305], [103.9898144503382, 30.72024824740789], [103.98981449737168, 30.720243736303896], [103.98981971883713, 30.720243776938524], [103.98981976587035, 30.720239265834522], [103.98982498733558, 30.72023930646893], [103.98982508140149, 30.72023028426089], [103.98983030286624, 30.720230324895063], [103.98983044396431, 30.720216791582967], [103.98983566542834, 30.72021683221692], [103.98983575949318, 30.72020781000881], [103.98984098095673, 30.720207850642552], [103.98984107502105, 30.72019882843442], [103.98984629648412, 30.72019886906792], [103.98984634351602, 30.72019435796384], [103.98985156497886, 30.720194398597126], [103.98985165904215, 30.720185376388958], [103.9898568805045, 30.72018541702202], [103.98985692753588, 30.720180905917907], [103.98986737046017, 30.7201809871834], [103.98986741749104, 30.720176476079278], [103.9898778604149, 30.72017655734391], [103.98987790744528, 30.720172046239785], [103.98988835036867, 30.72017212750355], [103.98988844442844, 30.720163105295228], [103.98989366588967, 30.720163145926794], [103.9898937599489, 30.72015412371846], [103.98989898140967, 30.720154164349797], [103.98989902843903, 30.720149653245617], [103.98990424989954, 30.72014969387673], [103.98990434395775, 30.72014067166834], [103.98990956541779, 30.720140712299226], [103.98990961244664, 30.720136201195025], [103.98991483390645, 30.72013624182571], [103.98991488093503, 30.720131730721484], [103.98992010239462, 30.720131771351944], [103.9899205726775, 30.72008666030952], [103.98992579413466, 30.720086700939692], [103.9899259352186, 30.720073167626886], [103.98993115667503, 30.720073208256824], [103.98993125073044, 30.720064186048265], [103.98993647218641, 30.720064226677977], [103.9899365662413, 30.720055204469386], [103.9899417876968, 30.72005524509888], [103.98994183472396, 30.720050733994565], [103.98994705617923, 30.720050774623843], [103.98994710320616, 30.720046263519528], [103.98995232466119, 30.72004630414859], [103.98995237168786, 30.720041793044256], [103.98995759314266, 30.720041833673093], [103.98995764016908, 30.720037322568757], [103.98996286162365, 30.720037363197385], [103.98996290864982, 30.72003285209303], [103.98997335155848, 30.72003293334964], [103.98997339858416, 30.720028422245267], [103.98998384149239, 30.720028503501023], [103.98998388851756, 30.720023992396627], [103.98999433142534, 30.720024073651537], [103.98999437845, 30.720019562547133], [103.99000482135736, 30.72001964380117], [103.99000486838153, 30.720015132696748], [103.99001008983498, 30.720015173323457], [103.99001013685891, 30.72001066221903], [103.99002057976533, 30.720010743471786], [103.99002062678876, 30.720006232367325], [103.99003629114777, 30.72000635424486], [103.99003633817047, 30.720001843140384], [103.99005200252881, 30.720001965016017], [103.99005204955077, 30.719997453911517], [103.9900677139085, 30.719997575785232], [103.9900677609297, 30.71999306468071], [103.9900938681916, 30.719993267799342], [103.99009391521157, 30.71998875669477], [103.99009913666374, 30.719988797317853], [103.99009918368347, 30.71998428621328], [103.99010440513541, 30.71998432683616], [103.9901044521549, 30.719979815731563], [103.9901096736066, 30.71997985635421], [103.99010972062581, 30.719975345249626], [103.99011494207728, 30.71997538587207], [103.99011503611521, 30.719966363662838], [103.99012025756622, 30.71996640428505], [103.99012030458492, 30.719961893180436], [103.99012552603568, 30.719961933802423], [103.99012557305414, 30.719957422697796], [103.99013079450467, 30.719957463319574], [103.99013088854105, 30.719948441110283], [103.99014133144117, 30.719948522353178], [103.99014137845886, 30.719944011248526], [103.9901465999087, 30.719944051869643], [103.99014664692614, 30.719939540764965], [103.99015186837573, 30.719939581385873], [103.99015191539291, 30.719935070281196], [103.99015713684229, 30.71993511090189], [103.99015718385922, 30.719930599797195], [103.9901676267575, 30.719930681037926], [103.99016767377394, 30.719926169933217], [103.99017289522286, 30.71992621055327], [103.99017294223903, 30.719921699448538], [103.9901833851364, 30.71992178068799], [103.99018343215208, 30.71991726958325], [103.990193875049, 30.719917350821856], [103.9901939220642, 30.71991283971709], [103.99022002930548, 30.719913042809868], [103.99022007631945, 30.719908531705077], [103.99027229080036, 30.719908937874816], [103.99027233781189, 30.719904426769936], [103.99030888794746, 30.719904711076207], [103.99030893495728, 30.719900199971285], [103.99031937785277, 30.719900281199745], [103.9903194248621, 30.7198957700948], [103.99034031065221, 30.719895932549175], [103.99034035766056, 30.719891421444192], [103.99036646489724, 30.7198916245074], [103.99036651190436, 30.719887113402375], [103.99037695479862, 30.71988719462618], [103.99037700180523, 30.719882683521146], [103.99038744469905, 30.71988276474408], [103.99038749170516, 30.71987825363903], [103.99040837749195, 30.719878416082377], [103.99040842449709, 30.71987390497729], [103.9904345317296, 30.7198741080267], [103.99043457873351, 30.719869596921573], [103.9904398001798, 30.71986963753082], [103.99043984718347, 30.71986512642569], [103.99044506862951, 30.719865167034715], [103.99044511563292, 30.719860655929573], [103.99045555852459, 30.71986073714699], [103.99045541751582, 30.71987427046246], [103.99046063896239, 30.71987431107087], [103.99046054495697, 30.719883333281178], [103.99046576640406, 30.71988337388939], [103.99046567239908, 30.7198923960997], [103.99047611529423, 30.71989247731554], [103.99047606829221, 30.719896988420697], [103.99048128974005, 30.719897029028303], [103.99048124273827, 30.71990154013348], [103.99049168563445, 30.71990162134808], [103.99049159163182, 30.71991064355844], [103.99049681308041, 30.719910684165445], [103.99049671907824, 30.7199197063758], [103.99050194052734, 30.719919746982605], [103.9905018465256, 30.719928769192965], [103.99050706797519, 30.719928809799583], [103.99050683297186, 30.719951365325464], [103.99050161152105, 30.719951324718814], [103.99050137651625, 30.71997388024458], [103.99050659796829, 30.719973920851263], [103.99050617496117, 30.720014520797513], [103.99050095350697, 30.72001448019076], [103.99050071850141, 30.7200370357163], [103.990495497046, 30.72003699510931], [103.99049469802104, 30.72011368389543], [103.99048947656152, 30.720113643288098], [103.99048942955972, 30.720118154393138], [103.99049465101949, 30.720118195000474], [103.99049422800493, 30.720158794945668], [103.99049944946691, 30.72015883555286], [103.9904990734552, 30.720194924392864], [103.99050429491913, 30.72019496499991], [103.99050410691399, 30.72021300941987], [103.9904988854491, 30.720212968812792], [103.99049818042468, 30.720280635387066], [103.99049295895615, 30.720280594779684], [103.99049281795025, 30.720294128094423], [103.99048759648099, 30.720294087486813], [103.99048750247653, 30.720303109696612], [103.99047705953708, 30.720303028480714], [103.99047701253434, 30.7203075395856], [103.9904717910644, 30.720307498977334], [103.99047174406141, 30.720312010082203], [103.99046652259122, 30.720311969473727], [103.99046647558798, 30.72031648057858], [103.99046125411756, 30.720316439969874], [103.99046120711407, 30.720320951074726], [103.99045598564342, 30.7203209104658], [103.9904558916359, 30.72032993267548], [103.99045067016479, 30.720329892066342], [103.99045062316077, 30.720334403171165], [103.99044540168941, 30.720334362561797], [103.99044530768087, 30.720343384771432], [103.99044008620903, 30.720343344161847], [103.9904400392045, 30.720347855266652], [103.99043481773244, 30.720347814656847], [103.99043477072765, 30.720352325761638], [103.99042432778307, 30.720352244541377], [103.99042428077779, 30.720356755646154], [103.99041905930527, 30.720356715035706], [103.99041901229974, 30.720361226140472], [103.99040856935426, 30.720361144918932], [103.99040852234822, 30.72036565602368], [103.99033020025477, 30.720365046835255], [103.9903301532451, 30.720369557939893], [103.99027793851504, 30.72036915178796], [103.99027798552714, 30.720364640683396], [103.99026754258175, 30.720364559450502], [103.99026758959434, 30.72036004834596], [103.9902623681219, 30.7203600077292], [103.99026241513472, 30.720355496624652], [103.99021542188544, 30.72035513106449], [103.9902153748704, 30.720359642168976], [103.99021015339807, 30.72035960155012], [103.9902101063828, 30.720364112654586], [103.99020488491024, 30.720364072035515], [103.99020483789471, 30.720368583139972], [103.99019961642192, 30.72036854252069], [103.99019956940614, 30.720373053625135], [103.99019434793311, 30.720373013005634], [103.99019430091708, 30.72037752411007], [103.99018907944382, 30.720377483490353], [103.99018903242754, 30.720381994594774], [103.99018381095404, 30.720381953974837], [103.9901837639375, 30.720386465079258], [103.99017854246378, 30.720386424459104], [103.99017844843019, 30.720395446667922], [103.99017322695597, 30.720395406047537], [103.99017294485348, 30.720422472673846], [103.99017816632916, 30.720422513294274], [103.99017811931228, 30.72042702439866], [103.99018334078819, 30.72042706501889], [103.9901832467549, 30.720436087227643], [103.99018846823131, 30.720436127847673], [103.99018813911614, 30.720467705578322], [103.99018291763801, 30.720467664958235], [103.99018268255422, 30.720490220479988], [103.99017746107491, 30.720490179859656], [103.9901772730067, 30.720508224276976], [103.99017205152643, 30.720508183656413], [103.99017191047443, 30.720521716969348], [103.99016668899344, 30.72052167634855], [103.99016659495824, 30.720530698557145], [103.99016137347675, 30.72053065793612], [103.99016132645889, 30.720535169040406], [103.9901561049772, 30.720535128419176], [103.99015601094095, 30.720544150627717], [103.99015078945878, 30.72054411000625], [103.9901507424404, 30.72054862111052], [103.99014552095798, 30.720548580488845], [103.99014547393936, 30.72055309159309], [103.99013503097407, 30.720553010349082], [103.99013498395495, 30.720557521453312], [103.99012976247208, 30.720557480830994], [103.9901297154527, 30.720561991935213], [103.99012449396959, 30.72056195131267], [103.99012444694996, 30.720566462416883], [103.99011922546663, 30.720566421794135], [103.99011917844675, 30.720570932898326], [103.99011395696317, 30.720570892275354], [103.99011390994303, 30.72057540337955], [103.99010868845924, 30.720575362756357], [103.99010864143884, 30.720579873860537], [103.9901034199548, 30.72057983323712], [103.99010337293417, 30.7205843443413], [103.99009292996566, 30.72058426309384], [103.9900928829445, 30.72058877419798], [103.99008766146001, 30.72058873357394], [103.99008761443862, 30.72059324467807], [103.99008239295391, 30.72059320405381], [103.99008234593225, 30.720597715157933], [103.9900771244473, 30.72059767453344], [103.9900770774254, 30.72060218563757], [103.99007185594022, 30.72060214501286], [103.99007180891805, 30.720606656116978], [103.99006136594724, 30.72060657486692], [103.99006131892457, 30.72061108597101], [103.99005087595332, 30.720611004720098], [103.99005082893017, 30.720615515824182], [103.99004560744432, 30.720615475198404], [103.99004556042091, 30.72061998630247], [103.99003511744873, 30.72061990505027], [103.99003507042482, 30.720624416154326], [103.99002462745221, 30.720624334901267], [103.99002458042781, 30.720628846005294], [103.99001413745476, 30.72062876475139], [103.99001409042987, 30.720633275855405], [103.99000364745636, 30.720633194600648], [103.99000360043097, 30.720637705704636], [103.98999315745702, 30.72063762444903], [103.98999311043114, 30.720642135553], [103.98998266745676, 30.720642054296533], [103.98998262043037, 30.720646565400482], [103.98997217745554, 30.72064648414317], [103.98997213042865, 30.72065099524711], [103.98996690894101, 30.72065095461813], [103.98996686191387, 30.720655465722057], [103.98994597596244, 30.720655303203994], [103.98994592893432, 30.720659814307893], [103.98993548595817, 30.720659733047583]]]}, "properties": {"id": "seg_010", "source": "seg", "area_m2": 4631.5, "layout": "垂直式", "coef_m2": 28, "capacity": 165, "cap_min": 138, "cap_max": 207, "cx": 403310.3, "cy": 3399035.9}}, {"type": "Feature", "geometry": {"type": "Polygon", "coordinates": [[[103.99313550307022, 30.71924994590452], [103.99313559682422, 30.71924092368589], [103.99313037540746, 30.719240883185815], [103.9931304691619, 30.719231860967188], [103.99312524774564, 30.719231820466913], [103.99312534150053, 30.719222798248293], [103.99312012008477, 30.719222757747822], [103.9931202138401, 30.719213735529195], [103.99311499242484, 30.719213695028532], [103.99311508618061, 30.719204672809905], [103.99310986476584, 30.719204632309058], [103.99311000540015, 30.719191098981113], [103.99310478398613, 30.719191058480067], [103.99310501837765, 30.71916850293349], [103.99309979696484, 30.71916846243226], [103.99309989072185, 30.719159440213613], [103.99309466930956, 30.7191593997122], [103.99309485682444, 30.719141355274896], [103.99308963541311, 30.719141314773307], [103.9930897760499, 30.719127781445312], [103.99308455463931, 30.71912774094353], [103.99308483591405, 30.719100674287517], [103.99307961450494, 30.719100633785565], [103.99307984890147, 30.719078078238837], [103.99308507030938, 30.719078118740757], [103.99308535158342, 30.71905105208452], [103.99308013017698, 30.719051011582657], [103.99308031769377, 30.71903296714514], [103.9930750962883, 30.719032926643084], [103.9930752369265, 30.719019393314934], [103.99307001552178, 30.71901935281269], [103.99307010928102, 30.71901033059392], [103.9930648878768, 30.71901029009148], [103.99306502851631, 30.718996756763328], [103.99305980711281, 30.7189967162607], [103.99305990087292, 30.71898769404192], [103.99305467946994, 30.718987653539102], [103.99305477323048, 30.718978631320343], [103.993049551828, 30.718978590817315], [103.9930495987085, 30.718974079707937], [103.99304437730626, 30.718974039204717], [103.99304447106772, 30.71896501698596], [103.99303924966597, 30.718964976482543], [103.99303929654693, 30.718960465373172], [103.99303407514543, 30.71896042486955], [103.99303421578897, 30.718946891541417], [103.99302899438821, 30.718946851037614], [103.99302904126962, 30.718942339928244], [103.99302381986912, 30.718942299424224], [103.99302386675076, 30.71893778831486], [103.99301864535052, 30.71893774781065], [103.99301873911423, 30.718928725591905], [103.99301351771449, 30.718928685087505], [103.99301356459657, 30.718924173978134], [103.99300834319709, 30.71892413347353], [103.9930083900794, 30.71891962236415], [103.99300316868018, 30.718919581859346], [103.99300321556271, 30.71891507074999], [103.99299799416373, 30.718915030244982], [103.99299804104652, 30.718910519135612], [103.9929928196478, 30.718910478630402], [103.9929928665308, 30.71890596752105], [103.99298764513233, 30.718905927015637], [103.99298769201557, 30.718901415906284], [103.99298247061735, 30.718901375400655], [103.99298251750083, 30.718896864291324], [103.99297729610285, 30.718896823785496], [103.99297734298658, 30.71889231267617], [103.99297212158885, 30.718892272170134], [103.9929721684728, 30.7188877610608], [103.99296694707533, 30.718887720554573], [103.99296704084368, 30.7188786983359], [103.99296181944672, 30.71887865782947], [103.99296186633111, 30.718874146720143], [103.9929566449344, 30.718874106213516], [103.99295669181903, 30.718869595104188], [103.99295147042257, 30.71886955459736], [103.99295151730745, 30.71886504348803], [103.99294629591122, 30.718865002981], [103.99294638968142, 30.71885598076236], [103.99294116828571, 30.71885594025513], [103.99294126205633, 30.718846918036487], [103.99293604066112, 30.718846877529064], [103.99293613443218, 30.71883785531043], [103.99293091303747, 30.718837814802804], [103.99293100680899, 30.718828792584183], [103.99292578541477, 30.71882875207636], [103.99292583230076, 30.718824240967052], [103.99291538951283, 30.7188241599508], [103.9929154363993, 30.718819648841496], [103.9929102150056, 30.718819608333067], [103.99291026189228, 30.718815097223768], [103.99290504049884, 30.718815056715137], [103.99290508738576, 30.71881054560583], [103.99289986599257, 30.718810505097], [103.99289991287972, 30.718805993987697], [103.99289469148678, 30.718805953478665], [103.99289473837416, 30.718801442369376], [103.99288951698149, 30.71880140186014], [103.99288956386911, 30.718796890750845], [103.99287912108426, 30.71879680973175], [103.99287916797235, 30.718792298622475], [103.99287394658018, 30.718792258112614], [103.9928739934685, 30.71878774700335], [103.99286877207659, 30.718787706493295], [103.99286881896515, 30.718783195384027], [103.99286359757349, 30.718783154873773], [103.99286364446229, 30.7187786437645], [103.99285842307089, 30.718778603254037], [103.9928584699599, 30.71877409214478], [103.99285324856875, 30.718774051634107], [103.992853295458, 30.718769540524864], [103.9928480740671, 30.71876950001399], [103.9928481209566, 30.71876498890475], [103.99284289956594, 30.71876494839367], [103.99284294645567, 30.718760437284416], [103.99283772506527, 30.718760396773153], [103.99283777195522, 30.718755885663903], [103.9928325505651, 30.718755845152426], [103.99283259745529, 30.71875133404319], [103.99282737606539, 30.718751293531515], [103.99282742295581, 30.71874678242228], [103.99282220156618, 30.718746741910397], [103.99282224845683, 30.71874223080116], [103.99281702706745, 30.718742190289074], [103.99281707395835, 30.71873767917985], [103.9928118525692, 30.71873763866756], [103.99281189946034, 30.71873312755834], [103.99280145668259, 30.71873304653315], [103.99280150357419, 30.71872853542394], [103.99279628218558, 30.718728494911037], [103.99279637596923, 30.718719472692616], [103.99279115458111, 30.718719432179522], [103.99279120147315, 30.718714921070312], [103.99278598008529, 30.718714880557], [103.99278602697758, 30.718710369447805], [103.99278080558997, 30.7187103289343], [103.99278085248248, 30.718705817825093], [103.99277563109514, 30.718705777311385], [103.99277572488062, 30.718696755093], [103.99277050349376, 30.7186967145791], [103.99277055038672, 30.718692203469903], [103.99276532900012, 30.718692162955794], [103.99276537589331, 30.718687651846608], [103.99276015450697, 30.7186876113323], [103.99276020140042, 30.71868310022312], [103.99275498001431, 30.718683059708603], [103.99275507380163, 30.71867403749024], [103.99274985241603, 30.71867399697553], [103.99274989930991, 30.71866948586635], [103.99274467792458, 30.718669445351445], [103.99274472481869, 30.718664934242273], [103.9927395034336, 30.71866489372715], [103.99273955032795, 30.71866038261799], [103.99273432894311, 30.718660342102673], [103.9927343758377, 30.718655830993498], [103.99272915445312, 30.71865579047798], [103.99272920134794, 30.71865127936883], [103.9927239799636, 30.7186512388531], [103.99272407375369, 30.718642216634777], [103.99271885236986, 30.718642176118856], [103.99271889926513, 30.718637665009705], [103.99271367788154, 30.71863762449358], [103.99271372477705, 30.718633113384428], [103.99270850339371, 30.71863307286811], [103.99270855028946, 30.718628561758955], [103.99270332890639, 30.71862852124244], [103.99270342269831, 30.718619499024147], [103.99269820131573, 30.718619458507415], [103.9926982951081, 30.718610436289133], [103.99269307372602, 30.71861039577221], [103.99269312062243, 30.718605884663063], [103.9926878992406, 30.718605844145944], [103.99268794613724, 30.7186013330368], [103.99268272475567, 30.71860129251948], [103.99268281854941, 30.718592270301205], [103.99267759716834, 30.71859222978369], [103.99267769096252, 30.718583207565416], [103.99267246958195, 30.718583167047697], [103.99267251647926, 30.71857865593857], [103.99266729509893, 30.718578615420657], [103.9926673419965, 30.71857410431152], [103.99266212061642, 30.71857406379341], [103.99266221441198, 30.718565041575154], [103.9926569930324, 30.71856500105683], [103.9926570868284, 30.718555978838587], [103.99265186544932, 30.718555938320076], [103.99265195924576, 30.718546916101825], [103.99264673786719, 30.718546875583122], [103.99264678476564, 30.718542364473993], [103.99264156338731, 30.718542323955088], [103.99264165718466, 30.718533301736837], [103.99263643580683, 30.71853326121774], [103.99263648270572, 30.71852875010862], [103.99263126132814, 30.718528709589318], [103.99263130822727, 30.7185241984802], [103.99262608684995, 30.718524157960697], [103.99262613374933, 30.71851964685158], [103.99262091237226, 30.718519606331874], [103.99262095927186, 30.718515095222756], [103.99261573789504, 30.71851505470284], [103.99261578479488, 30.718510543593737], [103.99261056341831, 30.718510503073624], [103.99261065721844, 30.718501480855426], [103.99260543584236, 30.71850144033511], [103.99260552964293, 30.718492418116917], [103.99260030826736, 30.718492377596412], [103.99260040206836, 30.718483355378208], [103.99259518069329, 30.718483314857515], [103.99259527449473, 30.718474292639307], [103.99259005312015, 30.718474252118416], [103.99259024072391, 30.718456207682006], [103.99258501935032, 30.718456167160934], [103.99258516005374, 30.71844263383361], [103.99257993868088, 30.718442593312343], [103.9925800324836, 30.71843357109415], [103.99257481111124, 30.718433530572675], [103.9925749049144, 30.718424508354467], [103.99256968354254, 30.7184244678328], [103.99256977734615, 30.7184154456146], [103.99256455597478, 30.71841540509275], [103.99256460287681, 30.718410893983638], [103.9925593815057, 30.718410853461585], [103.99255947531022, 30.718401831243398], [103.9925542539396, 30.71840179072113], [103.99255430084209, 30.71839727961204], [103.99254907947171, 30.718397239089587], [103.99254912637444, 30.71839272798049], [103.99254390500433, 30.71839268745783], [103.99254395190728, 30.71838817634874], [103.99253873053742, 30.718388135825883], [103.99253882434377, 30.718379113607714], [103.99253360297442, 30.718379073084662], [103.99253364987783, 30.718374561975573], [103.99252842850872, 30.718374521452315], [103.99252852231598, 30.718365499234153], [103.99252330094737, 30.718365458710704], [103.99252334785122, 30.71836094760162], [103.99251812648288, 30.71836090707797], [103.99251822029103, 30.718351884859807], [103.99251299892319, 30.718351844335952], [103.99251309273178, 30.7183428221178], [103.99250787136442, 30.71834278159376], [103.99250796517349, 30.718333759375607], [103.99250274380663, 30.718333718851365], [103.99250288452086, 30.718320185524135], [103.99249766315474, 30.7183201449997], [103.99249785077453, 30.718302100563395], [103.9924926294094, 30.718302060038777], [103.99249277012487, 30.718288526711532], [103.99249799148927, 30.718288567236115], [103.99249808529905, 30.71827954501792], [103.99250852802695, 30.718279626066444], [103.99250857493132, 30.718275114957336], [103.99251379629506, 30.718275155481273], [103.99251384319918, 30.718270644372137], [103.99251906456266, 30.71827068489587], [103.99251920527426, 30.718257151568437], [103.99252442663703, 30.718257192091937], [103.99252452044422, 30.718248169873622], [103.99252974180652, 30.71824821039689], [103.99252978870986, 30.718243699287715], [103.99253501007192, 30.718243739810763], [103.99253529149028, 30.718216673155638], [103.9925405128509, 30.71821671367844], [103.9925406535592, 30.718203180350812], [103.99254587491909, 30.718203220873377], [103.99254596872409, 30.71819419865493], [103.99255119008352, 30.718194239177272], [103.99255128388798, 30.71818521695879], [103.99256172660589, 30.71818529800282], [103.9925617735076, 30.718180786893562], [103.9925774375838, 30.718180908457995], [103.9925774844848, 30.71817639734871], [103.99261403399458, 30.718176680991665], [103.9926139870953, 30.718181192101007], [103.99261920845412, 30.71818123262059], [103.99261916155506, 30.718185743729922], [103.99264004699145, 30.718185905806205], [103.99264000009335, 30.71819041691558], [103.9926452214527, 30.718190457434133], [103.99264512765697, 30.718199479652856], [103.99265034901683, 30.718199520171222], [103.99265030211919, 30.718204031280585], [103.9926555234793, 30.71820407179874], [103.99265547658187, 30.71820858290811], [103.99266069794226, 30.71820862342606], [103.99266065104507, 30.71821313453544], [103.99266587240571, 30.718213175053187], [103.99266582550875, 30.71821768616257], [103.99267104686963, 30.718217726680113], [103.99267099997292, 30.718222237789497], [103.99267622133404, 30.718222278306843], [103.99267617443755, 30.718226789416235], [103.99268139579894, 30.71822682993337], [103.99268134890269, 30.718231341042767], [103.99268657026433, 30.718231381559708], [103.99268647647227, 30.718240403778495], [103.9926916978344, 30.718240444295244], [103.99269165093862, 30.718244955404632], [103.99269687230101, 30.718244995921165], [103.99269677850985, 30.71825401813997], [103.99270199987275, 30.71825405865632], [103.99270190608205, 30.71826308087512], [103.99270712744544, 30.718263121391274], [103.9927070805503, 30.718267632500673], [103.99271230191394, 30.718267673016612], [103.99271225501906, 30.718272184126015], [103.99272269774684, 30.718272265157307], [103.992722603958, 30.718281287376136], [103.9927278253224, 30.718281327891468], [103.992727731534, 30.718290350110298], [103.9927329528989, 30.71829039062545], [103.99273285911094, 30.71829941284428], [103.99273808047633, 30.71829945335923], [103.99273798668882, 30.718308475578063], [103.99274320805472, 30.71830851609281], [103.99274311426765, 30.718317538311656], [103.99274833563403, 30.71831757882621], [103.99274828874074, 30.718322089935633], [103.99275351010736, 30.718322130449984], [103.9927534632143, 30.71832664155941], [103.99275868458119, 30.718326682073563], [103.99275863768835, 30.718331193182994], [103.99276385905549, 30.718331233696944], [103.99276381216288, 30.718335744806378], [103.99276903353028, 30.718335785320118], [103.9927689866379, 30.71834029642956], [103.99277420800556, 30.718340336943097], [103.99277416111342, 30.718344848052535], [103.9927793824813, 30.71834488856588], [103.9927793355894, 30.71834939967533], [103.99280022106208, 30.718349561726626], [103.99280017417114, 30.718354072836103], [103.99280539553958, 30.718354113348393], [103.99280544243028, 30.718349602238927], [103.9928106637985, 30.718349642751022], [103.99281071068894, 30.718345131641524], [103.99281593205691, 30.71834517215339], [103.99281597894712, 30.718340661043893], [103.99282120031486, 30.718340701555547], [103.99282148165436, 30.718313634898447], [103.99281626028808, 30.718313594386842], [103.9928163071782, 30.718309083277312], [103.99281108581216, 30.718309042765494], [103.99281117959288, 30.718300020546465], [103.99280595822734, 30.71829998003445], [103.99280600511791, 30.718295468924946], [103.99280078375264, 30.718295428412723], [103.99280083064345, 30.718290917303214], [103.99279560927842, 30.71829087679079], [103.9927957030605, 30.71828185457178], [103.99279048169596, 30.718281814059168], [103.99279052858722, 30.718277302949655], [103.99278530722295, 30.718277262436853], [103.99278535411443, 30.718272751327333], [103.99278013275043, 30.718272710814325], [103.99278017964215, 30.718268199704827], [103.99277495827837, 30.718268159191602], [103.99277500517033, 30.71826364808211], [103.9927697838068, 30.718263607568694], [103.99276983069902, 30.718259096459203], [103.99276460933575, 30.71825905594559], [103.99276470312059, 30.718250033726594], [103.99275948175783, 30.718249993212783], [103.99275957554312, 30.718240970993808], [103.99275435418083, 30.718240930479794], [103.99275440107371, 30.718236419370307], [103.9927491797117, 30.718236378856083], [103.99274927349788, 30.718227356637115], [103.99274405213637, 30.718227316122707], [103.9927440990297, 30.71822280501322], [103.99273887766842, 30.718222764498602], [103.99273892456198, 30.718218253389136], [103.99273370320097, 30.718218212874316], [103.99273379698853, 30.71820919065536], [103.992728575628, 30.71820915014035], [103.99272866941602, 30.718200127921406], [103.99272344805601, 30.718200087406196], [103.99272354184446, 30.718191065187256], [103.99271832048493, 30.718191024671842], [103.99271860185151, 30.71816395801497], [103.99271338049346, 30.718163917499396], [103.99271380254478, 30.718123317513932], [103.99270858118892, 30.718123276998227], [103.99270876876798, 30.718105232560177], [103.99271399012288, 30.71810527307587], [103.99271403701736, 30.71810076196634], [103.99272447972669, 30.71810084299707], [103.99272462040865, 30.718087309668444], [103.99272984176261, 30.71808735018347], [103.99273002933744, 30.718069305745217], [103.99273525069043, 30.718069346260013], [103.99273539137072, 30.718055812931258], [103.99274061272298, 30.71805585344582], [103.99274075340244, 30.718042320117025], [103.99274597475399, 30.71804236063135], [103.99274606853977, 30.718033338412123], [103.99275128989083, 30.718033378926226], [103.99275138367608, 30.71802435670697], [103.99275660502667, 30.718024397220844], [103.99275669881139, 30.71801537500156], [103.99276192016151, 30.718015415515218], [103.99276196705361, 30.718010904405567], [103.99276718840349, 30.718010944918998], [103.99276723529535, 30.71800643380934], [103.99277245664501, 30.718006474322546], [103.9927725035366, 30.71800196321288], [103.99277772488603, 30.718002003725886], [103.99277777177737, 30.71799749261619], [103.99278299312655, 30.71799753312898], [103.99278304001763, 30.717993022019286], [103.99279348271557, 30.717993103044222], [103.99279352960615, 30.7179885919345], [103.99279875095489, 30.717988632446637], [103.99279879784523, 30.717984121336922], [103.99280401919373, 30.71798416184884], [103.9928040660838, 30.7179796507391], [103.9928092874321, 30.71797969125081], [103.99280933432192, 30.71797518014107], [103.992819777018, 30.71797526116383], [103.99281982390733, 30.71797075005408], [103.99282504525516, 30.717970790565133], [103.99282509214423, 30.717966279455368], [103.99283031349182, 30.71796631996621], [103.99283036038064, 30.717961808856423], [103.99284080307535, 30.717961889877472], [103.99284084996368, 30.717957378767675], [103.99284607131082, 30.717957419277873], [103.9928461181989, 30.71795290816807], [103.9928513395458, 30.717952948678043], [103.99285138643361, 30.71794843756823], [103.99286705047365, 30.717948559096897], [103.99286709736073, 30.717944047987043], [103.99287754005366, 30.71794412900509], [103.99287758694024, 30.717939617895222], [103.99288802963271, 30.717939698912424], [103.99288807651881, 30.717935187802542], [103.99291940459504, 30.717935430849042], [103.99291945147966, 30.717930919739114], [103.99294555820892, 30.71793112227206], [103.99294560509232, 30.71792661116209], [103.99296126912928, 30.71792673267931], [103.99296131601193, 30.71792222156932], [103.99297698004827, 30.717922343084627], [103.99297702693018, 30.717917831974606], [103.99300313365639, 30.7179180344959], [103.99300318053707, 30.71791352338584], [103.99302928726233, 30.717913725901845], [103.99302924038287, 30.717918237011936], [103.99306578980037, 30.71791852052557], [103.99306583667814, 30.71791400941542], [103.99307627936847, 30.717914090417413], [103.99307632624573, 30.717909579307253], [103.99309199028058, 30.717909700808647], [103.99309203715711, 30.717905189698456], [103.99310247984658, 30.71790527069832], [103.99310243297052, 30.71790978180852], [103.99311287566051, 30.71790986280756], [103.99311282878494, 30.717914373917775], [103.99312327147545, 30.717914454915984], [103.99312322460035, 30.717918966026208], [103.99313366729139, 30.717919047023585], [103.99313362041677, 30.717923558133823], [103.99314406310835, 30.717923639130387], [103.9931440162342, 30.717928150240628], [103.99314923758024, 30.7179281907386], [103.99314919070633, 30.717932701848856], [103.99315963339893, 30.71793278284418], [103.9931595865255, 30.717937293954442], [103.99316480787206, 30.7179373344518], [103.99316471412563, 30.717946356672318], [103.9931699354727, 30.71794639716948], [103.9931698885997, 30.717950908279743], [103.993175109947, 30.717950948776707], [103.99317506307426, 30.717955459886976], [103.99318028442183, 30.71795550038373], [103.9931802375493, 30.717960011494], [103.99318545889712, 30.71796005199056], [103.99318541202483, 30.71796456310084], [103.9931906333729, 30.71796460359719], [103.99319053962877, 30.71797362581774], [103.99319576097734, 30.717973666313902], [103.99319566723366, 30.717982688534462], [103.99320088858273, 30.717982729030425], [103.9932007948395, 30.717991751250985], [103.99320601618906, 30.717991791746755], [103.99320596931766, 30.717996302857035], [103.99321119066748, 30.717996343352596], [103.99321114379632, 30.718000854462883], [103.99322158649646, 30.71800093545339], [103.9932215396258, 30.71800544656369], [103.99322676097611, 30.71800548705864], [103.99322671410567, 30.718009998168938], [103.99323193545625, 30.718010038663685], [103.99323188858604, 30.718014549773997], [103.99324233128773, 30.718014630762866], [103.99324228441799, 30.718019141873178], [103.99324750576909, 30.718019182367307], [103.99324745889959, 30.718023693477626], [103.9932579016023, 30.71802377446528], [103.99325785473327, 30.718028285575606], [103.99326829743653, 30.718028366562425], [103.99326825056797, 30.718032877672762], [103.99327347191986, 30.718032918165868], [103.99327342505153, 30.71803742927622], [103.99327864640367, 30.71803746976911], [103.99327859953559, 30.718041980879462], [103.99328382088797, 30.71804202137216], [103.9932837740201, 30.718046532482504], [103.99328899537275, 30.718046572975005], [103.99328894850512, 30.718051084085367], [103.99329416985802, 30.718051124577652], [103.99329412299063, 30.718055635688028], [103.99330456569695, 30.718055716671987], [103.99330451883003, 30.718060227782367], [103.99330974018345, 30.718060268274034], [103.99330969331675, 30.71806477938441], [103.99331491467042, 30.718064819875888], [103.99331486780396, 30.71806933098627], [103.99332008915789, 30.718069371477544], [103.99332004229166, 30.718073882587923], [103.99332526364584, 30.718073923078993], [103.99332521677985, 30.71807843418939], [103.9933565449066, 30.718078677131416], [103.99335649804206, 30.71808318824185], [103.99336694075156, 30.71808326922085], [103.99336689388748, 30.718087780331302], [103.99337211524248, 30.718087820820497], [103.99337206837865, 30.71809233193094], [103.99338773244446, 30.71809245339731], [103.99338768558134, 30.718096964507776], [103.99340334964796, 30.718097085972254], [103.99340330278557, 30.718101597082747], [103.99340852414136, 30.718101637570495], [103.9934084772792, 30.71810614868097], [103.9934241413474, 30.718106270142982], [103.99342423507028, 30.71809724792197], [103.99342945642589, 30.718097288408874], [103.99342964387053, 30.71807924396676], [103.99345052928916, 30.718079405912157], [103.993450482429, 30.718083917022717], [103.99344526107407, 30.718083876536674], [103.99344516735322, 30.71809289875778], [103.99343994599782, 30.718092858271515], [103.99343980541572, 30.718106391603108], [103.99344502677184, 30.71810643208941], [103.99344493305088, 30.718115454310468], [103.9934501544075, 30.718115494796564], [103.99345006068697, 30.718124517017632], [103.99346050340121, 30.718124597989217], [103.99346045654143, 30.71812910909976], [103.9934761206136, 30.718129230555583], [103.99347607375452, 30.718133741666147], [103.99348129511218, 30.718133782151003], [103.99348120139449, 30.718142804372135], [103.99348642275264, 30.718142844856807], [103.99348632903538, 30.718151867077935], [103.99349155039403, 30.718151907562408], [103.99349145667723, 30.718160929783547], [103.99349667803638, 30.71816097026782], [103.99349658432001, 30.718169992488956], [103.99350180567964, 30.71817003297302], [103.9935017588217, 30.7181745440836], [103.99350698018159, 30.718174584567482], [103.99350693332387, 30.718179095678067], [103.99351215468401, 30.718179136161737], [103.99351210782653, 30.718183647272312], [103.99351732918693, 30.718183687755772], [103.99351728232968, 30.718188198866358], [103.99352250369033, 30.71818823934963], [103.99352236311923, 30.718201772681375], [103.99352758448062, 30.718201813164466], [103.993527490767, 30.71821083538562], [103.99353271212888, 30.7182108758685], [103.99353261841568, 30.71821989808967], [103.99353783977807, 30.718219938572357], [103.9935377929217, 30.718224449682943], [103.99354301428434, 30.718224490165433], [103.9935429674282, 30.718229001276026], [103.9935481887911, 30.71822904175831], [103.9935481419352, 30.718233552868902], [103.99355336329835, 30.718233593350988], [103.99355331644267, 30.71823810446158], [103.99355853780608, 30.71823814494346], [103.99355839723972, 30.718251678275255], [103.99356361860386, 30.718251718756953], [103.9935635248934, 30.71826074097814], [103.99356874625805, 30.718260781459634], [103.99356860569299, 30.718274314791422], [103.99357382705836, 30.718274355272726], [103.99357368649393, 30.718287888604518], [103.99357890786005, 30.718287929085637], [103.99357886100547, 30.71829244019623], [103.99358930373823, 30.71829252115784], [103.99358925688412, 30.718297032268456], [103.99359447825076, 30.71829707274895], [103.99359443139689, 30.71830158385957], [103.99359965276378, 30.718301624339873], [103.99359955905646, 30.718310646561083], [103.99360478042385, 30.718310687041196], [103.9936045930101, 30.718328731483638], [103.99360981437847, 30.718328771963556], [103.99360958011226, 30.718351327516572], [103.99361480148185, 30.71835136799632], [103.99361466092272, 30.71836490132811], [103.99361988229306, 30.718364941807682], [103.99361983544023, 30.718369452918274], [103.99362505681083, 30.71836949339764], [103.99362500995824, 30.71837400450823], [103.99363545269993, 30.71837408546635], [103.99363540584781, 30.71837859657695], [103.99364584859003, 30.71837867753423], [103.99364580173841, 30.718383188644847], [103.99365624448114, 30.718383269601304], [103.99365619762999, 30.718387780711936], [103.99366664037326, 30.718387861667573], [103.99366668722394, 30.718383350556905], [103.99367712996677, 30.718383431511675], [103.99367717681695, 30.718378920401015], [103.99368761955934, 30.71837900135493], [103.99368766640902, 30.718374490244255], [103.99369288777999, 30.718374530720883], [103.99369293462942, 30.71837001961019], [103.99369815600015, 30.71837006008661], [103.99369820284933, 30.71836554897589], [103.99370342421983, 30.718365589452105], [103.99370347106876, 30.718361078341392], [103.99370869243901, 30.718361118817366], [103.9937087392877, 30.718356607706642], [103.99371396065773, 30.71835664818241], [103.99371400750614, 30.718352137071665], [103.99371922887595, 30.718352177547214], [103.9937192757241, 30.71834766643647], [103.99372449709368, 30.718347706911803], [103.9937245439416, 30.71834319580105], [103.99374542941902, 30.718343357700252], [103.99374547626594, 30.718338846589464], [103.99378202585015, 30.71833912990494], [103.99378197900492, 30.71834364101578], [103.99379242174385, 30.718343721961183], [103.99379246858858, 30.718339210850324], [103.99379768995782, 30.718339251322707], [103.9937977368023, 30.718334740211834], [103.9938029581713, 30.718334780683993], [103.99380305185976, 30.71832575846224], [103.99380827322828, 30.71832579893418], [103.99380836691621, 30.718316776712392], [103.99381358828425, 30.7183168171841], [103.99381391618995, 30.718285239407713], [103.99380869482361, 30.71828519893605], [103.99380874166748, 30.71828068782513], [103.99380352030138, 30.718280647353257], [103.99380361398958, 30.718271625131433], [103.99379839262397, 30.71827158465937], [103.99379848631263, 30.718262562437538], [103.99378804358243, 30.718262481492815], [103.99378809042722, 30.71825797038191], [103.99377764769756, 30.718257889436362], [103.99377769454281, 30.71825337832547], [103.99376725181368, 30.718253297379086], [103.99376729865942, 30.7182487862682], [103.99374119183796, 30.718248583898635], [103.9937412386849, 30.718244072787783], [103.99373079595688, 30.7182439918385], [103.99373084280431, 30.718239480727664], [103.99372562144056, 30.718239440252717], [103.9937256682882, 30.718234929141882], [103.99372044692471, 30.71823488866672], [103.9937204937726, 30.718230377555887], [103.99371527240936, 30.71823033708053], [103.99371531925748, 30.718225825969704], [103.99371009789448, 30.71822578549415], [103.99371014474283, 30.71822127438333], [103.9937049233801, 30.718221233907563], [103.99370497022868, 30.718216722796747], [103.99369974886619, 30.71821668232078], [103.99369979571502, 30.718212171209952], [103.99368935299056, 30.71821209025742], [103.99368939983985, 30.718207579146604], [103.99368417847789, 30.71820753867004], [103.99368422532741, 30.718203027559245], [103.9936790039657, 30.718202987082453], [103.99367905081546, 30.718198475971658], [103.993673829454, 30.718198435494674], [103.99367387630399, 30.71819392438388], [103.99366865494278, 30.71819388390669], [103.993668701793, 30.718189372795912], [103.99366348043205, 30.718189332318513], [103.9936635272825, 30.71818482120773], [103.9936583059218, 30.71818478073014], [103.99365835277248, 30.718180269619364], [103.99365313141205, 30.718180229141563], [103.99365317826296, 30.71817571803078], [103.99364795690278, 30.718175677552782], [103.99364800375392, 30.718171166442005], [103.99364278239398, 30.718171125963817], [103.99364282924537, 30.718166614853047], [103.99363760788567, 30.71816657437465], [103.9936376547373, 30.71816206326388], [103.99362721201844, 30.718161982306462], [103.99362725887053, 30.718157471195696], [103.99362203751137, 30.718157430716683], [103.9936220843637, 30.71815291960593], [103.99361686300477, 30.718152879126713], [103.99361690985734, 30.718148368015974], [103.99361168849867, 30.71814832753654], [103.99361173535146, 30.7181438164258], [103.99360651399306, 30.718143775946174], [103.99360656084608, 30.71813926483543], [103.99360133948792, 30.7181392243556], [103.99360138634118, 30.718134713244876], [103.99359616498329, 30.718134672764844], [103.99359621183676, 30.71813016165411], [103.99359099047912, 30.718130121173882], [103.99359103733283, 30.718125610063147], [103.99358581597545, 30.718125569582714], [103.99358614395288, 30.718093991807596], [103.99359136530857, 30.718094032287986], [103.9935914121622, 30.718089521177234], [103.99359663351767, 30.718089561657408], [103.99359672722441, 30.718080539435892], [103.9936019485794, 30.718080579915828], [103.99360199543251, 30.718076068805047], [103.99360721678727, 30.718076109284784], [103.99360726364013, 30.718071598173996], [103.99361248499464, 30.7180716386535], [103.99361253184725, 30.71806712754271], [103.99361775320153, 30.718067168022], [103.9936178000539, 30.71806265691119], [103.99362302140796, 30.718062697390277], [103.99362306826005, 30.71805818627946], [103.99362828961387, 30.718058226758323], [103.99362833646572, 30.718053715647503], [103.99363355781931, 30.718053756126135], [103.9936336046709, 30.7180492450153], [103.99363882602427, 30.71804928549372], [103.99363891972693, 30.71804026327203], [103.99364414107981, 30.718040303750232], [103.99364423478195, 30.718031281528507], [103.99364945613436, 30.71803132200648], [103.99364954983596, 30.71802229978472], [103.9936547711879, 30.71802234026249], [103.99365495859004, 30.718004295818904], [103.993660179941, 30.718004336296413], [103.99366050789263, 30.71797275852], [103.99366572924191, 30.71797279899725], [103.99366586979171, 30.71795926566443], [103.99367109114027, 30.71795930614145], [103.99367113798995, 30.717954795030494], [103.99368158068661, 30.717954875983892], [103.99368162753579, 30.717950364872916], [103.99373906236553, 30.717950810101517], [103.99373901551903, 30.717955321212578], [103.9937442368675, 30.717955361686652], [103.99374419002122, 30.7179598727977], [103.99375463271868, 30.717959953745236], [103.99375467956446, 30.71795544263417], [103.99376512226146, 30.717955523580848], [103.99376516910675, 30.717951012469758], [103.99377561180331, 30.71795109341559], [103.9937756586481, 30.717946582304485], [103.99378610134421, 30.71794666324945], [103.9937861481885, 30.71794215213833], [103.99379659088419, 30.71794223308245], [103.99379663772798, 30.717937721971314], [103.99385407255227, 30.717938167148873], [103.99385402571114, 30.717942678260094], [103.9938592470591, 30.717942718729525], [103.99385920021822, 30.717947229840753], [103.99386442156644, 30.717947270309985], [103.99386437472579, 30.717951781421206], [103.99386959607425, 30.71795182189024], [103.99386954923384, 30.717956333001474], [103.99387477058255, 30.717956373470304], [103.99387472374237, 30.717960884581533], [103.99387994509134, 30.717960925050168], [103.9938798982514, 30.717965436161396], [103.99389034094987, 30.717965517098033], [103.99389029411037, 30.71797002820928], [103.99389551545988, 30.717970068677282], [103.99389546862062, 30.71797457978855], [103.99390068997039, 30.717974620256356], [103.99390054945329, 30.717988153590117], [103.99390577080378, 30.717988194057746], [103.99390558344847, 30.718006238502742], [103.99391080479994, 30.718006278970186], [103.99391052376812, 30.71803334563765], [103.99391574512106, 30.718033386104924], [103.99391569828263, 30.71803789721616], [103.99392091963583, 30.718037937683214], [103.99392087279763, 30.718042448794467], [103.99392609415108, 30.71804248926134], [103.99392604731311, 30.718047000372582], [103.99393126866681, 30.71804704083924], [103.99393117499133, 30.718056063061745], [103.99393639634555, 30.71805610352821], [103.99393625583298, 30.718069636861962], [103.99394147718792, 30.71806967732823], [103.99394105565183, 30.718110277329366], [103.9939358342947, 30.71811023686303], [103.99393545959329, 30.71814632575266], [103.99393023823423, 30.718146285286043], [103.9939300508823, 30.718164329730758], [103.99393527224234, 30.718164370197396], [103.99393517856679, 30.718173392419736], [103.99394039992733, 30.718173432886182], [103.99394035308977, 30.718177943997365], [103.99394557445056, 30.7181779844636], [103.99394552761325, 30.718182495574784], [103.99395597033534, 30.718182576506653], [103.9939559234985, 30.71818708761785], [103.99397680894377, 30.718187249479087], [103.99397676210789, 30.718191760590305], [103.99398198346948, 30.718191801055095], [103.99398193663383, 30.718196312166317], [103.99398715799568, 30.718196352630905], [103.99398706432484, 30.718205374853355], [103.99399228568718, 30.71820541531775], [103.99399223885199, 30.718209926428973], [103.99399746021459, 30.718209966893173], [103.99399741337963, 30.718214478004402], [103.99400263474246, 30.718214518468386], [103.99400258790774, 30.718219029579622], [103.99400780927084, 30.718219070043418], [103.99400776243634, 30.718223581154643], [103.9940129837997, 30.71822362161823], [103.99401293696545, 30.71822813272948], [103.99402337969266, 30.718228213656033], [103.99402333285887, 30.718232724767272], [103.99402855422275, 30.718232765230244], [103.99402846055564, 30.718241787452758], [103.99403368192, 30.718241827915534], [103.99403363508667, 30.718246339026788], [103.99404407781591, 30.718246419951722], [103.99404412464877, 30.718241908840447], [103.99405456737756, 30.71824198976453], [103.99405461420992, 30.718237478653236], [103.99410160648786, 30.718237842801127], [103.99410155965771, 30.718242353912476], [103.99410678102223, 30.71824239437231], [103.99410682785214, 30.718237883260947], [103.994122491945, 30.718238004639172], [103.99412253877419, 30.71823349352778], [103.99412776013826, 30.718233533986755], [103.99412780696719, 30.718229022875363], [103.994133028331, 30.718229063334128], [103.99413312198834, 30.71822004111131], [103.9941383433517, 30.718220081569843], [103.9941384370085, 30.71821105934699], [103.99414365837139, 30.718211099805302], [103.99414375202767, 30.718202077582436], [103.99414897339007, 30.71820211804053], [103.99414902021795, 30.718197606929074], [103.99415424158013, 30.718197647386937], [103.99415433523536, 30.71818862516402], [103.99416477795879, 30.718188706079108], [103.99416491844009, 30.718175172744655], [103.9941701398011, 30.718175213201867], [103.99417018662794, 30.71817070209037], [103.99417540798869, 30.718170742547354], [103.99417554846843, 30.718157209212816], [103.99418076982847, 30.718157249669574], [103.99418091030739, 30.718143716334986], [103.99418613166671, 30.71814375679152], [103.99418617849275, 30.718139245679975], [103.99420706392918, 30.718139407503944], [103.99420701710412, 30.718143918615507], [103.9942226811823, 30.718144039981315], [103.99422263435794, 30.718148551092906], [103.9942278557176, 30.71814859154776], [103.99422780889348, 30.71815310265935], [103.99423303025338, 30.718153143114005], [103.9942329834295, 30.7181576542256], [103.99424342614982, 30.718157735134287], [103.99424337932642, 30.718162246245896], [103.99425382204727, 30.718162327153756], [103.9942538688702, 30.718157816042133], [103.99426431159061, 30.718157896949137], [103.99426435841303, 30.718153385837493], [103.99428524385303, 30.718153547648964], [103.99428529067447, 30.71814903653729], [103.99429573339404, 30.718149117441754], [103.994295780215, 30.71814460633006], [103.99430100157454, 30.718144646781965], [103.99430104839524, 30.71814013567027], [103.99430626975457, 30.71814017612196], [103.994306316575, 30.718135665010248], [103.99432720201145, 30.71813582681488], [103.9943272488309, 30.71813131570313], [103.99433247018979, 30.718131356153766], [103.99433242337058, 30.718135867265506], [103.99434286608889, 30.718135948166143], [103.99434281927013, 30.7181404592779], [103.99435326198898, 30.718140540177714], [103.99435321517072, 30.718145051289483], [103.99435843653038, 30.71814509173909], [103.99435838971235, 30.718149602850872], [103.99436361107229, 30.718149643300254], [103.99436356425448, 30.718154154412037], [103.99437400697485, 30.718154235310216], [103.99437396015753, 30.718158746422], [103.99437918151797, 30.718158786870784], [103.99437913470089, 30.718163297982578], [103.99438435606159, 30.718163338431157], [103.99438430924472, 30.718167849542958], [103.99438953060567, 30.71816788999133], [103.99438948378905, 30.718172401103136], [103.99439470515026, 30.718172441551307], [103.99439465833387, 30.718176952663114], [103.99439987969532, 30.71817699311108], [103.99439983287917, 30.7181815042229], [103.99440505424087, 30.718181544670657], [103.99440500742494, 30.71818605578247], [103.99441022878692, 30.718186096230035], [103.99441018197122, 30.718190607341864], [103.99442062469566, 30.718190688236362], [103.99442057788045, 30.718195199348195], [103.99442579924293, 30.718195239795143], [103.99442575242794, 30.718199750906976], [103.99443097379067, 30.718199791353722], [103.99443092697592, 30.718204302465573], [103.9944361483389, 30.71820434291211], [103.99443610152439, 30.71820885402395], [103.99444132288764, 30.71820889447029], [103.99444127607335, 30.71821340558213], [103.99444649743685, 30.718213446028273], [103.99444645062279, 30.718217957140123], [103.99445167198654, 30.718217997586056], [103.9944516251727, 30.71822250869792], [103.99445684653672, 30.718222549143647], [103.99445679972311, 30.718227060255504], [103.99446202108737, 30.71822710070103], [103.99446197427402, 30.718231611812893], [103.99446719563852, 30.71823165225822], [103.99446714882541, 30.718236163370083], [103.99447237019017, 30.718236203815206], [103.99447232337727, 30.71824071492707], [103.9944775447423, 30.718240755371994], [103.99447749792962, 30.718245266483873], [103.99448271929491, 30.718245306928594], [103.99448267248246, 30.718249818040466], [103.99448789384799, 30.718249858484985], [103.9944878470358, 30.718254369596867], [103.99449306840157, 30.718254410041183], [103.9944930215896, 30.71825892115308], [103.99449824295564, 30.71825896159718], [103.99449814933216, 30.718267983820958], [103.99450337069868, 30.718268024264873], [103.99450332388719, 30.71827253537677], [103.99450854525396, 30.718272575820468], [103.99450849844268, 30.718277086932368], [103.99451371980972, 30.718277127375874], [103.99451367299866, 30.718281638487785], [103.99451889436595, 30.71828167893108], [103.99451884755516, 30.718286190042985], [103.99452929029025, 30.718286270928974], [103.99452924347992, 30.718290782040896], [103.99453446484772, 30.71829082248359], [103.9945344180376, 30.7182953335955], [103.99453963940566, 30.718295374037993], [103.99453959259579, 30.718299885149914], [103.9945448139641, 30.71829992559221], [103.99454476715447, 30.718304436704134], [103.99454998852305, 30.718304477146205], [103.99454994171361, 30.71830898825814], [103.99455516308245, 30.718309028700023], [103.99455511627328, 30.718313539811952], [103.99456033764234, 30.718313580253636], [103.9945602908334, 30.718318091365575], [103.99456551220273, 30.718318131807045], [103.99456546539402, 30.71832264291898], [103.9945706867636, 30.718322683360256], [103.99457059314663, 30.71833170558415], [103.99457581451671, 30.71833174602522], [103.99457544005034, 30.71836783492072], [103.9945702186783, 30.71836779447958], [103.99457012506113, 30.71837681670342], [103.99456490368864, 30.718376776262062], [103.99456485687978, 30.718381287373962], [103.99455963550704, 30.718381246932378], [103.99455958869794, 30.718385758044274], [103.99453348183323, 30.718385555833212], [103.9945334350229, 30.71839006694506], [103.9945229922766, 30.71838998605915], [103.99452294546577, 30.71839449717099], [103.9945177240924, 30.718394456727726], [103.99451767728131, 30.718398967839537], [103.99450723453411, 30.71839888695235], [103.99450718772253, 30.718403398064147], [103.99450196634871, 30.718403357620225], [103.99450191953687, 30.718407868732026], [103.9944966981628, 30.71840782828789], [103.99449660453864, 30.718416850511453], [103.9944913831641, 30.718416810067094], [103.99449119591465, 30.718434854514165], [103.99448597453915, 30.71843481406956], [103.99448536597409, 30.718493458522094], [103.99448014459544, 30.71849341807718], [103.99448000415637, 30.718506951412287], [103.99447478277702, 30.71850691096715], [103.99447473596372, 30.718511422078837], [103.99446951458413, 30.718511381633476], [103.99446946777059, 30.71851589274516], [103.99446424639075, 30.71851585229959], [103.99446419957695, 30.71852036341125], [103.99445375681684, 30.71852028251947], [103.99445371000255, 30.718524793631115], [103.99444848862225, 30.7185247531849], [103.99444844180772, 30.71852926429654], [103.9944432204272, 30.718529223850098], [103.99444312679759, 30.718538246073358], [103.9944379054166, 30.7185382056267], [103.99443781178647, 30.71854722784992], [103.994432590405, 30.718547187403043], [103.99443254358967, 30.718551698514645], [103.99442732220797, 30.718551658067547], [103.99442722857678, 30.718560680290715], [103.99442200719461, 30.718560639843403], [103.99442191356292, 30.718569662066553], [103.99441669218027, 30.718569621619], [103.99441659854804, 30.71857864384212], [103.99441137716491, 30.71857860339435], [103.99441133034854, 30.718583114505897], [103.99440610896518, 30.71858307405791], [103.99440606214854, 30.718587585169452], [103.99440084076497, 30.71858754472125], [103.99440079394807, 30.71859205583277], [103.99439557256424, 30.718592015384345], [103.99439552574712, 30.718596526495862], [103.99438508297902, 30.71859644559837], [103.99438503616139, 30.718600956709885], [103.99436937200858, 30.718600835362054], [103.9943693251902, 30.718605346473517], [103.99436410380572, 30.71860530602382], [103.99436405698711, 30.718609817135277], [103.99435883560237, 30.71860977668536], [103.9943587887835, 30.71861428779681], [103.99435356739855, 30.718614247346682], [103.99435352057942, 30.718618758458124], [103.99434829919423, 30.718618718007768], [103.99434825237485, 30.7186232291192], [103.99434303098943, 30.71862318866863], [103.99434293735014, 30.718632210891464], [103.99433771596424, 30.718632170440667], [103.99433766914434, 30.71863668155208], [103.99433244775823, 30.718636641101067], [103.99433240093806, 30.718641152212466], [103.9943271795517, 30.718641111761237], [103.99432708591087, 30.718650133984006], [103.99432186452404, 30.718650093532545], [103.99432181770337, 30.71865460464392], [103.9943165963163, 30.71865456419226], [103.99431654949538, 30.718659075303613], [103.99431132810807, 30.71865903485173], [103.99431128128688, 30.71866354596308], [103.99430605989936, 30.71866350551097], [103.99430601307793, 30.718668016622313], [103.9942955703024, 30.718667935717455], [103.99429552348047, 30.71867244682878], [103.9942903020925, 30.71867240637603], [103.9942902552703, 30.718676917487354], [103.99427981249389, 30.7186768365812], [103.9942797656712, 30.718681347692492], [103.99426932289431, 30.718681266785502], [103.99426927607115, 30.71868577789677], [103.99423794773932, 30.718685535170692], [103.99423790091467, 30.71869004628193], [103.994227458137, 30.718689965371535], [103.99422741131187, 30.71869447648275], [103.9942221899228, 30.718694436027235], [103.994222096272, 30.71870345824964], [103.99421687488245, 30.718703417793908], [103.99421673440546, 30.71871695112746], [103.99421151301519, 30.718716910671496], [103.99421141936331, 30.718725932893843], [103.99420619797257, 30.718725892437654], [103.99420610432017, 30.71873491465997], [103.99420088292896, 30.718734874203548], [103.99420078927604, 30.718743896425842], [103.99419556788435, 30.718743855969198], [103.99419552105762, 30.71874836708033], [103.9941902996657, 30.718748326623473], [103.99419020601172, 30.718757348845713], [103.99418498461934, 30.718757308388625], [103.99418484413756, 30.718770841721945], [103.99417962274447, 30.718770801264622], [103.99417948226187, 30.7187843345979], [103.99418470365572, 30.718784375055236], [103.99418428220957, 30.71882497505493], [103.99417906081355, 30.71882493459753], [103.99417873301981, 30.718856512374845], [103.9941735116221, 30.71885647191718], [103.99417341796617, 30.718865494139227], [103.99416819656795, 30.718865453681335], [103.99416814973974, 30.718869964792344], [103.99416292834132, 30.718869924334243], [103.99416288151284, 30.718874435445237], [103.99415766011418, 30.71887439498691], [103.99415756645669, 30.718883417208893], [103.99415234505756, 30.71888337675034], [103.99415229822857, 30.718887887861317], [103.99414707682921, 30.718887847402563], [103.99414702999995, 30.718892358513514], [103.99414180860035, 30.71889231805454], [103.99414176177085, 30.718896829165494], [103.99413654037103, 30.718896788706292], [103.99413649354126, 30.71890129981724], [103.99412605074114, 30.7189012188982], [103.99412600391088, 30.718905730009116], [103.9941207825106, 30.718905689549274], [103.9941207356801, 30.718910200660197], [103.99411551427958, 30.718910160200124], [103.99411546744882, 30.71891467131104], [103.99411024604807, 30.718914630850765], [103.99411019921706, 30.718919141961656], [103.99410497781606, 30.718919101501168], [103.9941049309848, 30.718923612612052], [103.9940997095836, 30.718923572151326], [103.99409966275208, 30.71892808326221], [103.99409444135063, 30.718928042801284], [103.99409434768705, 30.71893706502301], [103.99408390488323, 30.718936984100488], [103.99408385805094, 30.71894149521133], [103.9940786366488, 30.718941454749757], [103.99407858981625, 30.71894596586059], [103.99407336841388, 30.71894592539878], [103.9940733215811, 30.718950436509616], [103.9940681001785, 30.7189503960476], [103.99406805334544, 30.718954907158402], [103.9940628319426, 30.71895486669618], [103.9940627851093, 30.718959377806975], [103.99405234230316, 30.718959296881863], [103.99405229546937, 30.718963807992655], [103.99404707406607, 30.718963767529775], [103.99404702723203, 30.718968278640546], [103.99403658442498, 30.718968197714144], [103.99403653759045, 30.718972708824904], [103.99403131618669, 30.71897266836138], [103.9940312693519, 30.718977179472127], [103.9940260479479, 30.71897713900838], [103.99402600111286, 30.71898165011913], [103.99402077970863, 30.718981609655174], [103.99402073287334, 30.718986120765898], [103.99401551146889, 30.71898608030172], [103.99401546463334, 30.71899059141243], [103.99401024322866, 30.718990550948046], [103.99401019639284, 30.718995062058745], [103.99400497498793, 30.718995021594132], [103.99400492815185, 30.718999532704842], [103.99399970674672, 30.718999492240016], [103.9939996599104, 30.71900400335069], [103.99399443850501, 30.719003962885658], [103.99399439166845, 30.719008473996332], [103.99398917026285, 30.719008433531076], [103.993989123426, 30.719012944641726], [103.99398390202018, 30.719012904176257], [103.99398385518309, 30.71901741528691], [103.99397863377702, 30.719017374821224], [103.99397858693969, 30.71902188593186], [103.99397336553338, 30.719021845465956], [103.9939733186958, 30.719026356576585], [103.99396809728925, 30.719026316110458], [103.99396805045141, 30.71903082722107], [103.99396282904465, 30.71903078675474], [103.99396278220655, 30.719035297865343], [103.99395756079954, 30.71903525739879], [103.99395751396119, 30.719039768509383], [103.99395229255396, 30.7190397280426], [103.99395224571535, 30.71904423915319], [103.99394702430789, 30.719044198686195], [103.99394697746904, 30.719048709796766], [103.99394175606133, 30.719048669329553], [103.99394166238311, 30.71905769155069], [103.99393644097493, 30.719057651083254], [103.99393639413556, 30.719062162193815], [103.99393117272714, 30.71906212172616], [103.9939310790479, 30.71907114394725], [103.993925857639, 30.719071103479365], [103.99392581079911, 30.719075614589908], [103.99392058939, 30.719075574121796], [103.99392054254986, 30.719080085232324], [103.9939153211405, 30.719080044764016], [103.9939152274597, 30.719089066985035], [103.99391000604987, 30.719089026516496], [103.99390995920922, 30.719093537626986], [103.99390473779916, 30.719093497158234], [103.99390464411732, 30.719102519379206], [103.99389942270678, 30.719102478910223], [103.99389932902442, 30.719111501131167], [103.9938941076134, 30.71911146066196], [103.99389406077196, 30.719115971772425], [103.99388883936072, 30.71911593130299], [103.99388874567731, 30.719124953523895], [103.9938835242656, 30.71912491305425], [103.99388347742364, 30.719129424164684], [103.9938782560117, 30.71912938369482], [103.99387820916948, 30.71913389480525], [103.9938729877573, 30.719133854335166], [103.99387294091484, 30.719138365445584], [103.99386771950243, 30.719138324975287], [103.9938676726597, 30.719142836085688], [103.99386245124705, 30.719142795615177], [103.9938623575611, 30.71915181783596], [103.99385713614797, 30.719151777365216], [103.99385708930474, 30.71915628847561], [103.99384664647805, 30.719156207533477], [103.9938465996343, 30.71916071864384], [103.99384137822072, 30.719160678172457], [103.99384133137674, 30.7191651892828], [103.99383610996293, 30.71916514881121], [103.99383606311869, 30.719169659921548], [103.99382562029062, 30.719169578977706], [103.99382557344587, 30.71917409008803], [103.9937785807179, 30.719173725830267], [103.99377862756482, 30.719169214719997], [103.993768184737, 30.719169133771533], [103.99376823158438, 30.719164622661285], [103.99376301017072, 30.71916458218675], [103.99376305701837, 30.71916007107651], [103.99375783560495, 30.71916003060176], [103.99375788245283, 30.719155519491526], [103.99375266103968, 30.719155479016575], [103.99375275473587, 30.719146456796096], [103.9937475333232, 30.71914641632096], [103.99374758017152, 30.719141905210726], [103.99374235875912, 30.71914186473538], [103.99374245245622, 30.719132842514917], [103.9937372310443, 30.71913280203938], [103.9937373715906, 30.719119268708674], [103.99373215017944, 30.719119228232945], [103.99373229072637, 30.719105694902243], [103.99372706931594, 30.71910565442633], [103.99372716301431, 30.719096632205844], [103.99372194160439, 30.71909659172974], [103.99372236324879, 30.71905599173751], [103.99371714184106, 30.719055951261254], [103.99371732923926, 30.71903790682021], [103.99371210783251, 30.719037866343776], [103.99371220153203, 30.719028844123248], [103.99370698012578, 30.719028803646612], [103.99370707382575, 30.719019781426088], [103.99370185241999, 30.719019740949257], [103.9937019461204, 30.71901071872873], [103.99369672471515, 30.719010678251703], [103.993696818416, 30.719001656031182], [103.99369159701124, 30.719001615553967], [103.9936916438619, 30.718997104443712], [103.99368642245739, 30.718997063966285], [103.99368646930827, 30.718992552856026], [103.99368124790402, 30.718992512378403], [103.99368129475512, 30.718988001268148], [103.99367607335112, 30.718987960790322], [103.9936761202025, 30.71898344968008], [103.99367089879874, 30.71898340920205], [103.99367094565032, 30.71897889809181], [103.99366572424682, 30.71897885761358], [103.99366577109863, 30.718974346503334], [103.99366054969539, 30.718974306024904], [103.99366059654744, 30.718969794914667], [103.99365537514446, 30.718969754436024], [103.99365542199673, 30.718965243325794], [103.993650200594, 30.71896520284695], [103.99365024744652, 30.718960691736733], [103.99364502604404, 30.718960651257685], [103.99364507289678, 30.718956140147462], [103.99360330167926, 30.718955816307595], [103.99360325482456, 30.71896032741777], [103.99358236921508, 30.71896016549277], [103.9935823223594, 30.7189646766029], [103.99356665815166, 30.71896455515693], [103.99356661129525, 30.718969066267046], [103.9935509470869, 30.71896894481915], [103.99355090022975, 30.718973455929238], [103.99353001461776, 30.718973293995756], [103.99352996775963, 30.71897780510581], [103.99351430355003, 30.71897768365347], [103.99351425669116, 30.718982194763505], [103.99350381388432, 30.7189821137942], [103.99350376702495, 30.718986624904215], [103.99349332421767, 30.71898654393407], [103.9934932773578, 30.71899105504406], [103.99348283455008, 30.718990974073062], [103.99348278768971, 30.718995485183036], [103.99347234488155, 30.718995404211192], [103.99347229802069, 30.718999915321135], [103.9934566338078, 30.71899979386177], [103.9934565869462, 30.719004304971694], [103.99344092273266, 30.71900418351042], [103.99344082900798, 30.719013205730235], [103.993435607603, 30.71901316524271], [103.9934355607404, 30.71901767635259], [103.99343033933518, 30.71901763586484], [103.99342987070614, 30.71906274696352], [103.99343509211376, 30.719062787451332], [103.99343495152557, 30.719076320780893], [103.99344017293396, 30.71907636126852], [103.99344012607145, 30.71908087237838], [103.99344534748006, 30.719080912865813], [103.99344530061781, 30.719085423975674], [103.99345052202668, 30.719085464462893], [103.99345056888872, 30.719080953353032], [103.99347145452337, 30.71908111529979], [103.99347140766233, 30.71908562640969], [103.9934818504802, 30.719085707381836], [103.99348180361963, 30.71909021849174], [103.99348702502881, 30.719090258977506], [103.99348697816846, 30.719094770087402], [103.99349742098738, 30.71909485105832], [103.99349737412751, 30.719099362168244], [103.99350259553722, 30.71909940265339], [103.99350254867758, 30.719103913763316], [103.99350777008755, 30.719103954248254], [103.99350772322815, 30.71910846535818], [103.99351294463837, 30.71910850584293], [103.99351289777918, 30.719113016952868], [103.99351811918966, 30.719113057437397], [103.99351807233072, 30.719117568547333], [103.99352329374145, 30.71911760903168], [103.99352324688273, 30.71912212014161], [103.99352846829372, 30.719122160625744], [103.99352842143524, 30.719126671735683], [103.99353886425773, 30.719126752703335], [103.99353881739972, 30.719131263813292], [103.99354403881121, 30.719131304296805], [103.99354399195344, 30.71913581540678], [103.9935492133652, 30.719135855890094], [103.99354916650766, 30.71914036700005], [103.99355438791967, 30.71914040748317], [103.99355434106235, 30.719144918593138], [103.99355956247462, 30.719144959076047], [103.99355951561753, 30.719149470186007], [103.99356473703007, 30.71914951066871], [103.99356469017322, 30.719154021778706], [103.99357513299877, 30.719154102743506], [103.9935750861424, 30.71915861385348], [103.99358030755543, 30.719158654335573], [103.99358026069929, 30.71916316544556], [103.99358548211258, 30.719163205927458], [103.99358543525668, 30.719167717037447], [103.99359065667022, 30.71916775751913], [103.99359056295887, 30.719176779739133], [103.9935957843729, 30.71917682022062], [103.99359569066199, 30.71918584244063], [103.99360091207653, 30.719185882921924], [103.99360058408969, 30.71921746069186], [103.99359536267346, 30.71921742021051], [103.9935951752512, 30.719235464650378], [103.993589953834, 30.719235424168797], [103.99358986012233, 30.71924444638869], [103.99358463870466, 30.719244405906885], [103.99358454499246, 30.71925342812676], [103.99313550307022, 30.71924994590452]], [[103.99325585816452, 30.718723037023334], [103.993287186499, 30.718723279986683], [103.99328723336797, 30.71871876887679], [103.99329245475684, 30.718718809369932], [103.99329250162555, 30.718714298260036], [103.99330294440284, 30.718714379245686], [103.99330299127107, 30.71870986813577], [103.9933238768248, 30.71871003010453], [103.99332392369203, 30.71870551899458], [103.99333436646849, 30.718705599977678], [103.99333441333522, 30.718701088867714], [103.99333963472321, 30.718701129358937], [103.99333968158969, 30.718696618248956], [103.99334490297746, 30.718696658739972], [103.99334494984369, 30.718692147629984], [103.99335539261875, 30.71869222861136], [103.99335543948449, 30.718687717501364], [103.9933606608718, 30.718687757991727], [103.99336070773728, 30.71868324688171], [103.99336592912435, 30.71868328737186], [103.99336597598958, 30.718678776261836], [103.99337119737642, 30.718678816751765], [103.9933712442414, 30.71867430564172], [103.99337646562802, 30.718674346131447], [103.99337651249272, 30.718669835021398], [103.9933817338791, 30.718669875510894], [103.99338178074358, 30.718665364400838], [103.99339222351588, 30.718665445379198], [103.99339227037984, 30.718660934269113], [103.99339749176576, 30.71866097475797], [103.99339753862948, 30.718656463647886], [103.99340276001519, 30.71865650413652], [103.99340313492256, 30.718620415255653], [103.9933979135388, 30.718620374767067], [103.99339805412963, 30.718606841436713], [103.99339283274662, 30.71860680094795], [103.99339287961045, 30.718602289837825], [103.99338765822769, 30.718602249348855], [103.9933877519558, 30.71859322712864], [103.99338253057354, 30.718593186639467], [103.99338257743783, 30.718588675529343], [103.99337735605582, 30.718588635039968], [103.99337740292033, 30.71858412392986], [103.99337218153858, 30.71858408344029], [103.99337222840332, 30.71857957233018], [103.99336700702183, 30.71857953184041], [103.99336705388681, 30.718575020730306], [103.99336183250556, 30.718574980240334], [103.99336192623598, 30.718565958020132], [103.99335670485523, 30.71856591752996], [103.99335675172065, 30.718561406419866], [103.99335153034016, 30.71856136592949], [103.99335157720583, 30.718556854819393], [103.99334113444536, 30.718556773838024], [103.99334118131151, 30.718552262727947], [103.99333595993151, 30.718552222236955], [103.99333600679789, 30.718547711126877], [103.99333078541818, 30.71854767063569], [103.99333083228478, 30.718543159525613], [103.99330472538753, 30.718542957066518], [103.9933046785197, 30.718547468176563], [103.99329423576039, 30.718547387191443], [103.99329418889208, 30.718551898301463], [103.99328374613232, 30.718551817315493], [103.9932836992635, 30.718556328425482], [103.9932732565033, 30.71855624743867], [103.993273209634, 30.718560758548655], [103.99326798825366, 30.71856071805492], [103.9932679413841, 30.71856522916489], [103.99325749862298, 30.718565148176772], [103.99325745175292, 30.71856965928673], [103.99324700899137, 30.718569578297764], [103.9932469621208, 30.718574089407696], [103.9932417407398, 30.71857404891289], [103.99324169386901, 30.718578560022824], [103.99323647248777, 30.718578519527803], [103.9932364256167, 30.718583030637717], [103.99323120423523, 30.718582990142473], [103.99323115736391, 30.71858750125238], [103.99322593598221, 30.718587460756915], [103.99322584223906, 30.71859648297671], [103.99322062085687, 30.718596442481033], [103.9932205271132, 30.71860546470079], [103.99321530573054, 30.71860542420489], [103.99321521198634, 30.718614446424628], [103.9932099906032, 30.718614405928488], [103.99320980311369, 30.718632450367892], [103.99320458172959, 30.718632409871518], [103.9932044411116, 30.718645943201018], [103.9931992197268, 30.71864590270442], [103.99319907910798, 30.71865943603387], [103.99319385772247, 30.71865939553703], [103.9931936702296, 30.718677439976226], [103.99319889161609, 30.718677480473083], [103.9931988447431, 30.718681991582887], [103.99320406612985, 30.718682032079542], [103.99320401925708, 30.718686543189346], [103.9932144620311, 30.718686624182048], [103.99321441515882, 30.71869113529186], [103.99321963654607, 30.718691175787903], [103.99321958967403, 30.718695686897718], [103.99322481106154, 30.71869572739356], [103.99322476418972, 30.718700238503388], [103.99322998557749, 30.718700278999023], [103.9932299387059, 30.718704790108845], [103.99323516009392, 30.718704830604285], [103.99323511322255, 30.718709341714106], [103.99324033461085, 30.718709382209337], [103.99324028773971, 30.71871389331918], [103.99324550912824, 30.718713933814204], [103.99324546225735, 30.71871844492404], [103.99325590503494, 30.718718525913488], [103.99325585816452, 30.718723037023334]]]}, "properties": {"id": "seg_011", "source": "seg", "area_m2": 16988.8, "layout": "垂直式", "coef_m2": 28, "capacity": 607, "cap_min": 506, "cap_max": 758, "cx": 403667.0, "cy": 3398846.9}}, {"type": "Feature", "geometry": {"type": "Polygon", "coordinates": [[[103.9948449589327, 30.718058630384355], [103.99484500572791, 30.718054119271844], [103.99483456301682, 30.718054038411786], [103.99483465660819, 30.718045016186775], [103.99482943525314, 30.71804497575645], [103.99482948204906, 30.718040464643945], [103.99482426069426, 30.718040424213424], [103.9948243074904, 30.718035913100923], [103.99481908613586, 30.718035872670182], [103.9948191797286, 30.7180268504452], [103.99481395837455, 30.71802681001427], [103.99481400517116, 30.718022298901776], [103.99480878381738, 30.71802225847065], [103.99480883061419, 30.718017747358157], [103.99480360926066, 30.718017706926826], [103.99480365605771, 30.718013195814336], [103.99479843470444, 30.718013155382803], [103.99479848150173, 30.71800864427032], [103.9947932601487, 30.71800860383858], [103.99479330694622, 30.71800409272611], [103.99478808559346, 30.71800405229416], [103.99478813239121, 30.71799954118169], [103.9947829110387, 30.71799950074955], [103.99478295783668, 30.717994989637074], [103.99477773648441, 30.71799494920473], [103.99477778328263, 30.71799043809226], [103.99477256193062, 30.717990397659715], [103.99477260872908, 30.717985886547254], [103.99476738737731, 30.71798584611451], [103.99476743417601, 30.717981335002047], [103.9947622128245, 30.717981294569093], [103.99476225962341, 30.717976783456635], [103.99475703827216, 30.717976743023478], [103.99475708507131, 30.717972231911034], [103.99475186372031, 30.717972191477667], [103.9947519105197, 30.717967680365224], [103.99474668916896, 30.71796763993166], [103.99474673596856, 30.71796312881923], [103.9947362932676, 30.717963047951482], [103.99473634006769, 30.717958536839046], [103.99473111871745, 30.717958496404876], [103.99473116551778, 30.71795398529244], [103.99472594416781, 30.71795394485806], [103.99472599096836, 30.717949433745645], [103.99472076961864, 30.71794939331106], [103.99472091002099, 30.717935859973796], [103.99471568867199, 30.717935819539022], [103.99471573547301, 30.717931308426603], [103.99471051412428, 30.71793126799163], [103.9947105609255, 30.717926756879216], [103.99470533957704, 30.71792671644404], [103.99470543317996, 30.7179176942192], [103.99470021183197, 30.717917653783832], [103.99470025863367, 30.71791314267142], [103.99469503728594, 30.717913102235848], [103.99469508408785, 30.717908591123436], [103.99468986274039, 30.717908550687657], [103.99468995634467, 30.717899528462855], [103.9946847349977, 30.717899488026873], [103.99468478180007, 30.717894976914472], [103.99467956045336, 30.717894936478295], [103.99467960725596, 30.717890425365887], [103.9946743859095, 30.717890384929508], [103.99467447951517, 30.71788136270472], [103.9946692581692, 30.71788132226815], [103.99466930497225, 30.717876811155755], [103.99466408362655, 30.717876770718977], [103.99466417723312, 30.717867748494186], [103.9946589558879, 30.717867708057206], [103.99465900269142, 30.71786319694482], [103.99465378134644, 30.717863156507647], [103.99465387495394, 30.717854134282877], [103.99464865360946, 30.717854093845496], [103.99464870041344, 30.717849582733116], [103.99464347906921, 30.717849542295543], [103.99464352587341, 30.717845031183163], [103.99463830452945, 30.71784499074538], [103.99463835133388, 30.717840479633008], [103.99463312999016, 30.71784043919504], [103.99463317679484, 30.71783592808265], [103.99462795545138, 30.717835887644473], [103.99462804906118, 30.717826865419738], [103.99462282771822, 30.71782682498136], [103.99462287452333, 30.717822313868997], [103.99461765318063, 30.717822273430407], [103.99461769998598, 30.71781776231805], [103.99461247864353, 30.717817721879253], [103.99461257225468, 30.71780869965454], [103.99460735091273, 30.71780865921556], [103.99460739771854, 30.717804148103205], [103.99460217637683, 30.717804107664026], [103.9946022699889, 30.717795085439317], [103.99459704864769, 30.71779504499993], [103.99459709545395, 30.717790533887577], [103.99459187411301, 30.717790493447996], [103.9945919209195, 30.717785982335652], [103.9945866995788, 30.71778594189587], [103.99458679319224, 30.717776919671174], [103.99458157185204, 30.717776879231195], [103.994581618659, 30.717772368118847], [103.99457639731905, 30.717772327678666], [103.9945764909334, 30.71776330545398], [103.99457126959395, 30.717763265013602], [103.99457131640135, 30.717758753901258], [103.99456609506214, 30.717758713460682], [103.99456614186978, 30.717754202348356], [103.99456092053084, 30.717754161907564], [103.99456096733871, 30.717749650795234], [103.994555746, 30.717749610354247], [103.9945558396162, 30.717740588129583], [103.99455061827801, 30.71774054768841], [103.99455066508634, 30.71773603657609], [103.99454544374838, 30.717735996134707], [103.99454675438395, 30.71760968498844], [103.99455719704623, 30.717609765870584], [103.99455724385402, 30.717605254758155], [103.99456768651586, 30.71760533563946], [103.99456773332314, 30.717600824527008], [103.99457295465383, 30.71760086496734], [103.99457300146085, 30.717596353854876], [103.99457822279132, 30.717596394295], [103.9945782695981, 30.717591883182518], [103.99458349092832, 30.717591923622415], [103.99458353773484, 30.71758741250994], [103.99458875906484, 30.717587452949616], [103.9945888058711, 30.717582941837122], [103.99459924853065, 30.717583022715836], [103.99459929533641, 30.71757851160332], [103.99460973799552, 30.717578592481182], [103.99460978480077, 30.717574081368657], [103.99462022745944, 30.717574162245658], [103.99462027426421, 30.717569651133118], [103.99463071692243, 30.717569732009263], [103.9946307637267, 30.717565220896706], [103.99463598505558, 30.717565261334453], [103.9946360318596, 30.717560750221885], [103.99464647451691, 30.717560831096737], [103.99464652132043, 30.717556319984148], [103.99465696397729, 30.717556400858157], [103.99465701078033, 30.71755188974555], [103.99466223210852, 30.717551930182232], [103.9946622789113, 30.717547419069618], [103.99466750023927, 30.717547459506076], [103.9946675470418, 30.71754294839344], [103.99467798969728, 30.71754302926573], [103.99467803649931, 30.717538518153088], [103.99468325782684, 30.717538558588906], [103.99468330462861, 30.717534047476253], [103.99468852595588, 30.717534087911854], [103.9946885727574, 30.717529576799194], [103.99469379408445, 30.71752961723458], [103.99469388768698, 30.717520595009233], [103.99469910901355, 30.71752063544438], [103.99469920261555, 30.71751161321901], [103.99470442394166, 30.71751165365395], [103.99470456434382, 30.717498120315838], [103.99470978566922, 30.717498160750534], [103.99470987927013, 30.717489138525096], [103.99471510059504, 30.717489178959582], [103.99471519419542, 30.71748015673411], [103.99472041551986, 30.717480197168374], [103.99472055591963, 30.71746666383013], [103.99472577724335, 30.717466704264144], [103.99472587084266, 30.71745768203862], [103.99473109216589, 30.717457722472428], [103.99473123256405, 30.71744418913409], [103.99473645388657, 30.71744422956765], [103.994736641083, 30.717426185116466], [103.99474186240455, 30.717426225549804], [103.99474204959984, 30.717408181098527], [103.99474727092044, 30.71740822153162], [103.99474769210701, 30.71736762151602], [103.99474247078861, 30.717367581083007], [103.99474261118468, 30.717354047744436], [103.99473738986701, 30.717354007311222], [103.9947375302637, 30.71734047397265], [103.99482107133603, 30.7173411208785], [103.99482102454103, 30.717345631991478], [103.99481580322369, 30.717345591561426], [103.9948156160426, 30.71736363601328], [103.99482083736092, 30.717363676443355], [103.99482069697572, 30.71737720978223], [103.99482591829478, 30.717377250212113], [103.99482577791022, 30.71739078355099], [103.99483099923002, 30.717390823980686], [103.99483095243538, 30.717395335093638], [103.99483617375543, 30.71739537552314], [103.9948360801666, 30.71740439774905], [103.99484130148716, 30.71740443817836], [103.99484125469299, 30.717408949291322], [103.99485169733458, 30.717409030149305], [103.99485165054088, 30.71741354126228], [103.99485687186194, 30.71741358169097], [103.99485682506848, 30.71741809280394], [103.99486204638978, 30.717418133232428], [103.9948619528033, 30.717427155458385], [103.99486717412512, 30.717427195886675], [103.99486708053907, 30.71743621811263], [103.99487230186138, 30.717436258540726], [103.99487220827578, 30.717445280766693], [103.99487742959857, 30.71744532119458], [103.99487738280601, 30.71744983230756], [103.99488260412907, 30.717449872735255], [103.99488251054437, 30.717458894961236], [103.99488773186793, 30.71745893538873], [103.9948876382837, 30.717467957614705], [103.99489285960773, 30.717467998042004], [103.99489276602394, 30.717477020267978], [103.9948979873485, 30.717477060695092], [103.99489789376513, 30.717486082921063], [103.99490311509017, 30.71748612334797], [103.99490302150724, 30.717495145573952], [103.99490824283279, 30.71749518600068], [103.99490810245908, 30.71750871933963], [103.99491332378534, 30.717508759766154], [103.9949132302033, 30.717517781992143], [103.99491845153008, 30.71751782241847], [103.99491835794846, 30.717526844644436], [103.99492357927575, 30.717526885070576], [103.99492353248516, 30.717531396183574], [103.9949287538127, 30.717531436609512], [103.99492870702235, 30.717535947722507], [103.99493392835014, 30.717535988148235], [103.99493388156003, 30.717540499261226], [103.99493910288805, 30.717540539686762], [103.99493905609818, 30.71754505079976], [103.99494427742647, 30.717545091225087], [103.99494423063682, 30.717549602338103], [103.99494945196537, 30.71754964276322], [103.99494940517594, 30.71755415387623], [103.99495984783356, 30.717554234725867], [103.9949598010446, 30.717558745838883], [103.99496502237368, 30.71755878626339], [103.99496497558496, 30.717563297376422], [103.99497019691428, 30.717563337800733], [103.9949701501258, 30.717567848913752], [103.99497537145537, 30.717567889337865], [103.99497532466712, 30.717572400450884], [103.99498054599695, 30.71757244087479], [103.99498049920894, 30.717576951987827], [103.994985720539, 30.717576992411523], [103.99498567375123, 30.71758150352457], [103.99499089508156, 30.717581543948068], [103.99499084829401, 30.717586055061116], [103.99499606962459, 30.7175860954844], [103.99499602283727, 30.717590606597454], [103.99500124416811, 30.71759064702054], [103.99500119738103, 30.717595158133587], [103.99500641871212, 30.717595198556474], [103.99500637192529, 30.717599709669546], [103.99501681458797, 30.71759979051471], [103.99501676780159, 30.717604301627766], [103.99502198913319, 30.717604342050045], [103.99502194234705, 30.717608853163117], [103.99502716367893, 30.717608893585183], [103.99502711689301, 30.717613404698263], [103.99503755955725, 30.717613485541772], [103.99503751277182, 30.717617996654877], [103.99504795543658, 30.717618077497573], [103.99504790865163, 30.717622588610666], [103.99505835131691, 30.71762266945255], [103.99505830453244, 30.717627180565646], [103.99506874719826, 30.717627261406694], [103.99506870041424, 30.717631772519805], [103.99507914308059, 30.71763185336003], [103.99507909629706, 30.717636364473172], [103.99509998163086, 30.71763652615112], [103.99509993484828, 30.717641037264276], [103.99511559884947, 30.717641158520564], [103.99511555206762, 30.71764566963374], [103.99512077340161, 30.717645710052082], [103.99512072661999, 30.717650221165265], [103.99512594795424, 30.7176502615834], [103.99512590117284, 30.7176547726966], [103.99513112250735, 30.717654813114546], [103.99513102894504, 30.717663835340907], [103.99513625028004, 30.717663875758657], [103.99513615671816, 30.717672897985032], [103.99514137805365, 30.717672938402586], [103.99514128449222, 30.717681960628962], [103.99514650582822, 30.717682001046317], [103.99514641226722, 30.717691023272693], [103.99515163360371, 30.71769106368986], [103.99515154004318, 30.717700085916235], [103.99515676138016, 30.717700126333202], [103.99515662104, 30.71771365967277], [103.99516184237771, 30.71771370008955], [103.99516156169857, 30.717740766768635], [103.99516678303776, 30.717740807185248], [103.99516636202051, 30.71778140720374], [103.99516114067913, 30.71778136678707], [103.99516100033914, 30.717794900126485], [103.99515577899705, 30.71779485970958], [103.99515563865621, 30.717808393048948], [103.99515041731341, 30.717808352631813], [103.99515037053287, 30.717812863744918], [103.99514514918982, 30.717812823327563], [103.99514510240904, 30.717817334440653], [103.99513988106575, 30.717817294023092], [103.99513978750366, 30.71782631624926], [103.99513456615989, 30.71782627583147], [103.9951345193786, 30.717830786944543], [103.9951292980346, 30.717830746526523], [103.99512925125303, 30.717835257639585], [103.99512402990882, 30.717835217221356], [103.99512393634518, 30.717844239447466], [103.99511871500049, 30.717844199029006], [103.9951186682184, 30.717848710142047], [103.99511344687348, 30.717848669723374], [103.99511340009114, 30.717853180836396], [103.99510817874598, 30.717853140417507], [103.99510813196339, 30.717857651530537], [103.99510291061802, 30.717857611111423], [103.99510281705231, 30.717866633337437], [103.99509759570645, 30.717866592918107], [103.99509754892334, 30.717871104031104], [103.99509232757724, 30.71787106361156], [103.99509228079388, 30.71787557472453], [103.99508705944756, 30.717875534304778], [103.99508696588032, 30.717884556530723], [103.99508174453351, 30.71788451611074], [103.99508165096574, 30.717893538336657], [103.99507642961846, 30.71789349791643], [103.99507633605018, 30.71790252014233], [103.99507111470241, 30.717902479721882], [103.9950710211336, 30.71791150194776], [103.99506579978535, 30.7179114615271], [103.99506570621601, 30.717920483752927], [103.99506048486731, 30.717920443332044], [103.99506039129743, 30.717929465557855], [103.99505516994824, 30.717929425136738], [103.99505512316304, 30.717933936249633], [103.99504990181363, 30.717933895828306], [103.99504980824271, 30.717942918054064], [103.99504458689282, 30.71794287763251], [103.99504449332139, 30.717951899858242], [103.99503927197102, 30.71795185943647], [103.99503917839905, 30.71796088166218], [103.99503395704821, 30.71796084124017], [103.99503391026197, 30.717965352353016], [103.99502868891089, 30.7179653119308], [103.9950286421244, 30.71796982304363], [103.9950234207731, 30.717969782621193], [103.99502337398633, 30.71797429373401], [103.9950181526348, 30.71797425331136], [103.99501810584779, 30.717978764424174], [103.99500766314426, 30.71797868357822], [103.99500761635676, 30.717983194691012], [103.99499717365279, 30.71798311384421], [103.99499712686479, 30.717987624956987], [103.99499190551258, 30.71798758453325], [103.99499185872433, 30.71799209564601], [103.99498663737188, 30.717992055222076], [103.99498659058337, 30.717996566334826], [103.99497614787802, 30.717996485486303], [103.99497610108902, 30.718000996599045], [103.99497087973613, 30.718000956174457], [103.99497083294686, 30.718005467287185], [103.99496561159373, 30.71800542686238], [103.99496556480423, 30.71800993797509], [103.99496034345086, 30.718009897550075], [103.9949602966611, 30.71801440866278], [103.9949550753075, 30.71801436823754], [103.99495502851748, 30.71801887935024], [103.99494980716365, 30.718018838924785], [103.99494976037339, 30.71802335003747], [103.99494453901931, 30.718023309611798], [103.9949444922288, 30.718027820724473], [103.99493927087451, 30.71802778029858], [103.99493922408372, 30.718032291411244], [103.99492878137468, 30.718032210558828], [103.99492873458341, 30.71803672167147], [103.99492351322866, 30.718036681244932], [103.99492346643713, 30.718041192357575], [103.99491824508215, 30.718041151930823], [103.99491819829038, 30.718045663043444], [103.99491297693515, 30.718045622616476], [103.99491293014312, 30.718050133729097], [103.99490248743223, 30.718050052874517], [103.9949024406397, 30.718054563987113], [103.99489199792838, 30.71805448313168], [103.99489195113536, 30.718058994244267], [103.9948449589327, 30.718058630384355]]]}, "properties": {"id": "seg_012", "source": "seg", "area_m2": 2643.8, "layout": "垂直式", "coef_m2": 28, "capacity": 94, "cap_min": 79, "cap_max": 118, "cx": 403758.5, "cy": 3398748.4}}, {"type": "Feature", "geometry": {"type": "Polygon", "coordinates": [[[103.99236900543842, 30.718138687462424], [103.99236905234903, 30.71813417635341], [103.99236383099316, 30.71813413582381], [103.99236387790401, 30.71812962471479], [103.99235865654836, 30.718129584184993], [103.99235870345944, 30.71812507307598], [103.99235348210406, 30.71812503254598], [103.99235352901539, 30.718120521436965], [103.99234830766025, 30.71812048090677], [103.9923483545718, 30.71811596979776], [103.99234313321693, 30.718115929267363], [103.99234322704046, 30.718106907049346], [103.9923380056861, 30.71810686651875], [103.9923380525981, 30.71810235540975], [103.99233283124397, 30.71810231487895], [103.99233287815622, 30.71809780376995], [103.99232765680233, 30.71809776323894], [103.99232775062727, 30.71808874102096], [103.99232252927388, 30.718088700489748], [103.99232257618658, 30.718084189380765], [103.99231735483345, 30.718084148849353], [103.99231740174638, 30.71807963774037], [103.99231218039351, 30.71807959720876], [103.99231222730666, 30.718075086099777], [103.99230700595405, 30.718075045567968], [103.99230705286743, 30.718070534458988], [103.99230183151508, 30.718070493926973], [103.99230187842869, 30.718065982817997], [103.99229665707658, 30.71806594228579], [103.99229670399043, 30.718061431176814], [103.99229148263858, 30.71806139064439], [103.99229157646674, 30.718052368426463], [103.99228635511538, 30.71805232789385], [103.99228640202968, 30.718047816784882], [103.99228118067859, 30.718047776252064], [103.99228122759312, 30.718043265143095], [103.99227600624226, 30.718043224610078], [103.99227605315704, 30.718038713501123], [103.99227083180645, 30.718038672967904], [103.99227087872144, 30.71803416185894], [103.9922656573711, 30.718034121325527], [103.99226570428634, 30.71802961021657], [103.99226048293625, 30.718029569682944], [103.99226052985172, 30.718025058574], [103.99225530850188, 30.71802501804017], [103.99225535541758, 30.718020506931218], [103.992250134068, 30.718020466397185], [103.99225018098393, 30.718015955288255], [103.9922449596346, 30.71801591475402], [103.99224505346692, 30.718006892536142], [103.99223983211809, 30.718006852001714], [103.99223987903449, 30.718002340892777], [103.9922346576859, 30.71800230035814], [103.99223470460251, 30.71799778924922], [103.99222948325419, 30.71799774871438], [103.99222957708788, 30.717988726496518], [103.99222435574005, 30.717988685961494], [103.99222440265713, 30.717984174852575], [103.99221395996199, 30.71798409378189], [103.99221400687954, 30.717979582672978], [103.99220878553223, 30.71797954213733], [103.99220883245, 30.717975031028416], [103.99220361110295, 30.71797499049258], [103.99220365802097, 30.71797047938366], [103.99219843667416, 30.71797043884761], [103.9921984835924, 30.71796592773871], [103.99219326224586, 30.717965887202457], [103.99219330916434, 30.717961376093562], [103.99218808781804, 30.717961335557103], [103.99218818165544, 30.717952313339307], [103.99218296030965, 30.717952272802656], [103.99218300722858, 30.71794776169376], [103.99217778588303, 30.71794772115691], [103.9921778328022, 30.717943210048016], [103.9921726114569, 30.717943169510963], [103.9921726583763, 30.71793865840207], [103.99216743703127, 30.717938617864817], [103.9921674839509, 30.71793410675593], [103.9921622626061, 30.717934066218465], [103.99216230952597, 30.717929555109603], [103.99215708818144, 30.717929514571924], [103.99215718202161, 30.717920492354175], [103.99215196067757, 30.71792045181631], [103.9921520075979, 30.71791594070744], [103.99214678625411, 30.71791590016938], [103.99214688009519, 30.717906877951645], [103.99214165875192, 30.717906837413377], [103.99214170567268, 30.717902326304515], [103.99213648432966, 30.71790228576604], [103.99213657817164, 30.717893263548323], [103.9921313568291, 30.717893223009654], [103.99213145067155, 30.717884200791932], [103.99212622932951, 30.717884160253078], [103.99212627625094, 30.717879649144216], [103.99212105490916, 30.717879608605156], [103.99212119567417, 30.717866075278582], [103.99211597433313, 30.717866034739338], [103.99211611509877, 30.717852501412736], [103.99211089375845, 30.717852460873303], [103.99211103452473, 30.717838927546712], [103.99210581318516, 30.717838887007094], [103.99210590702977, 30.71782986478936], [103.9921006856907, 30.717829824249545], [103.99210082645827, 30.71781629092294], [103.99209560511994, 30.717816250382935], [103.99209569896543, 30.717807228165196], [103.99209047762758, 30.717807187625002], [103.99209057147351, 30.717798165407263], [103.99208535013618, 30.717798124866864], [103.99208544398255, 30.717789102649142], [103.9920802226457, 30.717789062108544], [103.9920803164925, 30.71778003989082], [103.99207509515615, 30.717779999350032], [103.99207518900342, 30.717770977132304], [103.99206996766758, 30.717770936591318], [103.99207006151528, 30.717761914373593], [103.99206484017992, 30.717761873832412], [103.99206493402806, 30.717752851614694], [103.9920597126932, 30.717752811073307], [103.99205985346607, 30.717739277746723], [103.99205463213195, 30.717739237205166], [103.99205481982992, 30.717721192769698], [103.99204959849679, 30.71772115222795], [103.99204978619555, 30.717703107792456], [103.9920445648634, 30.717703067250536], [103.99204470563811, 30.717689533923902], [103.99203948430669, 30.71768949338179], [103.99203957815693, 30.71768047116404], [103.99203435682603, 30.717680430621733], [103.992034497602, 30.717666897295103], [103.99202927627184, 30.717666856752604], [103.99202941704847, 30.717653323425953], [103.99202419571903, 30.717653282883276], [103.99202428957055, 30.7176442606655], [103.99201906824162, 30.71764422012263], [103.99201934979737, 30.71761715346931], [103.99201412846992, 30.717617112926263], [103.99201436310064, 30.717594557381776], [103.99201958442688, 30.717594597924784], [103.99201967827862, 30.717585575706945], [103.9920248996044, 30.717585616249735], [103.99202494653001, 30.717581105140816], [103.99203016785555, 30.71758114568338], [103.99203021478091, 30.717576634574442], [103.99204065743155, 30.717576715658936], [103.9920407043564, 30.717572204549967], [103.99206681098198, 30.717572407257492], [103.99206676405832, 30.717576918366493], [103.99207720670913, 30.71757699944805], [103.99207715978595, 30.71758151055705], [103.99208760243727, 30.71758159163778], [103.99208755551457, 30.71758610274679], [103.99210321949236, 30.717586224366332], [103.99210317257038, 30.71759073547537], [103.99211361522278, 30.717590816554022], [103.99211356830129, 30.71759532766307], [103.99212401095421, 30.717595408740898], [103.99212396403318, 30.71759991984995], [103.99213440668663, 30.717600000926964], [103.99213435976608, 30.71760451203603], [103.99214480242007, 30.717604593112224], [103.99214475550001, 30.71760910422129], [103.99216041948178, 30.71760922583401], [103.99216037256241, 30.71761373694311], [103.9921969218553, 30.717614020698836], [103.99219696877294, 30.717609509589675], [103.99221263275504, 30.71760963119611], [103.99221267967195, 30.717605120086922], [103.99222834365342, 30.717605241691444], [103.9922283905696, 30.717600730582244], [103.99224927587738, 30.717600892718632], [103.99224932279257, 30.717596381609397], [103.9922649867728, 30.717596503209457], [103.99226503368725, 30.717591992100193], [103.9922754763403, 30.717592073165847], [103.99227552325425, 30.717587562056565], [103.99228074458055, 30.71758760258907], [103.99228079149425, 30.71758309147979], [103.99228601282032, 30.717583132012074], [103.9922861066472, 30.71757410979347], [103.9922913279728, 30.71757415032553], [103.99229137488597, 30.717569639216215], [103.99229659621132, 30.717569679748067], [103.99229664312426, 30.717565168638746], [103.99230186444939, 30.717565209170374], [103.99230191136206, 30.717560698061053], [103.99230713268696, 30.717560738592454], [103.99230722651178, 30.717551716373777], [103.99231244783621, 30.71755175690495], [103.99231249474836, 30.7175472457956], [103.99231771607255, 30.717547286326564], [103.99231776298446, 30.7175427752172], [103.99232298430842, 30.717542815747958], [103.99232303122005, 30.717538304638587], [103.99232825254377, 30.717538345169114], [103.99232829945518, 30.717533834059736], [103.99233352077866, 30.71753387459004], [103.99233356768981, 30.71752936348065], [103.99233878901306, 30.71752940401075], [103.99233883592396, 30.717524892901334], [103.99235449989307, 30.717525014490352], [103.9923545468032, 30.717520503380918], [103.99235976812601, 30.717520543910155], [103.99235981503591, 30.71751603280072], [103.99236503635849, 30.717516073329747], [103.99236508326814, 30.717511562220288], [103.9923703045905, 30.71751160274911], [103.99237035149989, 30.717507091639643], [103.99237557282198, 30.71750713216823], [103.99237561973112, 30.717502621058756], [103.992380841053, 30.71750266158714], [103.99238102868848, 30.717484617149186], [103.9923862500094, 30.71748465767732], [103.9923869067288, 30.71742150214403], [103.99239212804633, 30.717421542671854], [103.99239217495455, 30.717417031562306], [103.99242350285849, 30.71741727472478], [103.99242354976522, 30.717412763615187], [103.99242877108234, 30.717412804141528], [103.99242881798882, 30.717408293031916], [103.99243403930572, 30.717408333558033], [103.99243413311817, 30.717399311338784], [103.99243935443457, 30.71739935186469], [103.99243949515245, 30.717385818535774], [103.99244471646814, 30.71738585906144], [103.99244490409083, 30.717367814622826], [103.99245012540557, 30.717367855148243], [103.99245054755384, 30.717327255161102], [103.99244532624131, 30.717327214635738], [103.99244546695793, 30.717313681306653], [103.99244024564614, 30.7173136407811], [103.99244033945766, 30.71730461856171], [103.99243511814635, 30.717304578035964], [103.99243516505233, 30.71730006692627], [103.99242994374127, 30.71730002640033], [103.99243017827227, 30.71727747085184], [103.99244062089197, 30.71727755190345], [103.99244066779764, 30.717273040793735], [103.9924511104169, 30.717273121844496], [103.99245115732208, 30.717268610734756], [103.99246159994088, 30.71726869178466], [103.99246164684557, 30.717264180674906], [103.99247208946393, 30.71726426172395], [103.99247213636812, 30.71725975061418], [103.99248257898604, 30.71725983166237], [103.99248262588972, 30.717255320552592], [103.99248784719846, 30.717255361076358], [103.99248780029501, 30.717259872186162], [103.99255045600351, 30.71726035845518], [103.99255050290405, 30.71725584734531], [103.99255572421292, 30.717255887866344], [103.9925557711132, 30.717251376756458], [103.99256621373048, 30.717251457797907], [103.99256626063027, 30.71724694668799], [103.992587145864, 30.717247108768344], [103.9925871927628, 30.717242597658394], [103.99259763537924, 30.717242678697293], [103.99259768227755, 30.71723816758733], [103.99260290358554, 30.717238208106476], [103.99260295048359, 30.717233696996495], [103.9926133930991, 30.71723377803411], [103.99261343999667, 30.717229266924107], [103.99261866130422, 30.7172293074426], [103.99261870820152, 30.717224796332594], [103.99262392950882, 30.71722483685087], [103.99262397640587, 30.71722032574085], [103.99262919771294, 30.717220366258903], [103.99262924460974, 30.717215855148883], [103.99263446591658, 30.717215895666712], [103.99263451281313, 30.71721138455668], [103.99263973411972, 30.717211425074296], [103.99263978101602, 30.717206913964255], [103.9926450023224, 30.71720695448166], [103.99264504921842, 30.7172024433716], [103.99265027052458, 30.71720248388879], [103.99265031742036, 30.71719797277872], [103.99266598133812, 30.717198094328978], [103.99266602823316, 30.71719358321889], [103.9926816921503, 30.717193704767247], [103.9926817390446, 30.717189193657138], [103.9926974029611, 30.717189315203576], [103.99269735606752, 30.717193826313704], [103.99271301998483, 30.717193947858277], [103.99271297309198, 30.717198458968436], [103.99272863701012, 30.717198580511138], [103.99272859011799, 30.71720309162131], [103.99273903273063, 30.717203172648745], [103.99273898583895, 30.717207683758932], [103.99274420714553, 30.717207724272342], [103.9927441602541, 30.71721223538252], [103.99274938156094, 30.717212275895733], [103.99274933466974, 30.717216787005924], [103.99275455597683, 30.717216827518932], [103.99275450908586, 30.717221338629123], [103.9927597303932, 30.71722137914192], [103.99275968350246, 30.71722589025212], [103.99276490481006, 30.71722593076472], [103.99276481102905, 30.717234952985123], [103.99277003233712, 30.717234993497534], [103.99276989166627, 30.717248526828126], [103.99277511297508, 30.71724856734034], [103.99277497230484, 30.71726210067094], [103.99278019361442, 30.717262141182964], [103.99278014672457, 30.717266652293162], [103.99278536803439, 30.717266692804987], [103.99278532114475, 30.717271203915196], [103.99279054245483, 30.71727124442682], [103.99279049556544, 30.717275755537027], [103.99280093818611, 30.717275836559654], [103.9928008912972, 30.717280347669867], [103.99282177653961, 30.717280509712634], [103.99282172965167, 30.717285020822874], [103.99282695096254, 30.717285061333047], [103.99282690407482, 30.71728957244331], [103.99283212538595, 30.717289612953277], [103.99283207849845, 30.717294124063525], [103.99284252112123, 30.71729420508285], [103.99284242734718, 30.71730322730338], [103.99284764865908, 30.71730326781274], [103.99284760177228, 30.71730777892301], [103.99285282308443, 30.717307819432165], [103.99285277619786, 30.717312330542434], [103.99285799751027, 30.71731237105139], [103.99285790373762, 30.717321393271938], [103.99286312505049, 30.717321433780697], [103.99286303127828, 30.71733045600124], [103.99286825259166, 30.717330496509806], [103.99286815881989, 30.717339518730356], [103.99287338013377, 30.717339559238727], [103.99287328636244, 30.717348581459262], [103.99287850767682, 30.717348621967435], [103.99287846079139, 30.717353133077722], [103.99288890342066, 30.71735321409345], [103.9928888565357, 30.71735772520374], [103.99289407785061, 30.7173577657113], [103.99289403096587, 30.717362276821586], [103.99289925228102, 30.717362317328945], [103.992899158512, 30.717371339549537], [103.99290437982766, 30.717371380056694], [103.99290428605909, 30.71738040227729], [103.99290950737524, 30.717380442784254], [103.99290941360711, 30.71738946500484], [103.99291463492376, 30.717389505511616], [103.99291444738836, 30.71740754995279], [103.99291966870598, 30.717407590459366], [103.99291948117138, 30.717425634900533], [103.99292470249, 30.717425675406936], [103.99292456183966, 30.71743920873778], [103.99292978315901, 30.717439249244006], [103.99292968939255, 30.717448271464573], [103.9929349107124, 30.717448311970593], [103.99293486382939, 30.71745282308088], [103.9929400851495, 30.7174528635867], [103.99293999138395, 30.71746188580728], [103.99294521270454, 30.717461926312904], [103.99294511893943, 30.717470948533478], [103.99295034026053, 30.7174709890389], [103.99295019961353, 30.71748452236977], [103.99295542093536, 30.71748456287501], [103.99295518652468, 30.717507118426422], [103.99294996520163, 30.71750707792114], [103.9929498714368, 30.71751610014167], [103.99294465011329, 30.717516059636175], [103.99294399375489, 30.71757921517938], [103.99294921508182, 30.717579255685], [103.99294898066881, 30.717601811236033], [103.99295420199697, 30.717601851741467], [103.99295410823218, 30.717610873961874], [103.99295932956082, 30.71761091446711], [103.99295928267865, 30.717615425577307], [103.99296450400756, 30.717615466082346], [103.99296445712562, 30.717619977192562], [103.99296967845478, 30.71762001769739], [103.99296963157308, 30.717624528807594], [103.99297485290248, 30.717624569312232], [103.99297480602101, 30.71762908042244], [103.99298002735067, 30.71762912092687], [103.99297998046943, 30.71763363203708], [103.99298520179936, 30.71763367254131], [103.99298515491834, 30.71763818365154], [103.99299037624851, 30.71763822415556], [103.99299032936773, 30.717642735265784], [103.99299555069817, 30.717642775769608], [103.99299545693707, 30.717651797990065], [103.99300067826798, 30.717651838493687], [103.99300063138767, 30.717656349603928], [103.99301107405002, 30.717656430610557], [103.99301102717017, 30.717660941720794], [103.9930162485016, 30.7176609822238], [103.993016201622, 30.717665493334042], [103.99302142295369, 30.71766553383685], [103.99302081352096, 30.717724178269904], [103.9930155921861, 30.717724137767004], [103.9930154515468, 30.717737671097616], [103.99301023021123, 30.71773763059448], [103.9930101833312, 30.717742141704672], [103.99300496199541, 30.71774210120133], [103.99300491511511, 30.717746612311505], [103.99299969377908, 30.717746571807936], [103.992999600018, 30.71775559402827], [103.99299437868149, 30.71775555352449], [103.99299433180069, 30.717760064634643], [103.99298911046394, 30.71776002413064], [103.99298906358288, 30.717764535240782], [103.9929838422459, 30.717764494736564], [103.99298379536461, 30.717769005846698], [103.9929785740274, 30.71776896534226], [103.99297852714584, 30.71777347645238], [103.9929733058084, 30.717773435947723], [103.99297325892658, 30.717777947057836], [103.99296803758891, 30.717777906552953], [103.99296799070686, 30.717782417663063], [103.99296276936896, 30.717782377157974], [103.99296272248662, 30.717786888268062], [103.99295227981037, 30.717786807257234], [103.99295223292754, 30.71779131836731], [103.9929470115892, 30.717791277861586], [103.99294696470612, 30.717795788971646], [103.99294174336752, 30.71779574846569], [103.9929416964842, 30.717800259575743], [103.99293647514538, 30.717800219069577], [103.9929364282618, 30.717804730179616], [103.9929259855837, 30.717804649166634], [103.99292593869963, 30.71780916027666], [103.99292071736036, 30.717809119769846], [103.99292067047601, 30.717813630879867], [103.99291022779703, 30.717813549865593], [103.99291018091219, 30.717818060975585], [103.99290495957247, 30.71781802046813], [103.99290491268738, 30.71782253157812], [103.99289447000747, 30.717822450562554], [103.9928944231219, 30.717826961672536], [103.99288920178171, 30.717826921164438], [103.99288915489588, 30.71783143227439], [103.99287871221506, 30.71783135125754], [103.99287866532873, 30.71783586236748], [103.9928734439881, 30.71783582185874], [103.99287339710152, 30.717840332968656], [103.99286295441979, 30.717840251950527], [103.99286290753271, 30.717844763060445], [103.99285768619163, 30.717844722551057], [103.99285763930429, 30.717849233660953], [103.99285241796296, 30.71784919315134], [103.99285237107537, 30.717853704261234], [103.99284192839228, 30.717853623241375], [103.99284188150419, 30.717858134351243], [103.99283143882064, 30.71785805333053], [103.99283139193207, 30.7178625644404], [103.99282617059008, 30.717862523929725], [103.99282612370125, 30.717867035039564], [103.9928156810168, 30.71786695401757], [103.99281563412745, 30.7178714651274], [103.992810412785, 30.717871424616074], [103.99281036589542, 30.717875935725885], [103.99279992321007, 30.717875854702594], [103.99279987631998, 30.7178803658124], [103.99278943363419, 30.717880284788258], [103.99278938674361, 30.717884795898037], [103.99277894405736, 30.717884714873037], [103.99277889716629, 30.71788922598281], [103.9927684544796, 30.717889144956956], [103.99276840758803, 30.717893656066703], [103.9927579649009, 30.717893575039998], [103.99275791800883, 30.71789808614972], [103.99274225397748, 30.717897964608067], [103.99274220708467, 30.717902475717768], [103.99273698574068, 30.717902435203456], [103.9927369388476, 30.71790694631315], [103.99272649615915, 30.717906865283876], [103.99272644926559, 30.717911376393566], [103.99272122792114, 30.71791133587861], [103.99272118102732, 30.717915846988266], [103.99271595968263, 30.71791580647309], [103.99271591278857, 30.717920317582752], [103.99270547009873, 30.717920236551763], [103.99270542320416, 30.7179247476614], [103.99270020185902, 30.717924707145578], [103.9927001549642, 30.71792921825521], [103.99269493361884, 30.71792917773917], [103.99269488672375, 30.717933688848788], [103.99268444403255, 30.71793360781607], [103.992684397137, 30.717938118925673], [103.99267395444534, 30.717938037892097], [103.99267390754927, 30.717942549001677], [103.99266868620322, 30.71794250848458], [103.99266863930691, 30.71794701959415], [103.99265819661434, 30.717946938559294], [103.99265814971753, 30.717951449668842], [103.99265292837102, 30.71795140915109], [103.99265288147396, 30.717955920260632], [103.99264766012722, 30.717955879742668], [103.9926476132299, 30.7179603908522], [103.99264239188294, 30.717960350334018], [103.99264234498536, 30.71796486144354], [103.99263712363815, 30.717964820925133], [103.99263707674034, 30.71796933203465], [103.9926318553929, 30.717969291516024], [103.99263180849482, 30.71797380262553], [103.99262658714714, 30.717973762106688], [103.9926265402488, 30.71797827321618], [103.99262131890092, 30.717978232697128], [103.99262127200232, 30.717982743806612], [103.99261605065418, 30.717982703287337], [103.99261600375536, 30.71798721439681], [103.99261078240698, 30.717987173877315], [103.99261073550788, 30.717991684986774], [103.99260551415928, 30.717991644467073], [103.99260546725995, 30.71799615557652], [103.99259502456229, 30.717996074536465], [103.99259497766245, 30.7180005856459], [103.99258975631341, 30.71800054512555], [103.99258961561308, 30.71801407845381], [103.99256350886432, 30.718013875848797], [103.99256346196297, 30.718018386958168], [103.99255824061302, 30.71801834643653], [103.99255819371142, 30.718022857545893], [103.99254775101103, 30.718022776501982], [103.99254770410894, 30.718027287611328], [103.99253726140812, 30.718027206566546], [103.99253721450553, 30.718031717675878], [103.9925319931549, 30.718031677153167], [103.99253194625206, 30.718036188262488], [103.99252672490118, 30.718036147739557], [103.99252667799809, 30.718040658848857], [103.9925162352959, 30.718040577802363], [103.99251618839229, 30.71804508891166], [103.99251096704097, 30.718045048388085], [103.99251092013712, 30.718049559497373], [103.99250569878556, 30.718049518973586], [103.99250565188146, 30.71805403008285], [103.99249520917789, 30.718053949034626], [103.9924951622733, 30.718058460143883], [103.99248994092129, 30.71805841961945], [103.99248989401644, 30.71806293072868], [103.99248467266419, 30.71806289020404], [103.99248462575909, 30.718067401313274], [103.99247940440661, 30.718067360788403], [103.99247935750125, 30.718071871897628], [103.99247413614854, 30.718071831372544], [103.99247408924293, 30.71807634248176], [103.99246886789, 30.718076301956447], [103.99246882098413, 30.718080813065644], [103.99246359963095, 30.718080772540137], [103.99246355272483, 30.718085283649323], [103.99245311001803, 30.71808520259764], [103.99245306311141, 30.71808971370682], [103.9924478417578, 30.718089673180657], [103.99244779485092, 30.71809418428981], [103.99244257349707, 30.718094143763437], [103.99244252658994, 30.71809865487258], [103.99243730523585, 30.71809861434599], [103.99243725832848, 30.71810312545513], [103.99243203697415, 30.718103084928313], [103.99243199006652, 30.71810759603745], [103.99242676871197, 30.718107555510414], [103.99242672180408, 30.71811206661953], [103.99242150044928, 30.718112026092285], [103.99242145354116, 30.718116537201396], [103.99241623218613, 30.71811649667393], [103.99241618527775, 30.718121007783033], [103.99241096392248, 30.71812096725534], [103.99241091701384, 30.71812547836443], [103.99240569565836, 30.718125437836534], [103.99240564874947, 30.71812994894561], [103.99240042739375, 30.718129908417488], [103.9924003804846, 30.718134419526567], [103.9923899377727, 30.718134338469692], [103.99238989086305, 30.718138849578732], [103.99236900543842, 30.718138687462424]]]}, "properties": {"id": "seg_013", "source": "seg", "area_m2": 5550.8, "layout": "垂直式", "coef_m2": 28, "capacity": 198, "cap_min": 165, "cap_max": 248, "cx": 403535.8, "cy": 3398746.2}}, {"type": "Feature", "geometry": {"type": "Polygon", "coordinates": [[[103.99152448740924, 30.71699974963437], [103.99152453435704, 30.716995238525723], [103.99151409177072, 30.716995157401094], [103.991514138719, 30.716990646292462], [103.9915089174261, 30.716990605729844], [103.99150896437462, 30.716986094621216], [103.99150374308196, 30.71698605405839], [103.99150379003072, 30.71698154294978], [103.99149856873832, 30.716981502386748], [103.9914986156873, 30.716976991278127], [103.99149339439516, 30.716976950714898], [103.99149344134437, 30.71697243960629], [103.99148822005249, 30.716972399042856], [103.99148826700193, 30.71696788793425], [103.9914830457103, 30.71696784737061], [103.99148309265998, 30.716963336262005], [103.99147265007723, 30.71696325513413], [103.99147269702738, 30.716958744025526], [103.99146747573627, 30.71695870346128], [103.99146752268665, 30.716954192352684], [103.99145708010494, 30.716954111223565], [103.9914571270558, 30.716949600114997], [103.9914519057652, 30.716949559550134], [103.99145195271629, 30.716945048441552], [103.99144673142595, 30.716945007876483], [103.99144677837728, 30.71694049676792], [103.99144155708719, 30.716940456202636], [103.99144160403874, 30.71693594509407], [103.9914363827489, 30.716935904528604], [103.9914364297007, 30.71693139342004], [103.9914312084111, 30.716931352854374], [103.99143125536312, 30.716926841745792], [103.9914260340738, 30.716926801179916], [103.99142608102605, 30.716922290071366], [103.99142085973698, 30.71692224950528], [103.99142095364195, 30.71691322728819], [103.99141573235337, 30.71691318672191], [103.99141577930608, 30.71690867561336], [103.99141055801775, 30.716908635046874], [103.99141060497068, 30.716904123938335], [103.99140538368262, 30.716904083371645], [103.99140543063578, 30.71689957226311], [103.99140020934797, 30.716899531696228], [103.99140030325478, 30.71689050947914], [103.99139508196745, 30.716890468912062], [103.99139512892107, 30.71688595780353], [103.991389907634, 30.716885917236247], [103.99139000154172, 30.716876895019187], [103.99138478025515, 30.7168768544517], [103.99138482720923, 30.71687234334317], [103.9913796059229, 30.71687230277549], [103.99137969983153, 30.71686328055843], [103.99137447854571, 30.716863239990552], [103.99137452550025, 30.716858728882034], [103.99136930421467, 30.716858688313955], [103.9913693981242, 30.716849666096902], [103.99136417683913, 30.716849625528628], [103.99136422379411, 30.716845114420106], [103.9913590025093, 30.716845073851623], [103.99135909641974, 30.716836051634587], [103.99135387513542, 30.71683601106591], [103.99135392209085, 30.716831499957394], [103.99134870080678, 30.716831459388523], [103.99134879471814, 30.71682243717149], [103.99134357343456, 30.71682239660242], [103.99134362039045, 30.71681788549391], [103.99133839910714, 30.71681784492463], [103.99133849301938, 30.71680882270762], [103.99133327173656, 30.716808782138145], [103.99133331869292, 30.71680427102963], [103.99132809741036, 30.716804230459964], [103.9913281913235, 30.71679520824296], [103.99132297004144, 30.716795167673094], [103.99132306395505, 30.716786145456084], [103.99131784267347, 30.716786104886015], [103.9913178896305, 30.716781593777515], [103.99131266834917, 30.71678155320725], [103.99131276226369, 30.71677253099026], [103.99130754098286, 30.716772490419796], [103.99130758794036, 30.716767979311296], [103.99130236665978, 30.71676793874063], [103.9913024605752, 30.716758916523652], [103.99129723929512, 30.71675887595278], [103.99129733321098, 30.716749853735802], [103.9912921119314, 30.716749813164736], [103.99129215888956, 30.71674530205625], [103.99128693761024, 30.71674526148499], [103.99128698456863, 30.716740750376513], [103.99128176328956, 30.716740709805045], [103.99128181024818, 30.716736198696566], [103.99127658896937, 30.716736158124906], [103.99127668288706, 30.716727135907938], [103.99126624033043, 30.716727054764014], [103.99126642816765, 30.716709010330117], [103.99126120689031, 30.71670896975785], [103.99126125384984, 30.71670445864938], [103.99125603257278, 30.716704418076926], [103.99125612649226, 30.71669539585998], [103.99125090521568, 30.716695355287335], [103.99125095217566, 30.71669084417886], [103.99124573089934, 30.716690803606006], [103.99124582481974, 30.716681781389077], [103.99124060354391, 30.71668174081602], [103.99124065050435, 30.716677229707553], [103.99123542922877, 30.71667718913432], [103.99123552315008, 30.71666816691739], [103.991230301875, 30.716668126343944], [103.99123039579676, 30.716659104127015], [103.99122517452219, 30.716659063553372], [103.99122522148329, 30.71665455244492], [103.99122000020895, 30.71665451187107], [103.99122004717029, 30.716650000762616], [103.99121482589622, 30.716649960188565], [103.99121491981936, 30.71664093797166], [103.99120969854577, 30.716640897397422], [103.99120979246935, 30.716631875180525], [103.99120457119626, 30.71663183460608], [103.99120466512029, 30.71662281238918], [103.99119944384769, 30.71662277181455], [103.99119953777216, 30.716613749597638], [103.99119431650007, 30.71661370902282], [103.99119436346253, 30.716609197914366], [103.99118914219069, 30.71660915733934], [103.99118923611606, 30.71660013512245], [103.99118401484472, 30.716600094547218], [103.99118406180764, 30.716595583438774], [103.99117884053655, 30.716595542863352], [103.99117893446282, 30.716586520646455], [103.99117371319224, 30.716586480070834], [103.99117380711895, 30.716577457853955], [103.99116858584887, 30.71657741727814], [103.99116863281246, 30.716572906169695], [103.99116341154262, 30.716572865593673], [103.99116350547025, 30.716563843376807], [103.99115828420089, 30.71656380280059], [103.99115837812897, 30.716554780583717], [103.99115315686014, 30.7165547400073], [103.9911532038244, 30.716550228898868], [103.9911479825558, 30.71655018832226], [103.99114845220029, 30.71650507723783], [103.99115367346644, 30.716505117814375], [103.99115372043059, 30.716500606705907], [103.99115894169653, 30.716500647282235], [103.99115898866042, 30.71649613617376], [103.99116420992611, 30.71649617674987], [103.99116425688976, 30.716491665641385], [103.99116947815523, 30.716491706217273], [103.99116952511861, 30.716487195108765], [103.99117474638385, 30.716487235684443], [103.99117479334699, 30.716482724575933], [103.99118001461198, 30.716482765151394], [103.99118006157485, 30.716478254042883], [103.99118528283962, 30.716478294618117], [103.99118532980226, 30.716473783509585], [103.9911905510668, 30.71647382408461], [103.99119059802916, 30.716469312976063], [103.99119581929347, 30.716469353550863], [103.99119586625558, 30.716464842442328], [103.99120108751966, 30.71646488301691], [103.99120113448153, 30.716460371908354], [103.99121157700921, 30.71646045305688], [103.99121162397059, 30.716455941948297], [103.99121684523419, 30.716455982522252], [103.99121689219531, 30.716451471413656], [103.9912273347221, 30.716451552560905], [103.99122738168272, 30.71644704145231], [103.99123260294587, 30.716447082025603], [103.99123264990624, 30.71644257091699], [103.99124309243211, 30.716442652062938], [103.99124313939198, 30.7164381409543], [103.9912483606547, 30.716438181526957], [103.99124840761431, 30.71643367041831], [103.99125885013927, 30.71643375156298], [103.99125889709839, 30.716429240454318], [103.99126411836065, 30.71642928102633], [103.9912641653195, 30.716424769917648], [103.99126938658154, 30.71642481048945], [103.99126976225013, 30.716388721619886], [103.9912802047703, 30.71638880276273], [103.99128043956041, 30.716366247219064], [103.99130132459607, 30.716366409502086], [103.99130137155308, 30.716361898393327], [103.99130659281177, 30.716361938963548], [103.99130663976852, 30.716357427854774], [103.991311861027, 30.71635746842478], [103.99131204885296, 30.7163394239896], [103.99130682759548, 30.71633938341962], [103.99130701542225, 30.716321338984425], [103.99130179416575, 30.716321298414258], [103.99130188807955, 30.716312276196653], [103.99129144556754, 30.716312195055735], [103.99129149252492, 30.716307683946944], [103.99128105001343, 30.716307602805188], [103.99128161350693, 30.7162534694996], [103.99131294102402, 30.716253712921787], [103.99131284711146, 30.716262735139512], [103.99131806836483, 30.71626277570915], [103.99131783358445, 30.71628533125343], [103.9913700461309, 30.716285736938694], [103.99137009308456, 30.716281225829764], [103.99137531433902, 30.716281266397132], [103.99137540824584, 30.716272244179265], [103.99138062949983, 30.716272284746413], [103.99138077035924, 30.716258751419566], [103.99138599161252, 30.716258791986476], [103.99138613247109, 30.71624525865958], [103.99139135372364, 30.71624529922625], [103.99139149458142, 30.71623176589931], [103.99143848584826, 30.716232130989756], [103.99143839194747, 30.71624115320786], [103.99144361319988, 30.716241193772433], [103.99144323759822, 30.716277282644747], [103.99143801634388, 30.716277242080125], [103.99143796939337, 30.716281753189133], [103.99144319064797, 30.716281793753772], [103.99144314369771, 30.716286304862802], [103.99147447122697, 30.71628654824625], [103.99147451817578, 30.716282037137173], [103.99148496068513, 30.7162821182633], [103.99148500763344, 30.716277607154215], [103.99149545014235, 30.71627768827948], [103.99149549709017, 30.716273177170383], [103.99151638210714, 30.71627333941837], [103.99151642905397, 30.716268828309246], [103.99153209281609, 30.716268949993], [103.99153213976219, 30.716264438883847], [103.99155302477752, 30.716264601125893], [103.99155297783238, 30.716269112235086], [103.99158430535715, 30.71626935559191], [103.99158425841348, 30.716273866701137], [103.9915947009223, 30.71627394781841], [103.99159465397912, 30.716278458927647], [103.99159987523379, 30.71627849948598], [103.99159982829082, 30.716283010595223], [103.99160504954574, 30.716283051153347], [103.99160500260301, 30.716287562262597], [103.99161022385819, 30.71628760282052], [103.9916101769157, 30.71629211392977], [103.99161539817113, 30.71629215448749], [103.99161535122884, 30.716296665596747], [103.99162057248454, 30.716296706154264], [103.9916205255425, 30.71630121726352], [103.99162574679845, 30.71630125782084], [103.99162565291482, 30.71631028003936], [103.99163087417126, 30.716310320596484], [103.99163082722968, 30.716314831705745], [103.99163604848637, 30.71631487226267], [103.99163600154502, 30.71631938337193], [103.99164122280196, 30.716319423928642], [103.99164112891972, 30.716328446147187], [103.99164635017715, 30.716328486703713], [103.99164630323627, 30.716332997812984], [103.99165152449396, 30.716333038369296], [103.99165143061262, 30.716342060587856], [103.9916566518708, 30.71634210114398], [103.99165651104946, 30.7163556344718], [103.99166173230837, 30.71635567502774], [103.9916616384279, 30.716364697246277], [103.99166685968733, 30.71636473780202], [103.99166676580731, 30.71637376002057], [103.99167198706724, 30.716373800576108], [103.99167189318766, 30.716382822794653], [103.99167711444805, 30.716382863350002], [103.99167702056893, 30.716391885568566], [103.99168224182984, 30.716391926123716], [103.99168214795114, 30.71640094834226], [103.99168736921256, 30.71640098889722], [103.99168732227344, 30.716405500006502], [103.9916925435351, 30.716405540561254], [103.9916924965962, 30.71641005167054], [103.99169771785813, 30.716410092225093], [103.99169762398081, 30.716419114443656], [103.99170284524321, 30.716419154998015], [103.99170275136635, 30.716428177216596], [103.99170797262924, 30.716428217770755], [103.99170792569105, 30.716432728880044], [103.99171314695421, 30.716432769434004], [103.99171310001621, 30.716437280543285], [103.99171832127963, 30.71643732109705], [103.99171822740414, 30.716446343315646], [103.99172344866805, 30.716446383869208], [103.99172340173052, 30.7164508949785], [103.9917286229947, 30.71645093553186], [103.9917285760574, 30.71645544664116], [103.99173379732181, 30.716455487194313], [103.99173375038475, 30.716459998303613], [103.99173897164944, 30.716460038856578], [103.9917389247126, 30.716464549965877], [103.99174414597753, 30.71646459051863], [103.99174405210434, 30.716473612737257], [103.99174927336976, 30.7164736532898], [103.99174922643338, 30.71647816439912], [103.99175966896476, 30.716478245503616], [103.99175957509294, 30.71648726772226], [103.99176479635913, 30.716487308274214], [103.99176474942345, 30.71649181938353], [103.9917699706899, 30.716491859935275], [103.99176992375445, 30.716496371044613], [103.99177514502115, 30.716496411596157], [103.99177509808592, 30.716500922705485], [103.99178031935288, 30.716500963256824], [103.99178027241788, 30.71650547436616], [103.99178549368509, 30.7165055149173], [103.99178544675034, 30.71651002602664], [103.9917906680178, 30.716510066577566], [103.99179057414875, 30.716519088796264], [103.9917957954167, 30.716519129346995], [103.99179574848242, 30.716523640456344], [103.99180096975063, 30.71652368100688], [103.99180092281655, 30.71652819211623], [103.99180614408502, 30.716528232666555], [103.99180605021735, 30.71653725488527], [103.9918112714863, 30.71653729543541], [103.9918112245527, 30.71654180654476], [103.9918164458219, 30.716541847094696], [103.99181639888853, 30.716546358204052], [103.99182162015799, 30.716546398753785], [103.9918215262917, 30.71655542097251], [103.99182674756165, 30.71655546152205], [103.9918266536958, 30.71656448374077], [103.99183187496625, 30.716564524290106], [103.99183182803355, 30.716569035399477], [103.99183704930427, 30.716569075948616], [103.99183695543931, 30.716578098167354], [103.99184217671052, 30.716578138716294], [103.99184212977828, 30.716582649825668], [103.99184735104974, 30.71658269037439], [103.99184730411773, 30.716587201483776], [103.99185252538943, 30.71658724203232], [103.99185247845764, 30.71659175314169], [103.99185769972962, 30.71659179369002], [103.99185765279807, 30.71659630479941], [103.99186287407029, 30.716596345347533], [103.99186278020765, 30.716605367566313], [103.99186800148036, 30.716605408114244], [103.99186795454926, 30.71660991922363], [103.99187839709522, 30.716610000318884], [103.9918783501646, 30.716614511428286], [103.99188357143782, 30.716614551975596], [103.99188352450744, 30.716619063085012], [103.99189918832795, 30.716619184725733], [103.99189914139828, 30.716623695835146], [103.99194613286251, 30.71662406074604], [103.99194617978999, 30.71661954963655], [103.99196184361087, 30.716619671269715], [103.99196189053761, 30.7166151601602], [103.99197233308443, 30.71661524124791], [103.99197238001067, 30.716610730138385], [103.99198282255705, 30.716610811225245], [103.9919828694828, 30.716606300115696], [103.99198809075575, 30.7166063406588], [103.99198813768126, 30.716601829549244], [103.99199858022672, 30.716601910634807], [103.99199862715172, 30.71659739952523], [103.99200384842422, 30.716597440067698], [103.99200389534897, 30.716592928958107], [103.99200911662125, 30.71659296950036], [103.99200916354573, 30.716588458390763], [103.99201438481778, 30.71658849893279], [103.992014431742, 30.716583987823178], [103.99202487428563, 30.71658406890659], [103.99202492120938, 30.716579557796965], [103.99203014248097, 30.716579598338345], [103.99203018940446, 30.716575087228712], [103.99204063194718, 30.716575168310843], [103.99204067887017, 30.716570657201185], [103.9920459001413, 30.71657069774193], [103.99204594706404, 30.71656618663226], [103.99205638960585, 30.716566267713095], [103.9920564365281, 30.71656175660341], [103.99206687906945, 30.716561837683397], [103.9920669259912, 30.716557326573696], [103.99210347488463, 30.716557610346957], [103.99210342796458, 30.71656212145671], [103.99211387050615, 30.71656220253291], [103.99211377666698, 30.71657122475243], [103.99211899793826, 30.71657126529023], [103.99211890409956, 30.71658028750975], [103.99212412537135, 30.71658032804735], [103.99212403153307, 30.716589350266876], [103.99212925280536, 30.716589390804284], [103.99212915896753, 30.71659841302381], [103.9921343802403, 30.71659845356101], [103.99213433332162, 30.71660296467078], [103.99213955459464, 30.71660300520779], [103.99213946075774, 30.716612027427328], [103.99214468203125, 30.71661206796414], [103.99214463511304, 30.716616579073904], [103.9921498563868, 30.716616619610512], [103.9921497625508, 30.716625641830063], [103.99215498382506, 30.71662568236648], [103.99215470231826, 30.71665274902506], [103.99214948104255, 30.716652708488603], [103.99214943412446, 30.716657219598353], [103.9921442128485, 30.716657179061684], [103.99214411901181, 30.716666201281143], [103.99213889773539, 30.716666160744243], [103.99213885081679, 30.71667067185397], [103.99213362954012, 30.716670631316845], [103.99213358262126, 30.71667514242656], [103.99212836134437, 30.716675101889226], [103.99212831442526, 30.716679612998927], [103.99212309314812, 30.716679572461373], [103.99212304622877, 30.71668408357106], [103.9921178249514, 30.716684043033297], [103.99211773111216, 30.716693065252656], [103.99211250983433, 30.716693024714655], [103.99211241599457, 30.716702046933985], [103.99210197343794, 30.716701965857336], [103.99210192651756, 30.71670647696698], [103.99209670523902, 30.71670643642833], [103.99209665831839, 30.716710947537972], [103.99209143703962, 30.716710906999108], [103.99209139011873, 30.716715418108738], [103.99208616883972, 30.71671537756965], [103.99208612191858, 30.71671988867926], [103.99208090063934, 30.71671984813997], [103.99208085371795, 30.716724359249575], [103.99207563243847, 30.716724318710067], [103.99207558551683, 30.716728829819658], [103.99206514295744, 30.716728748739985], [103.99206509603529, 30.716733259849562], [103.99205465347545, 30.71673317876903], [103.99205460655281, 30.71673768987859], [103.99204938527267, 30.716737649338], [103.99204933834976, 30.716742160447563], [103.9920441170694, 30.716742119906748], [103.99204407014624, 30.716746631016285], [103.99203884886563, 30.716746590475267], [103.99203880194223, 30.71675110158479], [103.9920335806614, 30.716751061043553], [103.99203348681407, 30.71676008326259], [103.99202826553275, 30.71676004272113], [103.99202821860882, 30.716764553830625], [103.99202299732728, 30.71676451328895], [103.9920229504031, 30.716769024398438], [103.99201772912132, 30.71676898385655], [103.99201768219689, 30.716773494966024], [103.99201246091488, 30.71677345442391], [103.9920123670655, 30.71678247664285], [103.99200714578302, 30.716782436100516], [103.99200709885807, 30.716786947209975], [103.99200187757535, 30.716786906667416], [103.99200183065014, 30.716791417776868], [103.99199660936719, 30.716791377234088], [103.99199656244173, 30.71679588834353], [103.99199134115855, 30.71679584780054], [103.99199129423283, 30.71680035890997], [103.99198607294943, 30.716800318366758], [103.99198602602345, 30.716804829476175], [103.99197036217255, 30.716804707845274], [103.99197031524584, 30.716809218954666], [103.99195987267814, 30.716809137866335], [103.99195982575093, 30.716813648975705], [103.99194938318277, 30.71681356788653], [103.99194933625509, 30.716818078995875], [103.9919388936865, 30.71681799790584], [103.9919388467583, 30.71682250901517], [103.99192318290474, 30.716822387378507], [103.99192313597581, 30.716826898487835], [103.99190747212162, 30.716826776849256], [103.99190742519195, 30.716831287958545], [103.99189176133716, 30.716831166318073], [103.99189171440675, 30.716835677427337], [103.99187605055128, 30.716835555784947], [103.99187600362013, 30.71684006689418], [103.99186033976406, 30.716839945249877], [103.99186029283217, 30.7168444563591], [103.99182896511883, 30.716844213064785], [103.99182891818548, 30.716848724173953], [103.99179236918536, 30.71684844032098], [103.99179232225029, 30.716852951430088], [103.99178710096437, 30.716852910878814], [103.99178700709372, 30.716861933097025], [103.9917817858073, 30.716861892545527], [103.99178173887172, 30.716866403654617], [103.99176607501184, 30.716866281998854], [103.99176602807552, 30.716870793107912], [103.99175558550182, 30.716870712002997], [103.991755538565, 30.716875223112044], [103.99175031727793, 30.716875182559267], [103.99175027034086, 30.71687969366831], [103.99173982776625, 30.716879612562106], [103.99173978082868, 30.71688412367113], [103.99172933825365, 30.716884042564075], [103.99172929131558, 30.716888553673073], [103.99172407002783, 30.716888513119233], [103.9917240230895, 30.71689302422822], [103.99171880180153, 30.71689298367415], [103.99171875486296, 30.716897494783133], [103.99171353357474, 30.716897454228853], [103.9917134866359, 30.71690196533782], [103.99170826534746, 30.716901924783322], [103.99170821840839, 30.71690643589228], [103.99169777583104, 30.716906354782633], [103.99169772889145, 30.716910865891577], [103.99169250760256, 30.716910825336434], [103.99169246066273, 30.71691533644537], [103.99168723937359, 30.71691529589001], [103.99168719243352, 30.716919806998924], [103.99167674985479, 30.716919725887564], [103.99167670291422, 30.71692423699646], [103.99167148162462, 30.716924196440463], [103.99167143468378, 30.716928707549343], [103.99166099210417, 30.716928626436694], [103.99166094516283, 30.716933137545563], [103.9916557238728, 30.71693309698891], [103.9916556769312, 30.71693760809778], [103.99164523435067, 30.716937526983838], [103.9916451874086, 30.71694203809269], [103.99162952353714, 30.71694191642017], [103.99162947659433, 30.716946427528985], [103.9916242553036, 30.716946386971067], [103.99162420836055, 30.716950898079883], [103.9916189870696, 30.716950857521724], [103.99161894012627, 30.71695536863053], [103.9916137188351, 30.716955328072174], [103.99161367189153, 30.71695983918095], [103.99160845060011, 30.716959798622373], [103.99160840365629, 30.716964309731164], [103.99160318236464, 30.716964269172355], [103.99160313542056, 30.71696878028112], [103.99159791412869, 30.716968739722105], [103.99159782023999, 30.71697776193963], [103.99159259894765, 30.716977721380385], [103.99159255200304, 30.71698223248913], [103.99158733071047, 30.716982191929674], [103.99158723682073, 30.716991214147143], [103.99158201552768, 30.716991173587463], [103.99158192163742, 30.717000195804907], [103.99152448740924, 30.71699974963437]]]}, "properties": {"id": "seg_014", "source": "seg", "area_m2": 4208.5, "layout": "垂直式", "coef_m2": 28, "capacity": 150, "cap_min": 125, "cap_max": 188, "cx": 403441.3, "cy": 3398630.9}}, {"type": "Feature", "geometry": {"type": "Polygon", "coordinates": [[[103.98683715208627, 30.716331645132044], [103.98683719925101, 30.71632713402948], [103.9868319780014, 30.71632709327956], [103.98683202516638, 30.716322582177], [103.98681636141835, 30.71632245992599], [103.98681640858405, 30.716317948823423], [103.98680074483686, 30.71631782657055], [103.98680079200325, 30.716313315468028], [103.98676424326186, 30.71631303020401], [103.98676429042997, 30.716308519101528], [103.98670163544884, 30.71630803005365], [103.98670168261985, 30.716303518951264], [103.98669646137174, 30.716303478195904], [103.98669650854296, 30.71629896709351], [103.98668606604726, 30.716298885582212], [103.98668611321898, 30.716294374479826], [103.9866756707238, 30.716294292967692], [103.98667571789599, 30.716289781865324], [103.98666527540134, 30.71628970035237], [103.986665322574, 30.71628518925001], [103.98666010132693, 30.716285148493224], [103.98666014849982, 30.716280637390863], [103.9866497060062, 30.71628055587667], [103.98664975317959, 30.716276044774332], [103.98664453193304, 30.716276004016926], [103.98664457910664, 30.71627149291459], [103.98663935786034, 30.716271452156988], [103.98663940503418, 30.71626694105466], [103.98663418378814, 30.71626690029685], [103.98663423096221, 30.716262389194515], [103.98662900971641, 30.7162623484365], [103.98662905689072, 30.71625783733418], [103.98662383564519, 30.716257796575963], [103.98662388281971, 30.716253285473652], [103.98661866157444, 30.716253244715226], [103.98661870874922, 30.716248733612915], [103.98661348750417, 30.716248692854293], [103.98661353467918, 30.716244181751975], [103.9866083134344, 30.716244140993155], [103.98660836060964, 30.71623962989085], [103.98660313936512, 30.716239589131828], [103.98660318654059, 30.716235078029516], [103.98659796529631, 30.716235037270295], [103.98659801247202, 30.716230526167998], [103.98659279122799, 30.716230485408566], [103.98659288557985, 30.716221463203958], [103.98658766433634, 30.71622142244433], [103.98658771151248, 30.716216911342045], [103.98658249026921, 30.716216870582212], [103.9865825374456, 30.71621235947993], [103.98657731620258, 30.716212318719897], [103.98657736337921, 30.7162078076176], [103.98657214213645, 30.71620776685737], [103.98657223649013, 30.716198744652807], [103.98656701524789, 30.71619870389237], [103.98656706242494, 30.71619419279009], [103.98656184118295, 30.716194152029455], [103.98656188836024, 30.71618964092718], [103.98655666711848, 30.71618960016635], [103.98655676147355, 30.716180577961797], [103.9865515402323, 30.71618053720077], [103.98655158741005, 30.716176026098484], [103.98654636616904, 30.716175985337248], [103.98654641334704, 30.71617147423498], [103.98654119210629, 30.716171433473544], [103.98654128646272, 30.716162411269014], [103.98653606522247, 30.716162370507387], [103.9865361124009, 30.716157859405122], [103.98653089116091, 30.71615781864328], [103.98653093833958, 30.716153307541028], [103.98652571709984, 30.716153266778996], [103.98652581145764, 30.716144244574476], [103.98652059021839, 30.716144203812238], [103.98652063739752, 30.716139692709987], [103.98651541615853, 30.71613965194755], [103.9865154633379, 30.716135140845306], [103.98651024209916, 30.716135100082674], [103.98651028927874, 30.71613058898042], [103.98650506804024, 30.716130548217585], [103.98650511522007, 30.716126037115334], [103.98649989398184, 30.7161259963523], [103.9864999411619, 30.716121485250056], [103.98649471992393, 30.716121444486813], [103.98649476710422, 30.716116933384587], [103.98648954586648, 30.716116892621127], [103.98648964022752, 30.716107870416668], [103.98648441899029, 30.716107829653023], [103.98648446617104, 30.716103318550783], [103.98647402369708, 30.71610323702289], [103.98647407087832, 30.71609872592066], [103.9864688496416, 30.716098685156414], [103.98646889682306, 30.71609417405419], [103.98646367558659, 30.716094133289737], [103.98646372276828, 30.71608962218753], [103.98645850153207, 30.71608958142286], [103.98645883180527, 30.71605800370734], [103.98646405303978, 30.716058044471954], [103.98646410022137, 30.716053533369713], [103.98646932145564, 30.716053574134108], [103.986469368637, 30.716049063031857], [103.98647458987104, 30.71604910379604], [103.98647463705214, 30.716044592693788], [103.98647985828595, 30.716044633457745], [103.98647990546678, 30.71604012235547], [103.98648512670036, 30.716040163119207], [103.98648517388094, 30.716035652016927], [103.98649039511429, 30.716035692780455], [103.98649044229462, 30.716031181678165], [103.98649566352773, 30.716031222441476], [103.98649571070781, 30.71602671133918], [103.98650615317358, 30.716026792865147], [103.98650620035316, 30.716022281762832], [103.9865166428185, 30.716022363287955], [103.98651668999757, 30.716017852185608], [103.98652191123001, 30.716017892947843], [103.98652195840884, 30.716013381845496], [103.98653240087327, 30.716013463369325], [103.9865324480516, 30.71600895226696], [103.98653766928358, 30.71600899302856], [103.98653771646167, 30.716004481926188], [103.98654293769341, 30.716004522687566], [103.98654298487125, 30.716000011585173], [103.98654820610277, 30.716000052346327], [103.98654825328033, 30.715995541243934], [103.98655347451162, 30.715995582004886], [103.98655352168895, 30.715991070902476], [103.98655874292, 30.715991111663197], [103.98655879009705, 30.715986600560786], [103.98656923255871, 30.71598668208158], [103.98656927973528, 30.71598217097914], [103.98657450096589, 30.71598221173923], [103.9865745481422, 30.71597770063678], [103.98657976937257, 30.715977741396635], [103.98657981654863, 30.715973230294196], [103.9865902590089, 30.715973311813276], [103.98659030618448, 30.715968800710787], [103.9865955274144, 30.71596884147001], [103.98659557458971, 30.715964330367527], [103.98660079581938, 30.715964371126528], [103.98660084299445, 30.715959860024032], [103.98660606422389, 30.715959900782817], [103.98660611139871, 30.715955389680314], [103.98661133262792, 30.71595543043889], [103.98661137980247, 30.71595091933637], [103.98661660103146, 30.715950960094712], [103.98661664820575, 30.71594644899219], [103.98662186943452, 30.71594648975032], [103.98662191660856, 30.71594197864779], [103.98662713783708, 30.7159420194057], [103.98662718501086, 30.715937508303153], [103.98663240623915, 30.715937549060854], [103.98663245341268, 30.71593303795829], [103.98663767464075, 30.715933078715782], [103.98663772181403, 30.71592856761321], [103.98664294304186, 30.715928608370465], [103.98664299021489, 30.715924097267894], [103.98664821144247, 30.715924138024942], [103.98664830578801, 30.715915115819755], [103.98665352701512, 30.71591515657658], [103.98665357418764, 30.715910645473983], [103.98665879541453, 30.715910686230583], [103.98665888975904, 30.715901664025367], [103.98666411098544, 30.715901704781743], [103.98666415815744, 30.715897193679115], [103.98666937938361, 30.71589723443527], [103.98666947372709, 30.71588821223001], [103.98667469495278, 30.715888252985934], [103.98667474212426, 30.71588374188329], [103.98667996334973, 30.71588378263901], [103.98668005769217, 30.715874760433685], [103.98695156140586, 30.71587687944111], [103.986950429597, 30.715985145913233], [103.98693998713429, 30.715985064423094], [103.98693993997497, 30.71598957552605], [103.98693471874338, 30.715989534780654], [103.98693467158381, 30.715994045883587], [103.986929450352, 30.71599400513798], [103.98692940319216, 30.715998516240912], [103.98691896072806, 30.715998434749046], [103.98691891356773, 30.716002945851965], [103.98691369233548, 30.71600290510571], [103.9869136451749, 30.716007416208612], [103.9869032027099, 30.716007334715467], [103.98690315554882, 30.716011845818347], [103.98689793431608, 30.71601180507145], [103.98689788715475, 30.71601631617432], [103.98688744468885, 30.71601623467988], [103.98688739752703, 30.716020745782725], [103.98688217629385, 30.716020705035188], [103.98688212913176, 30.71602521613804], [103.98687168666495, 30.71602513464231], [103.98687163950238, 30.716029645745138], [103.98685597580149, 30.71602952349995], [103.98685592863818, 30.716034034602753], [103.98684026493667, 30.71603391235566], [103.98684021777262, 30.71603842345842], [103.98681933283646, 30.716038260459325], [103.98681928567142, 30.71604277156208], [103.98680362196868, 30.716042649310527], [103.98680357480289, 30.716047160413243], [103.98679313233397, 30.716047078911142], [103.98679308516769, 30.716051590013848], [103.98678264269833, 30.716051508510887], [103.98678259553155, 30.71605601961358], [103.98677215306174, 30.716055938109765], [103.98677210589447, 30.71606044921244], [103.98676688465935, 30.716060408460212], [103.98676683749181, 30.716064919562868], [103.9867563950211, 30.716064838057775], [103.98675634785309, 30.71606934916041], [103.98675112661749, 30.716069308407537], [103.98675103228095, 30.716078330612792], [103.98674581104488, 30.716078289859695], [103.98674576387634, 30.71608280096231], [103.98674054264005, 30.716082760209005], [103.98674040113366, 30.716096293516802], [103.98673517989666, 30.71609625276326], [103.98673503838943, 30.716109786071016], [103.9867298171517, 30.71610974531724], [103.98672967564366, 30.716123278624934], [103.98673489688211, 30.716123319378735], [103.98673470820555, 30.71614136378898], [103.98673992944498, 30.716141404542604], [103.98673983510713, 30.71615042674772], [103.98674505634706, 30.716150467501148], [103.98674500917835, 30.7161549786037], [103.98675023041855, 30.716155019356922], [103.98675018325008, 30.71615953045949], [103.98675540449052, 30.7161595712125], [103.9867553573223, 30.716164082315085], [103.986760578563, 30.716164123067887], [103.98676053139498, 30.716168634170465], [103.9867709738769, 30.716168715675472], [103.98677092670937, 30.716173226778057], [103.98677614795058, 30.716173267530255], [103.98677610078329, 30.71617777863284], [103.98678132202477, 30.716177819384836], [103.98678127485769, 30.716182330487445], [103.98678649609941, 30.71618237123923], [103.98678644893258, 30.716186882341827], [103.98679167017457, 30.71618692309342], [103.98679162300796, 30.716191434196013], [103.9867968442502, 30.7161914749474], [103.98679679708381, 30.71619598605001], [103.98680201832632, 30.716196026801192], [103.98680197116018, 30.71620053790381], [103.98681241364567, 30.716200619405555], [103.98681236648, 30.716205130508175], [103.986817587723, 30.716205171258746], [103.98681749339214, 30.716214193464], [103.98682271463564, 30.71621423421437], [103.98682266747043, 30.716218745316997], [103.98682788871419, 30.716218786067166], [103.98682779438421, 30.71622780827243], [103.98683301562848, 30.716227849022395], [103.98683296846372, 30.716232360125037], [103.98683818970821, 30.716232400874798], [103.98683814254369, 30.71623691197744], [103.98684336378845, 30.716236952727012], [103.98684331662416, 30.716241463829647], [103.98684853786918, 30.716241504579013], [103.98684849070511, 30.716246015681662], [103.98685371195037, 30.71624605643082], [103.98685361762273, 30.716255078636117], [103.98685883886849, 30.71625511938509], [103.98685879170488, 30.71625963048773], [103.9868640129509, 30.716259671236507], [103.98686391862415, 30.71626869344181], [103.98686913987065, 30.716268734190376], [103.98686904554434, 30.716277756395677], [103.98687426679135, 30.716277797144063], [103.98687412530253, 30.716291330452012], [103.98687934655028, 30.716291371200196], [103.98687915789934, 30.71630941561079], [103.98687393665062, 30.71630937486257], [103.98687384232461, 30.716318397067823], [103.98686862107542, 30.716318356319384], [103.98686857391215, 30.71632286742201], [103.98686335266272, 30.716322826673352], [103.9868633054992, 30.71632733777596], [103.98685808424955, 30.71632729702709], [103.98685803708577, 30.716331808129677], [103.98683715208627, 30.716331645132044]]]}, "properties": {"id": "seg_015", "source": "seg", "area_m2": 1290.8, "layout": "垂直式", "coef_m2": 28, "capacity": 46, "cap_min": 38, "cap_max": 58, "cx": 402967.3, "cy": 3398577.9}}, {"type": "Feature", "geometry": {"type": "Polygon", "coordinates": [[[103.99471455277114, 30.716031968084057], [103.99471459956865, 30.71602745697031], [103.9946937145841, 30.71602729523797], [103.99469376138258, 30.716022784124256], [103.99468331889085, 30.71602270325683], [103.99468336568981, 30.716018192143125], [103.9946729231986, 30.716018111274888], [103.99467296999804, 30.71601360016118], [103.9946677487527, 30.716013559726758], [103.99466779555236, 30.716009048613067], [103.9946573530622, 30.7160089677436], [103.99465739986233, 30.71600445662991], [103.9946469573727, 30.716004375759614], [103.9946470041733, 30.71599986464595], [103.99464178292875, 30.715999824210503], [103.99464182972959, 30.715995313096826], [103.99463138724099, 30.7159952322253], [103.99463143404232, 30.71599072111165], [103.99462099155424, 30.715990640239298], [103.99462103835603, 30.715986129125657], [103.9946105958685, 30.715986048252464], [103.99461064267076, 30.715981537138838], [103.99460542142725, 30.715981496701943], [103.99460546822975, 30.715976985588316], [103.9946002469865, 30.715976945151212], [103.99460029378922, 30.71597243403758], [103.99459507254622, 30.71597239360029], [103.99459511934919, 30.715967882486673], [103.99458989810644, 30.715967842049167], [103.99458994490963, 30.71596333093555], [103.99458472366715, 30.71596329049784], [103.99458477047057, 30.715958779384234], [103.99457954922833, 30.715958738946316], [103.994579596032, 30.715954227832714], [103.99457437479, 30.7159541873946], [103.9945744215939, 30.715949676280996], [103.99456920035216, 30.715949635842673], [103.99456924715629, 30.715945124729092], [103.9945640259148, 30.715945084290556], [103.99456407271917, 30.71594057317696], [103.99455885147793, 30.71594053273824], [103.99455889828253, 30.71593602162465], [103.99455367704155, 30.71593598118573], [103.99455377065121, 30.715926958958548], [103.99454854941072, 30.715926918519443], [103.99454859621576, 30.715922407405856], [103.99454337497554, 30.715922366966527], [103.99454342178082, 30.71591785585294], [103.99453820054084, 30.715917815413412], [103.99453824734636, 30.715913304299843], [103.99453302610664, 30.71591326386011], [103.99453307291239, 30.715908752746532], [103.99452785167293, 30.715908712306607], [103.99452789847889, 30.71590420119303], [103.99452267723969, 30.715904160752903], [103.9945227240459, 30.71589964963934], [103.99451750280694, 30.715899609199], [103.99451754961338, 30.715895098085436], [103.99451232837467, 30.7158950576449], [103.99451237518134, 30.715890546531345], [103.99450715394289, 30.7158905060906], [103.99450720074981, 30.715885994977043], [103.9945019795116, 30.715885954536105], [103.99450207312587, 30.715876932308998], [103.99449685188817, 30.715876891867858], [103.99449689869553, 30.715872380754302], [103.99449167745809, 30.715872340312956], [103.99449177107326, 30.71586331808587], [103.99448654983631, 30.715863277644335], [103.99448664345194, 30.715854255417234], [103.99448142221549, 30.7158542149755], [103.99448170306356, 30.7158271482942], [103.99448692429856, 30.715827188735886], [103.99448697110628, 30.715822677622313], [103.99450263481062, 30.71582279894611], [103.9945026816176, 30.71581828783251], [103.99451312408674, 30.71581836871397], [103.99451317089323, 30.715813857600363], [103.9945236133619, 30.71581393848097], [103.99452366016791, 30.715809427367343], [103.99452888140203, 30.715809467807322], [103.99452892820777, 30.71580495669368], [103.99454459190945, 30.71580507801234], [103.99454463871444, 30.715800566898682], [103.9945550811818, 30.715800647776728], [103.99455512798632, 30.715796136663055], [103.99457601292016, 30.715796298416596], [103.99457605972368, 30.715791787302873], [103.99459172342347, 30.715791908615813], [103.99459177022624, 30.715787397502066], [103.99460221269233, 30.71578747837629], [103.99460225949463, 30.715782967262534], [103.99460748072744, 30.715783007699322], [103.99460752752948, 30.715778496585564], [103.99461796999465, 30.7157785774585], [103.9946180167962, 30.715774066344707], [103.99462323802854, 30.715774106780856], [103.99462328482983, 30.715769595667066], [103.99462850606196, 30.71576963610299], [103.99462855286299, 30.715765124989183], [103.9946337740949, 30.715765165424894], [103.99463382089567, 30.715760654311076], [103.99463904212735, 30.715760694746567], [103.99463908892787, 30.715756183632756], [103.99464953139073, 30.715756264503092], [103.99464957819076, 30.71575175338925], [103.99465479942198, 30.715751793824094], [103.99465484622175, 30.715747282710236], [103.99466006745273, 30.71574732314488], [103.99466011425226, 30.71574281203101], [103.99466533548299, 30.715742852465425], [103.99466542908152, 30.715733830237664], [103.99467065031179, 30.71573387067186], [103.9946706971108, 30.715729359557983], [103.99467591834083, 30.71572939999195], [103.99467596513959, 30.71572488887805], [103.99468118636939, 30.715724929311804], [103.9946812331679, 30.7157204181979], [103.99468645439747, 30.715720458631438], [103.99468650119572, 30.71571594751752], [103.99469172242505, 30.715715987950837], [103.99469176922305, 30.715711476836912], [103.99469699045214, 30.715711517270012], [103.99469703724988, 30.715707006156073], [103.99470225847877, 30.715707046588964], [103.99470230527625, 30.715702535475017], [103.9947075265049, 30.715702575907684], [103.99470757330212, 30.715698064793724], [103.99471279453054, 30.715698105226167], [103.99471284132751, 30.7156935941122], [103.99471806255568, 30.71569363454444], [103.99471810935242, 30.71568912343045], [103.99472333058036, 30.715689163862475], [103.99472337737683, 30.71568465274848], [103.99472859860454, 30.715684693180282], [103.99472864540077, 30.715680182066283], [103.99473386662824, 30.715680222497866], [103.99473391342421, 30.71567571138386], [103.99473913465145, 30.715675751815215], [103.99473918144716, 30.715671240701194], [103.99474440267417, 30.71567128113235], [103.99474444946962, 30.71566677001831], [103.99474967069641, 30.715666810449243], [103.99474971749162, 30.715662299335207], [103.99475493871817, 30.715662339765917], [103.99475498551311, 30.715657828651864], [103.99476020673944, 30.715657869082357], [103.99476025353414, 30.715653357968296], [103.99476547476021, 30.715653398398587], [103.99476552155467, 30.715648887284495], [103.99477074278052, 30.715648927714575], [103.99477078957472, 30.715644416600483], [103.99477601080032, 30.71564445703034], [103.99477605759427, 30.715639945916237], [103.99478127881964, 30.715639986345874], [103.99478132561333, 30.71563547523176], [103.99479176806365, 30.715635556090376], [103.99479181485684, 30.71563104497625], [103.99479703608176, 30.71563108540523], [103.9947970828747, 30.715626574291104], [103.99480752532412, 30.715626655148437], [103.99480757211656, 30.715622144034278], [103.9948754480356, 30.715622669586367], [103.99487540124632, 30.715627180700615], [103.99488584369604, 30.71562726155165], [103.99488579690724, 30.7156317726659], [103.99489623935749, 30.715631853516115], [103.99489619256917, 30.71563636463039], [103.99490663501996, 30.715636445479774], [103.9949065882321, 30.715640956594047], [103.99492225190909, 30.715641077866568], [103.99492220512195, 30.71564558898087], [103.99492742634787, 30.715645629404627], [103.99492737956096, 30.71565014051893], [103.99493260078715, 30.715650180942493], [103.99493255400048, 30.7156546920568], [103.99493777522692, 30.715654732480154], [103.99493772844048, 30.715659243594473], [103.99495339212056, 30.7156593648633], [103.99495334533485, 30.715663875977626], [103.99496378778878, 30.71566395682248], [103.99496374100353, 30.715668467936815], [103.99496896223076, 30.71566850835893], [103.99496891544574, 30.715673019473282], [103.99497935790072, 30.71567310031691], [103.99497931111617, 30.71567761143126], [103.99498453234392, 30.715677651852758], [103.9949844387753, 30.715686674081475], [103.99498966000354, 30.71568671450278], [103.99498961321946, 30.71569122561715], [103.99499483444795, 30.715691266038256], [103.9949947876641, 30.715695777152618], [103.99501045135037, 30.715695898414694], [103.99501040456724, 30.71570040952907], [103.9950208470253, 30.71570049036943], [103.99502080024263, 30.715705001483823], [103.9950312427012, 30.715705082323332], [103.99503119591903, 30.71570959343774], [103.99504163837814, 30.71570967427645], [103.99504159159643, 30.715714185390866], [103.99505203405606, 30.715714266228726], [103.99505198727483, 30.715718777343167], [103.99506242973501, 30.71571885818021], [103.99506238295425, 30.715723369294643], [103.99507282541494, 30.71572345013087], [103.99507277863465, 30.715727961245317], [103.99508322109588, 30.715728042080716], [103.99508284685714, 30.715764130996327], [103.99507762562459, 30.715764090578677], [103.99507757884447, 30.715768601693103], [103.99507235761168, 30.715768561275233], [103.99507231083128, 30.715773072389656], [103.99506708959827, 30.71577303197156], [103.99506704281762, 30.71577754308598], [103.99505660035112, 30.715777462249168], [103.99505655357, 30.71578197336356], [103.99504611110305, 30.71578189252589], [103.99504606432141, 30.71578640364025], [103.99503562185403, 30.71578632280174], [103.9950355750719, 30.715790833916092], [103.99502513260406, 30.715790753076725], [103.99502508582144, 30.715795264191055], [103.99501464335316, 30.715795183350828], [103.99501459657004, 30.715799694465147], [103.99500937533567, 30.715799654044705], [103.99500932855231, 30.715804165159017], [103.9950041073177, 30.715804124738362], [103.99500406053409, 30.71580863585266], [103.99499883929924, 30.71580859543179], [103.99499879251537, 30.715813106546083], [103.9949935712803, 30.71581306612499], [103.99499347771203, 30.71582208835354], [103.99498825647649, 30.715822047932228], [103.99498820969208, 30.71582655904649], [103.99498298845631, 30.71582651862497], [103.99498294167167, 30.715831029739224], [103.99497772043567, 30.715830989317478], [103.99497767365077, 30.715835500431723], [103.99497245241453, 30.715835460009753], [103.99497240562937, 30.715839971123984], [103.99496718439289, 30.7158399307018], [103.99496713760747, 30.71584444181604], [103.99496191637078, 30.715844401393635], [103.99496186958511, 30.715848912507848], [103.99495664834818, 30.715848872085232], [103.99495660156227, 30.715853383199434], [103.99495138032509, 30.7158533427766], [103.99495133353894, 30.715857853890782], [103.99494611230153, 30.715857813467746], [103.9949460655151, 30.715862324581924], [103.99494084427748, 30.715862284158664], [103.99494079749078, 30.715866795272827], [103.99493557625293, 30.715866754849344], [103.994935529466, 30.715871265963504], [103.99493030822791, 30.7158712255398], [103.99493026144071, 30.71587573665395], [103.99492504020239, 30.715875696230025], [103.99492499341494, 30.715880207344174], [103.99491977217639, 30.715880166920037], [103.994919678601, 30.7158891891483], [103.99491445736196, 30.715889148723942], [103.994914410574, 30.715893659838052], [103.99490918933473, 30.71589361941348], [103.99490914254652, 30.71589813052759], [103.99490392130701, 30.71589809010279], [103.99490382773007, 30.715907112330974], [103.99489860649011, 30.715907071905956], [103.99489855970138, 30.71591158302004], [103.99489333846117, 30.715911542594796], [103.99489329167218, 30.71591605370888], [103.99488807043176, 30.71591601328343], [103.99488802364252, 30.715920524397493], [103.99488280240183, 30.71592048397181], [103.99488275561235, 30.715924995085864], [103.99487753437144, 30.715924954659975], [103.99487748758169, 30.715929465774014], [103.99487226634056, 30.715929425347912], [103.99487221955057, 30.715933936461948], [103.99486699830919, 30.71593389603562], [103.99486695151894, 30.71593840714964], [103.99486173027735, 30.715938366723105], [103.99486168348685, 30.715942877837108], [103.99485124100319, 30.715942796983395], [103.99485119421219, 30.715947308097384], [103.99484597297013, 30.71594726767019], [103.99484592617888, 30.71595177878418], [103.99484070493658, 30.71595173835678], [103.99484065814508, 30.71595624947075], [103.99483543690256, 30.71595620904313], [103.9948353901108, 30.71596072015709], [103.99483016886805, 30.71596067972925], [103.99483012207604, 30.715965190843207], [103.99482490083304, 30.71596515041516], [103.99482485404077, 30.71596966152909], [103.99481963279757, 30.715969621100825], [103.99481958600504, 30.715974132214754], [103.9948143647616, 30.715974091786272], [103.99481431796882, 30.715978602900186], [103.99480909672513, 30.71597856247148], [103.9948090499321, 30.715983073585395], [103.99480382868818, 30.71598303315648], [103.9948037818949, 30.715987544270366], [103.99479856065076, 30.715987503841234], [103.99479846706367, 30.715996526069], [103.99479324581905, 30.715996485639636], [103.99479319902525, 30.71600099675351], [103.9947879777804, 30.716000956323928], [103.99478793098635, 30.716005467437796], [103.99478270974126, 30.716005427008003], [103.99478266294695, 30.716009938121847], [103.99477222045633, 30.716009857261614], [103.99477217366153, 30.71601436837545], [103.99476695241597, 30.716014327945015], [103.99476690562092, 30.716018839058844], [103.99475646312938, 30.71601875819731], [103.99475641633383, 30.716023269311123], [103.99474597384186, 30.716023188448734], [103.99474592704581, 30.71602769956253], [103.99473548455337, 30.716027618699297], [103.99473543775683, 30.71603212981307], [103.99471455277114, 30.716031968084057]]]}, "properties": {"id": "seg_016", "source": "seg", "area_m2": 1403.2, "layout": "垂直式", "coef_m2": 28, "capacity": 50, "cap_min": 42, "cap_max": 63, "cx": 403745.5, "cy": 3398540.4}}, {"type": "Feature", "geometry": {"type": "Polygon", "coordinates": [[[103.98839817092713, 30.715856579929618], [103.98839821801833, 30.71585206882454], [103.98838777556526, 30.715851987451174], [103.98838782265693, 30.715847476346102], [103.98838260143066, 30.715847435659107], [103.98838269561446, 30.71583841344898], [103.98837747438868, 30.715838372761787], [103.98837752148081, 30.715833861656723], [103.98837230025528, 30.715833820969326], [103.98837239443999, 30.715824798759197], [103.98836717321497, 30.715824758071612], [103.98836726740012, 30.715815735861497], [103.9883620461756, 30.715815695173717], [103.98836214036119, 30.715806672963595], [103.98835691913716, 30.71580663227562], [103.98835696623019, 30.715802121170565], [103.9883517450064, 30.71580208048238], [103.9883518391929, 30.715793058272283], [103.98834661796963, 30.715793017583902], [103.98834671215657, 30.715783995373794], [103.98834149093378, 30.715783954685218], [103.98834158512116, 30.715774932475114], [103.98833636389888, 30.715774891786342], [103.98833650518061, 30.715761358471195], [103.98833128395906, 30.715761317782245], [103.98833137814731, 30.71575229557212], [103.98832615692626, 30.71575225488298], [103.98832625111496, 30.715743232672878], [103.9883210298944, 30.71574319198352], [103.98832112408354, 30.715734169773423], [103.98831590286348, 30.71573412908388], [103.98831594995828, 30.715729617978827], [103.98831072873848, 30.715729577289082], [103.98831082292851, 30.715720555078985], [103.98830560170921, 30.715720514389048], [103.98830564880447, 30.715716003284005], [103.9883004275854, 30.715715962593862], [103.98830056887182, 30.715702429278736], [103.9882953476535, 30.715702388588404], [103.98829544184488, 30.715693366378318], [103.98829022062706, 30.715693325687784], [103.98829026772297, 30.71568881458275], [103.98828504650541, 30.715688773892026], [103.98828509360156, 30.715684262786976], [103.98827987238425, 30.71568422209604], [103.988279966577, 30.71567519988598], [103.98827474536019, 30.715675159194856], [103.98827483955337, 30.715666136984776], [103.98826961833706, 30.715666096293454], [103.98826971253071, 30.715657074083396], [103.98826449131488, 30.71565703339188], [103.98826453841191, 30.71565252228685], [103.98825931719635, 30.71565248159513], [103.98825936429363, 30.715647970490096], [103.98825414307831, 30.715647929798177], [103.98825423727332, 30.715638907588126], [103.9882490160585, 30.71563886689601], [103.98824906315625, 30.71563435579098], [103.98824384194167, 30.715634315098665], [103.98824388903964, 30.715629803993636], [103.98823866782531, 30.71562976330112], [103.98823871492351, 30.715625252196105], [103.98823349370946, 30.715625211503376], [103.98823358790631, 30.71561618929335], [103.9882231454792, 30.715616107907298], [103.98822319257809, 30.715611596802297], [103.98821797136479, 30.715611556108957], [103.98821801846391, 30.71560704500397], [103.98820235482482, 30.715606922922724], [103.98820240192465, 30.71560241181774], [103.98818673828637, 30.715602289734633], [103.9881866911858, 30.715606800839595], [103.98818146997282, 30.715606760144798], [103.9881817054768, 30.715584204620015], [103.98817648426504, 30.71558416392504], [103.98817643716403, 30.71558867503], [103.98817121595205, 30.715588634334814], [103.98817112174949, 30.715597656544695], [103.98816590053703, 30.715597615849287], [103.98816580633395, 30.71560663805915], [103.98816058512101, 30.715606597363507], [103.9881604909174, 30.715615619573338], [103.98815526970398, 30.71561557887748], [103.98815512839776, 30.715629112192186], [103.98814990718363, 30.715629071496085], [103.98814981297895, 30.71563809370586], [103.98814459176432, 30.715638053009542], [103.9881444504565, 30.715651586324157], [103.98813922924117, 30.715651545627612], [103.9881390408296, 30.715669590047025], [103.98813381961331, 30.71566954935023], [103.9881336783038, 30.71568308266472], [103.98812845708679, 30.715683041967708], [103.98812840998336, 30.71568755307253], [103.98812318876611, 30.71568751237529], [103.98812309455872, 30.715696534584904], [103.98811787334101, 30.715696493887442], [103.98811782623706, 30.71570100499224], [103.9881126050191, 30.715700964294562], [103.98811251081068, 30.715709986504137], [103.98810728959225, 30.71570994580623], [103.9881072424878, 30.715714456911], [103.98810202126914, 30.71571441621288], [103.98810197416441, 30.71571892731764], [103.98809675294552, 30.715718886619303], [103.98809670584055, 30.715723397724055], [103.98809148462142, 30.7157233570255], [103.98809139041096, 30.715732379234975], [103.98808616919136, 30.715732338536196], [103.98808612208586, 30.715736849640923], [103.98808090086604, 30.71573680894193], [103.98808080665451, 30.715745831151363], [103.98807558543422, 30.71574579045214], [103.9880755383282, 30.715750301556835], [103.98807031710767, 30.7157502608574], [103.9880702700014, 30.715754771962093], [103.98801283657357, 30.715754324254334], [103.98801288368253, 30.715749813149728], [103.98800244124172, 30.7157497317456], [103.98800248835114, 30.715745220641004], [103.98799204591087, 30.715745139236056], [103.98799209302076, 30.715740628131474], [103.987981650581, 30.7157405467257], [103.98798169769138, 30.715736035621113], [103.98797647647177, 30.715735994917914], [103.98797652358238, 30.71573148381334], [103.98796608114367, 30.715731402406348], [103.98796612825474, 30.71572689130178], [103.98796090703564, 30.715726850597978], [103.98796095414694, 30.715722339493407], [103.98795573292811, 30.7157222987894], [103.98795578003966, 30.715717787684845], [103.98795055882105, 30.71571774698063], [103.98795060593284, 30.71571323587608], [103.9879453847145, 30.715713195171663], [103.9879454318265, 30.715708684067117], [103.98794021060843, 30.71570864336249], [103.98794025772065, 30.715704132257954], [103.98793503650283, 30.71570409155313], [103.9879350836153, 30.715699580448582], [103.98792986239773, 30.715699539743554], [103.98792990951044, 30.715695028639022], [103.98792468829312, 30.715694987933794], [103.98792473540605, 30.71569047682927], [103.98791951418897, 30.71569043612384], [103.98791956130215, 30.715685925019315], [103.98791434008533, 30.715685884313686], [103.98791438719873, 30.715681373209147], [103.98790916598217, 30.715681332503323], [103.98790926020942, 30.71567231029428], [103.98790403899336, 30.71567226958825], [103.9879040861072, 30.715667758483733], [103.9878988648914, 30.7156677177775], [103.98789891200549, 30.715663206672975], [103.98789369078993, 30.715663165966546], [103.98789373790426, 30.71565865486204], [103.98788851668894, 30.715658614155394], [103.98788861091805, 30.715649591946384], [103.98788338970323, 30.71564955123955], [103.987883436818, 30.715645040135048], [103.98787821560346, 30.715644999428008], [103.98787830983346, 30.715635977219005], [103.9878730886194, 30.71563593651177], [103.98787313573462, 30.71563142540726], [103.98786791452082, 30.715631384699826], [103.98786800875173, 30.71562236249084], [103.98786278753842, 30.715622321783208], [103.9878628346541, 30.715617810678722], [103.98785761344104, 30.715617769970883], [103.98785766055695, 30.715613258866387], [103.98785243934417, 30.715613218158346], [103.98785253357643, 30.715604195949375], [103.98784731236414, 30.715604155241145], [103.9878473594805, 30.715599644136667], [103.98784213826846, 30.71559960342823], [103.98784218538505, 30.71559509232374], [103.98783696417325, 30.7155950516151], [103.98783705840691, 30.715586029406154], [103.98783183719561, 30.71558598869732], [103.98783188431267, 30.715581477592842], [103.98782666310161, 30.715581436883802], [103.9878267102189, 30.715576925779324], [103.98782148900811, 30.715576885070085], [103.98782158324313, 30.715567862861146], [103.98781636203285, 30.71556782215172], [103.98781640915057, 30.715563311047255], [103.98781118794054, 30.715563270337615], [103.9878112350585, 30.715558759233144], [103.98780601384871, 30.715558718523308], [103.98780606096692, 30.71555420741885], [103.98780083975738, 30.715554166708806], [103.98780093399424, 30.71554514449989], [103.98779571278521, 30.71554510378966], [103.98779575990386, 30.715540592685198], [103.98779053869508, 30.715540551974758], [103.98779058581397, 30.71553604087031], [103.98778536460544, 30.715536000159663], [103.98778545884367, 30.715526977950773], [103.98778023763565, 30.715526937239936], [103.98778028475499, 30.715522426135475], [103.9877750635472, 30.715522385424446], [103.98777515778634, 30.715513363215564], [103.98776993657907, 30.71551332250433], [103.98776998369887, 30.715508811399882], [103.98776476249184, 30.715508770688437], [103.98776480961187, 30.715504259584012], [103.98775958840508, 30.71550421887237], [103.98775968264559, 30.715495196663493], [103.98775446143932, 30.71549515595166], [103.98775455568027, 30.715486133742786], [103.9877493344745, 30.715486093030766], [103.98774938159521, 30.71548158192633], [103.98774416038967, 30.715481541214096], [103.98774420751062, 30.715477030109675], [103.98773898630533, 30.715476989397235], [103.98773903342651, 30.715472478292813], [103.98773381222148, 30.715472437580168], [103.98773385934288, 30.71546792647575], [103.98772863813811, 30.71546788576291], [103.98772873238137, 30.71545886355407], [103.98772351117711, 30.715458822841036], [103.98772355829895, 30.71545431173662], [103.98771833709493, 30.71545427102338], [103.98771838421703, 30.715449759918975], [103.98771316301325, 30.715449719205534], [103.98771321013558, 30.715445208101123], [103.98770798893207, 30.715445167387475], [103.98770808317717, 30.715436145178668], [103.98770286197416, 30.715436104464832], [103.98770290909692, 30.71543159336043], [103.98769768789417, 30.715431552646386], [103.98769773501718, 30.715427041541997], [103.98769251381466, 30.71542700082774], [103.9876925609379, 30.715422489723355], [103.98768733973566, 30.715422449008905], [103.98768743398259, 30.715413426800122], [103.98768221278083, 30.715413386085473], [103.98768225990452, 30.71540887498109], [103.98767703870303, 30.715408834266245], [103.98767887652824, 30.715232901192906], [103.98768409772026, 30.71523294190747], [103.98768414484353, 30.715228430802952], [103.98768936603533, 30.715228471517293], [103.98768946028135, 30.715219449308243], [103.98769468147266, 30.715219490022367], [103.98769472859541, 30.715214978917828], [103.98791401863028, 30.715216688721107], [103.98791397151774, 30.715221199825955], [103.98790875032597, 30.715221159120645], [103.98790860898754, 30.71523469243514], [103.98791383018003, 30.71523473314047], [103.98791373595485, 30.71524375535012], [103.98791895714784, 30.715243796055265], [103.9879188629231, 30.715252818264926], [103.98792408411659, 30.715252858969865], [103.98792403700443, 30.715257370074696], [103.98792925819818, 30.71525741077943], [103.98792916397434, 30.7152664329891], [103.98793438516859, 30.715266473693646], [103.98793433805689, 30.71527098479849], [103.98793955925139, 30.715271025502826], [103.98793951213993, 30.715275536607663], [103.98794995452944, 30.71527561801572], [103.98794986030745, 30.71528464022543], [103.9879550815027, 30.71528468092915], [103.98795503439194, 30.715289192034014], [103.98796025558745, 30.715289232737543], [103.98796016136637, 30.71529825494725], [103.98796538256238, 30.715298295650577], [103.98796533545207, 30.715302806755446], [103.98797055664834, 30.715302847458563], [103.98797046242817, 30.71531186966829], [103.98797568362492, 30.715311910371227], [103.98797558940521, 30.71532093258096], [103.98798081060247, 30.715320973283692], [103.98798071638319, 30.715329995493413], [103.98798593758092, 30.71533003619595], [103.9879858433621, 30.715339058405693], [103.98799106456033, 30.715339099108032], [103.98799097034195, 30.71534812131776], [103.98799619154069, 30.715348162019918], [103.98799609732275, 30.715357184229646], [103.98800131852198, 30.715357224931605], [103.98800127141324, 30.71536173603647], [103.98800649261273, 30.715361776738227], [103.98800639839568, 30.71537079894797], [103.98801161959567, 30.71537083964952], [103.98801152537908, 30.715379861859265], [103.98801674657956, 30.715379902560635], [103.9880166523634, 30.71538892477037], [103.98802187356439, 30.71538896547154], [103.98802182645655, 30.71539347657642], [103.98802704765778, 30.71539351727738], [103.98802700055016, 30.715398028382264], [103.98803222175164, 30.715398069083022], [103.98803217464426, 30.715402580187902], [103.988037395846, 30.71540262088846], [103.98803734873884, 30.71540713199335], [103.98804256994084, 30.715407172693705], [103.988042475727, 30.715416194903483], [103.98804769692948, 30.715416235603655], [103.98804764982279, 30.715420746708542], [103.98805287102553, 30.71542078740849], [103.98805282391906, 30.71542529851341], [103.98805804512206, 30.715425339213148], [103.98805795090959, 30.715434361422943], [103.98806317211307, 30.715434402122504], [103.98806312500706, 30.715438913227413], [103.98806834621082, 30.715438953926768], [103.98806825199925, 30.715447976136574], [103.9880734732035, 30.71544801683574], [103.98807337899237, 30.715457039045543], [103.98807860019711, 30.715457079744507], [103.98807855309177, 30.71546159084942], [103.98808377429677, 30.715461631548184], [103.98808368008656, 30.715470653758], [103.98808890129204, 30.715470694456563], [103.98808885418715, 30.715475205561482], [103.98809407539291, 30.715475246259846], [103.98809402828826, 30.715479757364765], [103.98809924949425, 30.715479798062926], [103.98809920238983, 30.715484309167845], [103.98810442359608, 30.715484349865807], [103.9881043764919, 30.715488860970733], [103.98810959769841, 30.715488901668486], [103.98810955059446, 30.715493412773412], [103.98811477180122, 30.715493453470962], [103.9881147246975, 30.715497964575906], [103.9881199459045, 30.715498005273258], [103.98811989880103, 30.715502516378198], [103.98813034121557, 30.71550259777228], [103.98813029411255, 30.715507108877222], [103.98815117894274, 30.71550727166291], [103.98815113184068, 30.71551178276788], [103.98816157425632, 30.715511864159488], [103.98816162135789, 30.7155073530545], [103.98817206377309, 30.715507434445243], [103.98817211087416, 30.71550292334024], [103.98818255328892, 30.71550300473013], [103.98818278879166, 30.71548044920498], [103.98819323120404, 30.715480530593947], [103.98819327830407, 30.71547601948889], [103.98821416312796, 30.715476182264297], [103.98821421022701, 30.715471671159214], [103.98822465263854, 30.715471752545646], [103.98822469973709, 30.715467241440535], [103.98822992094263, 30.715467282133442], [103.98822996804093, 30.71546277102832], [103.98823518924623, 30.715462811721], [103.98823523634427, 30.715458300615865], [103.98824567875442, 30.715458382000573], [103.98824572585197, 30.715453870895434], [103.98825094705681, 30.715453911587467], [103.9882510412514, 30.71544488937716], [103.98825626245578, 30.71544493006897], [103.98825630955281, 30.715440418963794], [103.9882667519611, 30.715440500346766], [103.98826679905764, 30.71543598924158], [103.98827202026156, 30.71543602993274], [103.98827206735784, 30.715431518827554], [103.98827728856152, 30.715431559518496], [103.98827733565756, 30.71542704841329], [103.98828255686101, 30.715427089104022], [103.98828260395679, 30.715422577998797], [103.98829304636324, 30.715422659379602], [103.98829309345852, 30.71541814827437], [103.98829831466152, 30.715418188964467], [103.98829836175655, 30.715413677859218], [103.98830358295932, 30.715413718549083], [103.98830363005408, 30.715409207443823], [103.98831407245916, 30.71540928882291], [103.98831411955345, 30.715404777717637], [103.98831934075577, 30.71540481840687], [103.98831938784978, 30.71540030730159], [103.98832983025396, 30.715400388679374], [103.98832987734748, 30.71539587757409], [103.98833509854934, 30.71539591826266], [103.98833514564261, 30.715391407157345], [103.98834036684424, 30.715391447845704], [103.98834041393725, 30.715386936740384], [103.98835085634006, 30.71538701811646], [103.98835090343259, 30.715382507011128], [103.98836134583493, 30.71538258838635], [103.98836139292696, 30.715378077280995], [103.98836661412791, 30.715378117968292], [103.98836666121969, 30.715373606862915], [103.98837188242041, 30.715373647549978], [103.98837192951191, 30.715369136444608], [103.98837715071241, 30.715369177131464], [103.98837719780367, 30.715364666026076], [103.9883876402042, 30.715364747399136], [103.98838768729496, 30.71536023629374], [103.988392908495, 30.71536027697995], [103.98839295558551, 30.715355765874524], [103.98839817678531, 30.715355806560513], [103.98839822387558, 30.7153512954551], [103.98840866627472, 30.71535137682643], [103.98840871336448, 30.715346865721003], [103.98842437696256, 30.715346987776417], [103.98842442405159, 30.71534247667094], [103.98842964525072, 30.715342517355655], [103.98842969233948, 30.715338006250175], [103.98844013473732, 30.715338087618957], [103.98844018182558, 30.71533357651346], [103.98845062422296, 30.715333657881384], [103.98845067131073, 30.71532914677587], [103.98846633490615, 30.71532926882617], [103.98846638199319, 30.715324757720623], [103.98847682438969, 30.715324839086424], [103.98847687147624, 30.71532032798086], [103.9884873138723, 30.7153204093458], [103.98848736095835, 30.715315898240227], [103.98849258215616, 30.715315938922373], [103.98849262924195, 30.715311427816793], [103.98851873522992, 30.715311631224345], [103.98851868814535, 30.715316142329975], [103.98853957293689, 30.71531630505228], [103.98853947876964, 30.71532532726357], [103.98854469996805, 30.715325367943638], [103.98854465288464, 30.715329879049293], [103.98855509528195, 30.7153299604088], [103.98855504819903, 30.715334471514453], [103.98856026939795, 30.71533451219392], [103.98856022231526, 30.715339023299574], [103.98856544351445, 30.715339063978824], [103.98856539643198, 30.715343575084493], [103.98857583883084, 30.71534365644238], [103.98857579174886, 30.715348167548058], [103.98858101294854, 30.71534820822668], [103.9885809658668, 30.715352719332373], [103.98858618706674, 30.715352760010788], [103.98858613998522, 30.715357271116485], [103.98859136118541, 30.715357311794715], [103.98859131410413, 30.71536182290041], [103.98859653530458, 30.715361863578426], [103.98859648822354, 30.715366374684127], [103.98860170942423, 30.715366415361952], [103.98860166234343, 30.715370926467653], [103.98860688354438, 30.715370967145258], [103.98860683646379, 30.715375478250966], [103.988612057665, 30.715375518928386], [103.98861201058465, 30.715380030034098], [103.9886172317861, 30.715380070711312], [103.98861713762585, 30.71538909292273], [103.98862235882781, 30.715389133599743], [103.9886223117479, 30.715393644705458], [103.98862753295013, 30.71539368538227], [103.98862748587047, 30.715398196488003], [103.98863270707292, 30.715398237164607], [103.9886326599935, 30.715402748270318], [103.98863788119621, 30.715402788946736], [103.988637834117, 30.71540730005246], [103.98864305531998, 30.715407340728667], [103.988643008241, 30.715411851834393], [103.98864822944424, 30.7154118925104], [103.98864813528675, 30.715420914721875], [103.98865335649047, 30.715420955397672], [103.98865330941197, 30.71542546650341], [103.98865853061594, 30.715425507179017], [103.98865848353765, 30.715430018284753], [103.98866370474188, 30.715430058960163], [103.98866365766384, 30.715434570065902], [103.98866887886832, 30.715434610741106], [103.9886688317905, 30.715439121846856], [103.98867405299524, 30.715439162521836], [103.98867400591764, 30.715443673627597], [103.98867922712263, 30.715443714302392], [103.98867913296792, 30.715452736513907], [103.98868435417342, 30.715452777188496], [103.98868430709628, 30.715457288294253], [103.98868952830202, 30.71545732896865], [103.98868943414821, 30.715466351180176], [103.98869465535445, 30.715466391854378], [103.98869460827777, 30.715470902960135], [103.98869982948426, 30.71547094363413], [103.98869978240782, 30.715475454739888], [103.9887102248213, 30.715475536087283], [103.98871017774535, 30.71548004719305], [103.98871539895235, 30.715480087866435], [103.9887153518766, 30.715484598972232], [103.98872579429114, 30.71548468031838], [103.98872574721588, 30.71548919142416], [103.98873618963096, 30.7154892727695], [103.98873614255616, 30.715493783875296], [103.98879879705035, 30.715494271929714], [103.98879884412221, 30.71548976082383], [103.98880406532989, 30.715489801493657], [103.98880411240151, 30.715485290387754], [103.9888145548164, 30.715485371726775], [103.98881460188753, 30.715480860620854], [103.98881982309474, 30.715480901290046], [103.98881987016563, 30.715476390184115], [103.98883031257961, 30.715476471521836], [103.98883035964998, 30.715471960415893], [103.98883558085674, 30.715472001084436], [103.98883562792686, 30.71546748997848], [103.98884607033995, 30.71546757131492], [103.98884611740957, 30.715463060208947], [103.9888565598222, 30.715463141544525], [103.98885660689133, 30.715458630438533], [103.98887227050963, 30.715458752440313], [103.98887222344125, 30.71546326354633], [103.98888266585398, 30.71546334487981], [103.98888261878606, 30.715467855985843], [103.9888878399927, 30.715467896652275], [103.988887792925, 30.715472407758305], [103.98889301413189, 30.715472448424535], [103.98889296706443, 30.715476959530566], [103.98889818827156, 30.71547700019659], [103.98889814120434, 30.715481511302627], [103.98890336241173, 30.715481551968455], [103.98890331534474, 30.715486063074508], [103.98891375776003, 30.71548614440554], [103.98891366362699, 30.71549516661764], [103.98891888483514, 30.715495207282864], [103.98891883776886, 30.715499718388916], [103.98892405897726, 30.715499759053927], [103.9889240119112, 30.715504270159986], [103.98892923311986, 30.71550431082481], [103.98892918605402, 30.71550882193087], [103.98893440726293, 30.71550886259547], [103.98893431313174, 30.715517884807596], [103.98893953434114, 30.715517925472014], [103.98893948727576, 30.715522436578087], [103.98894470848542, 30.7155224772423], [103.98894466142028, 30.71552698834837], [103.9889498826302, 30.715527029012378], [103.9889498355653, 30.715531540118455], [103.98895505677545, 30.715531580782265], [103.98895500971078, 30.71553609188835], [103.98896545213164, 30.71553617321534], [103.98896540506743, 30.715540684321436], [103.98897062627812, 30.715540724984624], [103.98897057921414, 30.71554523609072], [103.98897580042508, 30.715545276753705], [103.98897575336134, 30.7155497878598], [103.98898097457253, 30.715549828522587], [103.98898092750902, 30.7155543396287], [103.98898614872047, 30.715554380291277], [103.98898600753061, 30.715567913609586], [103.98898078631845, 30.715567872946977], [103.98898069219133, 30.715576895159156], [103.98897547097869, 30.71557685449633], [103.98897542391488, 30.7155813656024], [103.98897020270198, 30.71558132493935], [103.98897015563792, 30.71558583604542], [103.9889649344248, 30.715585795382157], [103.98896488736048, 30.715590306488206], [103.98895966614712, 30.715590265824734], [103.98895961908255, 30.715594776930775], [103.98895439786898, 30.71559473626707], [103.98895435080415, 30.71559924737311], [103.98894912959034, 30.715599206709193], [103.98894908252525, 30.71560371781521], [103.9889438613112, 30.71560367715108], [103.98894381424587, 30.715608188257093], [103.98893859303159, 30.715608147592732], [103.98893854596601, 30.71561265869874], [103.98893332475149, 30.71561261803418], [103.98893327768566, 30.71561712914017], [103.98892283525618, 30.715617047810387], [103.98892278818984, 30.71562155891636], [103.98891756697488, 30.715621518251144], [103.98891751990827, 30.715626029357118], [103.98891229869308, 30.715625988691688], [103.98891225162623, 30.715630499797637], [103.98890703041081, 30.715630459131994], [103.9889069833437, 30.715634970237936], [103.98889654091239, 30.715634888906], [103.98889649384479, 30.715639400011923], [103.98889127262892, 30.71563935934563], [103.98889122556108, 30.715643870451547], [103.98888600434495, 30.71564382978504], [103.98888591020874, 30.715652851996836], [103.98888068899214, 30.715652811330106], [103.98888064192377, 30.715657322435995], [103.98887019949014, 30.715657241101905], [103.98887015242127, 30.71566175220776], [103.98886493120423, 30.715661711540395], [103.98886488413511, 30.715666222646256], [103.98885966291783, 30.71566618197866], [103.98885961584845, 30.715670693084505], [103.98884917341346, 30.715670611748685], [103.9888491263436, 30.71567512285451], [103.98884390512585, 30.715675082186273], [103.98884385805573, 30.715679593292094], [103.98883341561982, 30.71567951195498], [103.98883336854921, 30.715684023060778], [103.988828147331, 30.715683982391894], [103.98882810026015, 30.71568849349769], [103.98880721538654, 30.71568833082004], [103.98880716831468, 30.715692841925804], [103.98878106222169, 30.71569263857397], [103.98878110929476, 30.715688127468237], [103.98876022442153, 30.715687964783022], [103.98876027149556, 30.715683453677322], [103.98875505027753, 30.715683413005504], [103.98875509735178, 30.715678901899814], [103.98874465491623, 30.715678820555553], [103.98874470199098, 30.71567430944987], [103.98873948077346, 30.715674268777427], [103.98873952784842, 30.715669757671744], [103.98873430663116, 30.715669716999106], [103.98873435370636, 30.71566520589343], [103.98872391127234, 30.715665124547538], [103.98872395834802, 30.71566061344187], [103.98871873713126, 30.715660572768613], [103.98871878420718, 30.715656061662955], [103.9887135629907, 30.7156560209895], [103.98871361006684, 30.715651509883838], [103.9887083888506, 30.715651469210172], [103.98870843592697, 30.715646958104525], [103.98870321471098, 30.71564691743066], [103.98870326178758, 30.715642406325006], [103.98869804057185, 30.71564236565094], [103.9886980876487, 30.715637854545303], [103.98869286643321, 30.715637813871034], [103.98869291351028, 30.71563330276539], [103.98868247107984, 30.715633221416237], [103.98868251815738, 30.715628710310604], [103.98867729694241, 30.71562866963572], [103.9886773440202, 30.7156241585301], [103.98867212280548, 30.71562411785501], [103.9886722169615, 30.715615095643763], [103.9886617745331, 30.715615014292986], [103.98866182161156, 30.71561050318738], [103.98865660039762, 30.715610462511687], [103.98865664747633, 30.71560595140607], [103.98865142626263, 30.715605910730183], [103.9886515204205, 30.715596888518956], [103.9886462992073, 30.715596847842868], [103.98864634628646, 30.715592336737263], [103.98864112507353, 30.715592296060965], [103.98864117215292, 30.715587784955364], [103.98863595094022, 30.715587744278874], [103.98863599801984, 30.715583233173263], [103.98863077680741, 30.715583192496563], [103.98863082388726, 30.715578681390973], [103.98862560267509, 30.71557864071407], [103.98862564975518, 30.71557412960849], [103.98862042854326, 30.715574088931376], [103.98862047562358, 30.715569577825796], [103.9886152544119, 30.71556953714849], [103.98861530149244, 30.715565026042896], [103.98861008028103, 30.715564985365397], [103.98861012736182, 30.715560474259817], [103.98860490615064, 30.715560433582098], [103.98860495323167, 30.715555922476533], [103.98859973202076, 30.71555588179861], [103.988599779102, 30.715551370693046], [103.98859455789135, 30.71555133001492], [103.98859460497283, 30.715546818909353], [103.98857894134164, 30.715546696873755], [103.98857898842384, 30.715542185768214], [103.98856854600359, 30.715542104410115], [103.9885684989209, 30.71554661551565], [103.98856327771054, 30.71554657483627], [103.98856318354464, 30.71555559704733], [103.98855796233381, 30.715555556367736], [103.98855786816739, 30.715564578578743], [103.9885526469561, 30.715564537898913], [103.98855208195373, 30.71561867116464], [103.98855730316794, 30.71561871184455], [103.98855706775106, 30.71564126737183], [103.9885622889665, 30.715641308051556], [103.98856214771698, 30.71565484136792], [103.98856736893316, 30.715654882047456], [103.9885673218502, 30.715659393152915], [103.98857254306664, 30.715659433832258], [103.98857240181844, 30.71567296714861], [103.98857762303562, 30.71567300782777], [103.98857743470552, 30.715691052249568], [103.98858265592368, 30.715691092928537], [103.98858246759437, 30.71570913735031], [103.98857724637523, 30.715709096671308], [103.98857710512742, 30.71572262998758], [103.98857188390757, 30.715722589308353], [103.98857178974181, 30.715731611519168], [103.98856656852148, 30.715731570839708], [103.9885664743552, 30.71574059305049], [103.98856125313439, 30.715740552370814], [103.98856115896758, 30.715749574581587], [103.98855593774631, 30.715749533901676], [103.98855584357896, 30.71575855611241], [103.98855062235721, 30.71575851543228], [103.98855057527328, 30.715763026537637], [103.9885453540513, 30.71576298585729], [103.98854525988293, 30.715772008067976], [103.98854003866046, 30.715771967387404], [103.98853994449156, 30.715780989598066], [103.98853472326863, 30.715780948917264], [103.98853467618393, 30.715785460022584], [103.98852945496076, 30.71578541934157], [103.98852936079082, 30.71579444155219], [103.98852413956718, 30.715794400870948], [103.98852409248194, 30.715798911976236], [103.98851887125807, 30.71579887129478], [103.98851882417259, 30.715803382400072], [103.98851360294849, 30.715803341718388], [103.98851355586275, 30.715807852823666], [103.98850833463841, 30.715807812141772], [103.98850828755242, 30.71581232324704], [103.98850306632784, 30.71581228256494], [103.98850301924159, 30.715816793670182], [103.9884977980168, 30.71581675298786], [103.9884977509303, 30.715821264093098], [103.98849252970525, 30.715821223410558], [103.98849248261851, 30.715825734515793], [103.98848726139325, 30.715825693833025], [103.98848721430623, 30.715830204938257], [103.98848199308074, 30.715830164255273], [103.98848194599348, 30.71583467536049], [103.98847672476775, 30.715834634677297], [103.98847667768024, 30.7158391457825], [103.98847145645426, 30.715839105099082], [103.9884714093665, 30.715843616204268], [103.98846618814031, 30.715843575520648], [103.9884661410523, 30.715848086625833], [103.98845569859944, 30.715848005257925], [103.98845565151092, 30.715852516363093], [103.98844520905763, 30.715852434994332], [103.98844516196861, 30.71585694609947], [103.98839817092713, 30.715856579929618]]]}, "properties": {"id": "seg_017", "source": "seg", "area_m2": 3953.8, "layout": "垂直式", "coef_m2": 28, "capacity": 141, "cap_min": 118, "cap_max": 177, "cx": 403136.5, "cy": 3398513.9}}, {"type": "Feature", "geometry": {"type": "Polygon", "coordinates": [[[103.98727749314308, 30.71566738334035], [103.9872775402861, 30.71566287223671], [103.98726709785704, 30.71566279077366], [103.987270727874, 30.715315435784422], [103.98728639146148, 30.715315557977014], [103.98728643860342, 30.71531104687312], [103.98730210219026, 30.715311169063803], [103.98730214933146, 30.71530665795987], [103.98731781291767, 30.715306780148644], [103.98731786005811, 30.7153022690447], [103.98732830244849, 30.715302350502814], [103.98732834958844, 30.71529783939885], [103.9873335707834, 30.71529788012759], [103.98733361792311, 30.715293369023602], [103.98734406031258, 30.715293450480438], [103.98734410745179, 30.715288939376443], [103.98734932864629, 30.715288980104532], [103.98734937578526, 30.715284469000522], [103.98735981817381, 30.71528455045606], [103.98735986531226, 30.71528003935204], [103.98736508650633, 30.715280080079477], [103.98736513364453, 30.715275568975443], [103.98737557603218, 30.715275650429703], [103.98737562316988, 30.715271139325647], [103.98738606555709, 30.715271220779037], [103.9873861126943, 30.715266709674978], [103.98739133388769, 30.71526675040136], [103.98739138102464, 30.715262239297267], [103.98740182341093, 30.715262320749382], [103.98740187054739, 30.715257809645284], [103.98741231293324, 30.715257891096535], [103.98741236006921, 30.71525337999241], [103.98741758126191, 30.715253420717723], [103.98741762839764, 30.71524890961359], [103.9874228495901, 30.715248950338676], [103.98742289672555, 30.71524443923454], [103.98743333911004, 30.715244520684067], [103.98743338624499, 30.71524000957992], [103.98743860743701, 30.71524005030436], [103.98743865457172, 30.71523553920019], [103.9874490969553, 30.715235620648446], [103.98744914408951, 30.715231109544252], [103.98745958647264, 30.71523119099164], [103.98745963360635, 30.715226679887436], [103.9874648547977, 30.715226720610815], [103.98746490193116, 30.715222209506603], [103.98747012312226, 30.715222250229754], [103.98747017025546, 30.71521773912554], [103.98748061263723, 30.715217820571205], [103.98748065976994, 30.715213309466964], [103.98748588096059, 30.715213350189476], [103.98748592809304, 30.71520883908522], [103.9874963704739, 30.7152089205296], [103.98749641760585, 30.715204409425326], [103.98750685998627, 30.71520449086886], [103.98750690711772, 30.715199979764567], [103.9875121283077, 30.71520002048601], [103.98751217543892, 30.715195509381708], [103.98751739662866, 30.715195550102937], [103.98751744375961, 30.715191038998622], [103.98752266494914, 30.71519107971963], [103.98752271207984, 30.71518656861532], [103.98752793326912, 30.715186609336094], [103.98752798039956, 30.715182098231775], [103.98753842277766, 30.715182179672706], [103.98753846990762, 30.715177668568362], [103.98758023941853, 30.71517799432364], [103.98758019229051, 30.715182505428043], [103.98758541347968, 30.715182546146508], [103.9875853663519, 30.715187057250926], [103.9875905875413, 30.715187097969196], [103.98759054041376, 30.71519160907361], [103.98759576160343, 30.715191649791674], [103.9875957144761, 30.715196160896102], [103.98760093566602, 30.715196201613963], [103.98760088853894, 30.715200712718374], [103.9876061097291, 30.715200753436044], [103.98760606260227, 30.71520526454046], [103.98761128379269, 30.71520530525793], [103.98761123666607, 30.715209816362357], [103.98761645785675, 30.715209857079614], [103.98761641073037, 30.715214368184053], [103.98762163192129, 30.715214408901108], [103.98762158479515, 30.715218920005544], [103.98762680598632, 30.7152189607224], [103.98762675886042, 30.715223471826835], [103.98763720124329, 30.715223553259925], [103.98763715411783, 30.71522806436438], [103.98764237530955, 30.71522810508062], [103.98764228105911, 30.715237127289527], [103.9876475022513, 30.71523716800557], [103.98764745512631, 30.71524167911003], [103.98765267631877, 30.71524171982587], [103.987652629194, 30.715246230930326], [103.98765785038671, 30.715246271645963], [103.98765638952149, 30.715386115882946], [103.98765116832126, 30.71538607516709], [103.98765121544633, 30.715381564062724], [103.98764599424636, 30.715381523346657], [103.98764604137168, 30.715377012242303], [103.98764082017195, 30.715376971526034], [103.98764091442305, 30.715367949317322], [103.98763569322381, 30.71536790860086], [103.98763574034959, 30.715363397496503], [103.9876305191506, 30.715363356779843], [103.98763056627662, 30.715358845675492], [103.98762534507789, 30.715358804958623], [103.98762539220412, 30.715354293854276], [103.98762017100564, 30.715354253137214], [103.98762021813212, 30.715349742032863], [103.98760455453751, 30.715349619880417], [103.98760450741031, 30.715354130984743], [103.98759928621187, 30.715354090266832], [103.98759886206443, 30.715394690205507], [103.98760408326504, 30.715394730923478], [103.98760380050105, 30.715421797549165], [103.98760902170314, 30.715421838266973], [103.98760873894021, 30.71544890489258], [103.98760351773666, 30.715448864174736], [103.98760332922687, 30.71546690859171], [103.98759810802237, 30.71546686787362], [103.98759801376693, 30.715475890082075], [103.98759279256194, 30.715475849363763], [103.98759269830597, 30.715484871572187], [103.98758747710052, 30.71548483085365], [103.98758742997228, 30.71548934195785], [103.98758220876658, 30.715489301239096], [103.98758211450958, 30.715498323447477], [103.98757689330341, 30.715498282728497], [103.98757684617465, 30.715502793832677], [103.98757162496825, 30.715502753113476], [103.98757157783923, 30.71550726421764], [103.98756635663261, 30.715507223498225], [103.98756626237406, 30.715516245706535], [103.98756104116696, 30.715516204986898], [103.98756099403742, 30.715520716091035], [103.98755577283009, 30.715520675371188], [103.9875557257003, 30.71552518647533], [103.98755050449275, 30.715525145755247], [103.9875504573627, 30.71552965685937], [103.9875452361549, 30.715529616139072], [103.9875451418943, 30.715538638347294], [103.98753992068602, 30.71553859762678], [103.98753982642488, 30.71554761983498], [103.98753460521614, 30.715547579114236], [103.98753451095448, 30.715556601322405], [103.98752928974525, 30.71555656060144], [103.98752924261417, 30.715561071705512], [103.98752402140471, 30.715561030984343], [103.98752392714202, 30.715570053192447], [103.98751870593208, 30.715570012471037], [103.98751865880047, 30.715574523575096], [103.98751343759031, 30.715574482853455], [103.98751339045845, 30.715578993957504], [103.98750816924806, 30.715578953235667], [103.98750812211594, 30.715583464339694], [103.98750290090531, 30.715583423617634], [103.98750285377295, 30.71558793472164], [103.98749763256208, 30.71558789399937], [103.98749758542947, 30.71559240510337], [103.98749236421837, 30.715592364380882], [103.9874923170855, 30.715596875484884], [103.98748709587417, 30.715596834762174], [103.98748704874104, 30.71560134586616], [103.98748182752949, 30.71560130514323], [103.98748178039611, 30.715605816247194], [103.98747655918432, 30.715605775524054], [103.98747651205068, 30.71561028662801], [103.98747129083866, 30.715610245904653], [103.98747124370477, 30.71561475700862], [103.98746602249251, 30.71561471628503], [103.98746597535838, 30.71561922738897], [103.98745553293341, 30.715619145941172], [103.98745548579878, 30.715623657045093], [103.98745026458606, 30.715623616320862], [103.98745021745117, 30.71562812742479], [103.98744499623822, 30.715628086700356], [103.98744494910308, 30.715632597804248], [103.9874397278899, 30.7156325570796], [103.9874396807545, 30.715637068183483], [103.9874344595411, 30.71563702745861], [103.98743441240545, 30.715641538562497], [103.98742919119181, 30.715641497837396], [103.98742914405591, 30.715646008941285], [103.98741870162817, 30.71564592749046], [103.98741865449178, 30.71565043859431], [103.98741343327768, 30.715650397868572], [103.98741338614103, 30.715654908972414], [103.9874081649267, 30.715654868246464], [103.9874081177898, 30.715659379350285], [103.98740289657523, 30.715659338624125], [103.98740284943807, 30.715663849727946], [103.98739240700851, 30.715663768274965], [103.98739235987084, 30.71566827937877], [103.98727749314308, 30.71566738334035]]]}, "properties": {"id": "seg_018", "source": "seg", "area_m2": 1395.5, "layout": "垂直式", "coef_m2": 28, "capacity": 50, "cap_min": 42, "cap_max": 62, "cx": 403046.5, "cy": 3398503.2}}, {"type": "Feature", "geometry": {"type": "Polygon", "coordinates": [[[103.986483160919, 30.71572885629119], [103.98648320809909, 30.71572434518869], [103.98647276566598, 30.71572426366159], [103.98647281284654, 30.715719752559114], [103.98646237041397, 30.715719671031184], [103.98646241759502, 30.715715159928724], [103.98645719637899, 30.71571511916445], [103.98645724356027, 30.715710608061986], [103.9864520223445, 30.715710567297517], [103.986452069526, 30.715706056195042], [103.98644684831046, 30.71570601543038], [103.98644694267394, 30.715696993225457], [103.98644172145892, 30.715696952460593], [103.98644176864087, 30.715692441358144], [103.98643654742611, 30.715692400593063], [103.9864365946083, 30.71568788949061], [103.98643137339378, 30.715687848725327], [103.98643142057621, 30.715683337622885], [103.98642619936194, 30.71568329685741], [103.98642624654461, 30.715678785754967], [103.98642102533059, 30.71567874498928], [103.98642107251348, 30.715674233886837], [103.98641585129972, 30.71567419312096], [103.98641594566597, 30.715665170916083], [103.9864107244527, 30.715665130150004], [103.98641077163605, 30.715660619047572], [103.98640555042304, 30.715660578281287], [103.9864056447902, 30.71565155607642], [103.98640042357768, 30.715651515309947], [103.98640047076148, 30.71564700420751], [103.9863952495492, 30.715646963440825], [103.98639529673325, 30.715642452338408], [103.98639007552124, 30.71564241157153], [103.98639012270552, 30.71563790046911], [103.98638490149375, 30.71563785970202], [103.98638499586275, 30.715628837497178], [103.98637977465148, 30.715628796729902], [103.98637982183621, 30.715624285627484], [103.9863746006252, 30.715624244860006], [103.98637469499509, 30.71561522265517], [103.98636947378459, 30.715615181887493], [103.98636952096977, 30.715610670785082], [103.98636429975952, 30.715610630017196], [103.9863643941303, 30.71560160781237], [103.98635917292056, 30.715601567044303], [103.9863592201062, 30.715597055941892], [103.98635399889669, 30.71559701517361], [103.9863540932684, 30.715587992968807], [103.98634887205938, 30.71558795220033], [103.98634891924547, 30.71558344109793], [103.98634369803672, 30.715583400329244], [103.98634374522304, 30.71557888922685], [103.98633852401453, 30.715578848457973], [103.9863386183876, 30.715569826253194], [103.98633339717962, 30.715569785484107], [103.98633344436638, 30.715565274381714], [103.98632822315864, 30.71556523361244], [103.98632831753261, 30.715556211407655], [103.98632309632538, 30.71555617063818], [103.98632314351259, 30.715551659535798], [103.98631792230559, 30.715551618766124], [103.98631801668049, 30.715542596561345], [103.98631279547399, 30.71554255579147], [103.98631284266166, 30.71553804468909], [103.98630762145542, 30.715538003919022], [103.98630766864332, 30.71553349281663], [103.98630244743732, 30.71553345204636], [103.98630249462546, 30.71552894094398], [103.98629727341972, 30.715528900173503], [103.9862973206081, 30.71552438907113], [103.98629209940262, 30.715524348300445], [103.98629214659123, 30.71551983719808], [103.98628692538598, 30.71551979642719], [103.98628697257482, 30.715515285324837], [103.98628175136984, 30.715515244553757], [103.9862817985589, 30.715510733451385], [103.98627657735419, 30.715510692680095], [103.98627662454349, 30.71550618157774], [103.98626618213456, 30.715506100034553], [103.98626622932433, 30.71550158893221], [103.98625578691593, 30.715501507388197], [103.98625583410617, 30.715496996285847], [103.9862453916983, 30.71549691474101], [103.98624543888903, 30.715492403638688], [103.98622455407438, 30.71549224054651], [103.98622460126606, 30.715487729444213], [103.98620371645255, 30.71548756634871], [103.98620376364521, 30.715483055246445], [103.9861881000359, 30.715482932922637], [103.98618814722927, 30.715478421820375], [103.98617770482362, 30.715478340270135], [103.98617775201747, 30.715473829167898], [103.9861725308149, 30.71547378839247], [103.98617257800898, 30.715469277290236], [103.98616735680665, 30.715469236514604], [103.98616749838953, 30.715455703207894], [103.98617271959112, 30.715455743983515], [103.98617286117319, 30.715442210676745], [103.98617808237405, 30.71544225145213], [103.98617812956782, 30.715437740349866], [103.98618335076846, 30.715437781125022], [103.98618339796195, 30.715433270022743], [103.98618861916236, 30.71543331079769], [103.9861887607421, 30.715419777490823], [103.98618353954241, 30.715419736715894], [103.98618363392931, 30.71541071451132], [103.98617841273014, 30.7154106737362], [103.98617845992382, 30.71540616263391], [103.98616801752598, 30.715406081083056], [103.98616806472015, 30.71540156998078], [103.9861524011242, 30.715401447652958], [103.98615244831907, 30.715396936550697], [103.98613678472395, 30.715396814221005], [103.98613683191954, 30.715392303118765], [103.98612638952332, 30.715392221564592], [103.9861264367194, 30.715387710462362], [103.98612121552155, 30.71538766968498], [103.98612126271784, 30.71538315858276], [103.98611604152026, 30.715383117805168], [103.9861160887168, 30.715378606702952], [103.98611086751946, 30.71537856592515], [103.98611091471622, 30.715374054822934], [103.98610569351914, 30.71537401404493], [103.98610578791312, 30.71536499184052], [103.98610056671653, 30.715364951062316], [103.98610066111097, 30.715355928857885], [103.98609543991488, 30.715355888079504], [103.98609548711232, 30.715351376977296], [103.98609026591647, 30.715351336198705], [103.98609031311415, 30.715346825096493], [103.98608509191857, 30.715346784317703], [103.98608513911648, 30.7153422732155], [103.98607469672582, 30.7153421916573], [103.9860747439242, 30.715337680555105], [103.98606952272914, 30.715337639775694], [103.98606956992775, 30.715333128673503], [103.98606434873294, 30.715333087893896], [103.98606439593179, 30.71532857679172], [103.98605395354267, 30.715328495231876], [103.986054000742, 30.715323984129707], [103.9860487795477, 30.715323943349485], [103.98604882674725, 30.715319432247306], [103.9860436055532, 30.715319391466874], [103.986043652753, 30.715314880364716], [103.98603321036543, 30.71531479880325], [103.9860332575657, 30.71531028770109], [103.98602803637216, 30.71531024692005], [103.98602808357266, 30.715305735817903], [103.98602286237939, 30.715305695036662], [103.98602290958011, 30.715301183934503], [103.98601768838711, 30.715301143153056], [103.98601773558806, 30.71529663205091], [103.9860125143953, 30.71529659126926], [103.98601256159648, 30.715292080167142], [103.98600734040397, 30.71529203938528], [103.98600743480681, 30.71528301718101], [103.9860022136148, 30.71528297639896], [103.98600226081643, 30.715278465296826], [103.98599703962468, 30.715278424514576], [103.98599708682656, 30.715273913412453], [103.98599186563504, 30.715273872629993], [103.98599191283716, 30.715269361527866], [103.9859866916459, 30.7152693207452], [103.98598678605057, 30.715260298540965], [103.98598156485983, 30.71526025775812], [103.98598161206239, 30.715255746656005], [103.98597639087188, 30.715255705872945], [103.98597643807467, 30.715251194770826], [103.98597121688444, 30.715251153987563], [103.98597126408745, 30.715246642885457], [103.98596082170747, 30.71524656131832], [103.98596086891098, 30.71524205021622], [103.98595564772125, 30.715242009432348], [103.98595569492498, 30.715237498330254], [103.9859504737355, 30.715237457546174], [103.98595052093947, 30.715232946444093], [103.98594007856103, 30.715232864875315], [103.98594012576548, 30.715228353773234], [103.98592968338757, 30.715228272203646], [103.98592973059249, 30.715223761101576], [103.98592450940379, 30.715223720316473], [103.98592455660894, 30.715219209214418], [103.98590889304364, 30.71521908685786], [103.98591073406465, 30.715043153875747], [103.9859159552436, 30.715043194661188], [103.98591614406438, 30.71502515025247], [103.98592136524235, 30.71502519103767], [103.98592145965219, 30.715016168833273], [103.9859266808297, 30.71501620961826], [103.98592696405751, 30.714989143004946], [103.98593218523358, 30.71498918378967], [103.98593232684661, 30.714975650482955], [103.98593754802195, 30.714975691267448], [103.98593768963416, 30.714962157960677], [103.98594291080879, 30.714962198744935], [103.98594300521638, 30.714953176540394], [103.98594822639053, 30.714953217324428], [103.98594827359408, 30.714948706222145], [103.98617800525659, 30.71495050051172], [103.98617795806375, 30.714955011614315], [103.98618317923837, 30.714955052388905], [103.98618308485312, 30.714964074594135], [103.98618830602825, 30.714964115368524], [103.98618821164344, 30.71497313757374], [103.98619343281906, 30.71497317834795], [103.98619338562689, 30.714977689450553], [103.98619860680277, 30.71497773022455], [103.98619855961084, 30.71498224132717], [103.98620378078695, 30.714982282100962], [103.98620373359525, 30.714986793203575], [103.98620895477164, 30.714986833977175], [103.98620890758016, 30.714991345079795], [103.98621412875679, 30.714991385853182], [103.98621408156555, 30.714995896955816], [103.98621930274244, 30.714995937729004], [103.98621920836041, 30.71500495993426], [103.98622442953778, 30.71500500070725], [103.986224382347, 30.715009511809882], [103.98622960352465, 30.715009552582675], [103.98622955633408, 30.71501406368531], [103.98623477751197, 30.715014104457897], [103.98623473032166, 30.71501861556054], [103.98624517267795, 30.715018697105094], [103.98624512548811, 30.715023208207754], [103.98625034666652, 30.715023248979723], [103.9862502994769, 30.71502776008238], [103.98626074183424, 30.715027841625705], [103.98626069464511, 30.71503235272837], [103.98626591582402, 30.715032393499737], [103.98626586863512, 30.715036904602403], [103.98627108981431, 30.71503694537356], [103.98627099543693, 30.715045967578902], [103.98627621661662, 30.715046008349862], [103.98627616942815, 30.71505051945254], [103.98628661178803, 30.715050600993845], [103.98628656460005, 30.71505511209653], [103.98629178578025, 30.715055152866864], [103.9862917385925, 30.715059663969562], [103.98629695977296, 30.7150597047397], [103.98629691258543, 30.715064215842403], [103.98630213376615, 30.71506425661234], [103.98630203939156, 30.715073278817734], [103.98630726057276, 30.71507331958747], [103.98630721338569, 30.715077830690177], [103.98631243456715, 30.715077871459716], [103.98631238738032, 30.715082382562425], [103.98631760856203, 30.715082423331754], [103.98631756137543, 30.715086934434474], [103.9863227825574, 30.715086975203604], [103.98632273537103, 30.71509148630631], [103.98632795655324, 30.715091527075245], [103.9863279093671, 30.71509603817796], [103.98633835173206, 30.715096119715216], [103.9863383045464, 30.715100630817947], [103.98634352572914, 30.715100671586264], [103.9863434785437, 30.715105182688987], [103.98635392090969, 30.715105264225013], [103.98635387372474, 30.715109775327747], [103.986359094908, 30.71510981609545], [103.98635904772327, 30.715114327198197], [103.9863694900903, 30.71511440873299], [103.98636944290604, 30.715118919835756], [103.98638510645739, 30.715119042136386], [103.98638505927386, 30.71512355323916], [103.9864216075624, 30.715123838600004], [103.98642156038058, 30.715128349702827], [103.98642678156494, 30.715128390467825], [103.98642682874652, 30.715123879365002], [103.98644771348312, 30.715124042422886], [103.98644776066372, 30.71511953132002], [103.98646342421554, 30.71511965361121], [103.98646347139542, 30.715115142508317], [103.98647391376286, 30.715115224034705], [103.98647396094223, 30.71511071293179], [103.98647918212573, 30.715110753694674], [103.98647922930486, 30.715106242591762], [103.98651055640462, 30.715106487164558], [103.98651050922695, 30.715110998267512], [103.9865209515941, 30.715111079790102], [103.98652090441692, 30.715115590893088], [103.9865313467846, 30.715115672414857], [103.98653129960789, 30.71512018351784], [103.9865417419761, 30.71512026503879], [103.98654169479987, 30.71512477614178], [103.98660434901294, 30.71512526524994], [103.98660439618625, 30.71512075414685], [103.98661483855477, 30.715120835661928], [103.9866148857276, 30.715116324558828], [103.98664621283191, 30.715116569098956], [103.98664626000327, 30.715112057995814], [103.986656702371, 30.715112139507497], [103.98665674954185, 30.71510762840434], [103.98666719190912, 30.715107709915163], [103.98666723907948, 30.71510319881199], [103.98667246026288, 30.715103239567075], [103.986672507433, 30.71509872846388], [103.98667772861617, 30.715098769218756], [103.98667777578602, 30.715094258115556], [103.98668299696897, 30.71509429887021], [103.98668304413857, 30.715089787766995], [103.98668826532128, 30.715089828521435], [103.98668831249063, 30.715085317418215], [103.9866935336731, 30.715085358172445], [103.9866935808422, 30.715080847069206], [103.98669880202445, 30.71508088782321], [103.98669884919329, 30.71507637671997], [103.98670407037531, 30.715076417473753], [103.98670411754391, 30.715071906370504], [103.98671455990747, 30.71507198787744], [103.98671460707556, 30.71506747677417], [103.98671982825712, 30.71506751752731], [103.98671987542495, 30.71506300642402], [103.98672509660628, 30.71506304717695], [103.98672514377387, 30.71505853607366], [103.98673558613606, 30.715058617578872], [103.98673563330316, 30.71505410647556], [103.98674085448403, 30.71505414722784], [103.98674090165086, 30.71504963612452], [103.98675656519282, 30.715049758380086], [103.98675661235892, 30.715045247276738], [103.98676705471978, 30.715045328779393], [103.98676710188538, 30.715040817676034], [103.9867775442458, 30.71504089917782], [103.98677759141091, 30.715036388074445], [103.98678803377088, 30.71503646957538], [103.98678808093548, 30.71503195847198], [103.98679330211525, 30.715031999222123], [103.98679334927961, 30.71502748811871], [103.98680379163869, 30.71502756961837], [103.98680383880253, 30.71502305851494], [103.98680905998185, 30.71502309926445], [103.98680910714546, 30.71501858816101], [103.98681432832453, 30.715018628910293], [103.98681437548788, 30.715014117806845], [103.98681959666672, 30.715014158555906], [103.98681964382982, 30.715009647452447], [103.98683008618706, 30.71500972894994], [103.98683013334966, 30.715005217846468], [103.98683535452804, 30.715005258594896], [103.98683540169039, 30.71500074749141], [103.98684584404673, 30.715000828987613], [103.98684589120857, 30.7149963178841], [103.9868511123865, 30.71499635863188], [103.9868511595481, 30.714991847528374], [103.98685638072581, 30.71499188827593], [103.98685642788715, 30.714987377172402], [103.98686164906462, 30.714987417919748], [103.98686197919203, 30.714955840194914], [103.98690374859858, 30.714956166165727], [103.98689846671527, 30.715461409750702], [103.98687758190307, 30.715461246763724], [103.9868776290643, 30.7154567356605], [103.986861965456, 30.715456613418073], [103.98686201261795, 30.715452102314867], [103.98685157021295, 30.715452020818883], [103.98685161737536, 30.71544750971567], [103.98684639617312, 30.71544746896739], [103.98684644333579, 30.715442957864184], [103.9868412221338, 30.71544291711568], [103.98684126929669, 30.7154384060125], [103.98683082689324, 30.71543832451488], [103.98683087405661, 30.715433813411707], [103.98682565285515, 30.71543377266258], [103.98682570001874, 30.715429261559397], [103.98682047881752, 30.71542922081008], [103.98682052598136, 30.715424709706912], [103.9868153047804, 30.71542466895739], [103.98681535194446, 30.715420157854236], [103.98681013074375, 30.715420117104497], [103.98681017790804, 30.715415606001336], [103.98680495670759, 30.71541556525141], [103.98680500387212, 30.715411054148245], [103.98679978267191, 30.715411013398118], [103.98679982983667, 30.715406502294964], [103.98679460863673, 30.715406461544635], [103.98679465580173, 30.71540195044147], [103.98678943460203, 30.715401909690947], [103.98678948176725, 30.71539739858779], [103.9867842605678, 30.71539735783706], [103.98678430773327, 30.71539284673391], [103.98677908653409, 30.715392805982976], [103.98677913369977, 30.71538829487984], [103.98677391250084, 30.71538825412869], [103.98677395966676, 30.715383743025555], [103.98676873846809, 30.715383702274213], [103.98676883280038, 30.71537468006794], [103.9867636116022, 30.7153746393164], [103.98676365876858, 30.715370128213273], [103.98675843757064, 30.71537008746153], [103.98675848473725, 30.715365576358405], [103.98675326353957, 30.715365535606455], [103.98675331070642, 30.71536102450333], [103.986748089509, 30.715360983751182], [103.98674813667607, 30.715356472648057], [103.9867429154789, 30.715356431895714], [103.98674300981351, 30.71534740968948], [103.98673778861684, 30.715347368936936], [103.98673783578435, 30.71534285783382], [103.98673261458794, 30.71534281708107], [103.9867326617557, 30.71533830597796], [103.98672744055953, 30.715338265225004], [103.9867275348955, 30.715329243018793], [103.98672231369983, 30.715329202265647], [103.98672236086804, 30.71532469116254], [103.98671713967263, 30.715324650409183], [103.98671718684108, 30.71532013930609], [103.98670674445077, 30.71532005779878], [103.9867067916197, 30.715315546695695], [103.98670157042478, 30.715315505941728], [103.98670161759394, 30.715310994838635], [103.98669117520465, 30.715310913330093], [103.98669122237429, 30.715306402227014], [103.98667033759685, 30.71530623920743], [103.98667029042623, 30.715310750310486], [103.98666506923166, 30.715310709555055], [103.98666497488995, 30.715319731761113], [103.98665975369488, 30.715319691005472], [103.98665965935263, 30.71532871321151], [103.9866544381571, 30.71532867245564], [103.9866541079572, 30.715360250176612], [103.98665932915442, 30.715360290932534], [103.9866591404695, 30.715378335344482], [103.98666436166772, 30.71537837610024], [103.9866641729836, 30.715396420512164], [103.98666939418278, 30.715396461267733], [103.98666901681598, 30.7154325500915], [103.98667423801713, 30.715432590846913], [103.98667404933444, 30.715450635258748], [103.98667927053657, 30.71545067601398], [103.98667922336611, 30.715455187116927], [103.98667400216374, 30.715455146361688], [103.98667376631008, 30.71547770187639], [103.9866685451065, 30.715477661120904], [103.98666840359346, 30.715491194429667], [103.98666318238915, 30.71549115367395], [103.98666304087529, 30.715504686982655], [103.98665781967027, 30.715504646226716], [103.98665763098398, 30.715522690638252], [103.986652409778, 30.715522649882065], [103.98665226826245, 30.71553618319066], [103.98664704705575, 30.71553614243425], [103.98664624512833, 30.71561283118232], [103.98664102391751, 30.71561279042556], [103.98664083522729, 30.715630834836695], [103.98663561401551, 30.715630794079708], [103.98663551966986, 30.715639816285254], [103.9866302984576, 30.715639775528032], [103.98663025128451, 30.71564428663079], [103.98662503007202, 30.715644245873346], [103.98662498289869, 30.7156487569761], [103.98661976168597, 30.715648716218443], [103.98661971451237, 30.71565322732118], [103.98661449329943, 30.715653186563312], [103.98661444612557, 30.71565769766605], [103.98660922491239, 30.71565765690796], [103.98660917773829, 30.71566216801067], [103.98659873531147, 30.715662086493857], [103.98659868813688, 30.71566659759655], [103.98658824570961, 30.71566651607888], [103.9865881985345, 30.715671027181564], [103.98658297732065, 30.715670986422406], [103.9865829301453, 30.715675497525073], [103.98657770893122, 30.715675456765705], [103.98657766175562, 30.71567996786836], [103.9865724405413, 30.71567992710877], [103.98657239336544, 30.715684438211415], [103.98656717215087, 30.71568439745161], [103.98656712497477, 30.715688908554238], [103.98656190375998, 30.715688867794213], [103.98656180940725, 30.71569788999947], [103.98655658819197, 30.715697849239216], [103.98655654101536, 30.715702360341833], [103.98655131979986, 30.715702319581364], [103.98655127262298, 30.71570683068396], [103.98654605140725, 30.71570678992328], [103.9865460042301, 30.71571130102588], [103.98654078301416, 30.715711260264985], [103.98654073583675, 30.715715771367563], [103.98653551462057, 30.715715730606437], [103.98653546744292, 30.715720241709008], [103.98653024622651, 30.71572020094767], [103.9865301990486, 30.715724712050232], [103.98651975661531, 30.715724630526918], [103.98651970943692, 30.71572914162947], [103.986483160919, 30.71572885629119]]]}, "properties": {"id": "seg_019", "source": "seg", "area_m2": 4634.8, "layout": "垂直式", "coef_m2": 28, "capacity": 166, "cap_min": 138, "cap_max": 207, "cx": 402943.5, "cy": 3398493.9}}, {"type": "Feature", "geometry": {"type": "Polygon", "coordinates": [[[103.99348335510275, 30.714416342598522], [103.99348344880639, 30.71440732037221], [103.99347822764949, 30.714407279891834], [103.99347827450154, 30.714402768778683], [103.9934730533449, 30.71440272829811], [103.99347314704943, 30.714393706071807], [103.99346792589328, 30.714393665591036], [103.99346801959827, 30.71438464336473], [103.99346279844262, 30.71438460288377], [103.99346293900075, 30.714371069544303], [103.99345771784583, 30.714371029063148], [103.99345781155168, 30.71436200683684], [103.99345259039727, 30.7143619663555], [103.99345268410356, 30.714352944129185], [103.99344746294965, 30.714352903647644], [103.99344765036308, 30.714334859195013], [103.99344242921015, 30.714334818713297], [103.99344261662438, 30.71431677426065], [103.99343739547241, 30.714316733778745], [103.99343767659492, 30.71428966709972], [103.99343245544443, 30.714289626617646], [103.99343283027578, 30.71425353771216], [103.99343805142432, 30.71425357819417], [103.99343814513156, 30.714244555967745], [103.99344336627964, 30.714244596449518], [103.993443413133, 30.714240085336307], [103.99344863428082, 30.714240125817874], [103.99344872798703, 30.714231103591402], [103.99345394913439, 30.714231144072752], [103.99345399598724, 30.714226632959505], [103.99345921713436, 30.71422667344063], [103.99345926398696, 30.714222162327374], [103.99346970628076, 30.714222243288987], [103.99346975313286, 30.714217732175715], [103.99347497427952, 30.714217772656188], [103.99347502113137, 30.714213261542906], [103.99348024227781, 30.714213302023172], [103.9934802891294, 30.714208790909876], [103.9934855102756, 30.71420883138993], [103.99348560397827, 30.71419980916331], [103.993490825124, 30.714199849643133], [103.99349119993227, 30.71416376073649], [103.99348597878848, 30.714163720256717], [103.99348611934214, 30.714150186916697], [103.9934808981991, 30.714150146436747], [103.99348099190196, 30.71414112421006], [103.9934757707594, 30.714141083729913], [103.99347586446272, 30.714132061503232], [103.99347064332066, 30.71413202102288], [103.99347073702441, 30.714122998796196], [103.99346551588286, 30.71412295831566], [103.99346560958706, 30.714113936088992], [103.993460388446, 30.714113895608246], [103.99346043529832, 30.714109384494908], [103.99345521415752, 30.714109344013966], [103.99345530786262, 30.714100321787303], [103.9934500867223, 30.714100281306163], [103.99345018042787, 30.714091259079503], [103.99344495928806, 30.714091218598167], [103.99344505299405, 30.714082196371503], [103.99343983185472, 30.714082155889976], [103.99343992556116, 30.71407313366331], [103.99343470442234, 30.714073093181597], [103.99343479812921, 30.71406407095493], [103.99342957699089, 30.714064030473025], [103.99342971755186, 30.714050497133012], [103.99342449641428, 30.714050456650913], [103.99342463697589, 30.71403692331091], [103.99341941583904, 30.71403688282862], [103.99341955640128, 30.714023349488606], [103.99341433526517, 30.71402330900612], [103.99341461639084, 30.713996242326065], [103.99340939525618, 30.71399620184341], [103.9934095358196, 30.713982668503366], [103.99341475695351, 30.713982708985988], [103.99341499122445, 30.713960153419137], [103.99342021235715, 30.713960193901517], [103.99342030606498, 30.71395117167473], [103.9934255271972, 30.71395121215689], [103.99342557405086, 30.713946701043483], [103.99343079518286, 30.713946741525426], [103.99343088888963, 30.7139377192986], [103.9934413311527, 30.71393780026181], [103.99344137800558, 30.71393328914839], [103.99344659913689, 30.71393332962967], [103.99344664598954, 30.713928818516234], [103.9934518671206, 30.713928858997303], [103.99345191397298, 30.713924347883854], [103.99345713510382, 30.713924388364706], [103.99345718195595, 30.71391987725124], [103.99346240308655, 30.71391991773187], [103.99346244993842, 30.713915406618398], [103.9934676710688, 30.713915447098817], [103.99346771792042, 30.713910935985336], [103.99347293905056, 30.713910976465534], [103.99347298590193, 30.713906465352043], [103.99347820703184, 30.713906505832025], [103.99347825388296, 30.71390199471852], [103.99348869614232, 30.71390207567784], [103.99348874299294, 30.713897564564313], [103.9934939641224, 30.713897605043666], [103.99349401097275, 30.71389309393012], [103.99350967436045, 30.713893215366873], [103.99350972121009, 30.71388870425331], [103.99352538459715, 30.713888825688144], [103.99352533774825, 30.713893336801725], [103.99354100113617, 30.713893458234686], [103.99354095428798, 30.71389796934828], [103.99354617541753, 30.713898009825527], [103.99354612856959, 30.713902520939126], [103.9935513496994, 30.71390256141617], [103.9935513028517, 30.71390707252978], [103.99356174511185, 30.71390715348324], [103.99356169826461, 30.713911664596846], [103.99356691939495, 30.71391170507328], [103.99356687254793, 30.7139162161869], [103.99357731480913, 30.713916297139136], [103.9935772679626, 30.713920808252762], [103.99359293135518, 30.713920929679553], [103.99359288450937, 30.71392544079321], [103.99360854790278, 30.713925562218144], [103.9936085010577, 30.713930073331806], [103.99361372218908, 30.713930113806377], [103.99361367534424, 30.713934624920046], [103.99361889647588, 30.713934665394405], [103.99361884963126, 30.71393917650808], [103.99362407076316, 30.713939216982237], [103.99362397707436, 30.7139482392096], [103.99362919820675, 30.713948279683564], [103.99362915136258, 30.713952790797254], [103.99363437249524, 30.71395283127101], [103.99363432565131, 30.713957342384703], [103.99364476791713, 30.7139574233316], [103.99364472107366, 30.713961934445305], [103.99364994220684, 30.71396197491844], [103.9936498953636, 30.71396648603215], [103.99365511649704, 30.713966526505082], [103.99365506965404, 30.713971037618794], [103.99366029078772, 30.71397107809153], [103.99366024394494, 30.713975589205244], [103.99367068621282, 30.713975670150106], [103.99367063937054, 30.71398018126383], [103.99368630277316, 30.713980302679563], [103.99368625593159, 30.713984813793306], [103.99371236160405, 30.713985016148712], [103.99371240844442, 30.713980505034947], [103.993722850713, 30.713980585975616], [103.99372289755287, 30.71397607486183], [103.99372811868693, 30.713976115331842], [103.99372816552653, 30.713971604218028], [103.99373338666037, 30.713971644687838], [103.99373343349973, 30.713967133574027], [103.99373865463332, 30.713967174043606], [103.99373874831151, 30.71395815181596], [103.99374396944464, 30.71395819228531], [103.9937442973163, 30.713926614488376], [103.99374951844773, 30.71392665495748], [103.99374970580176, 30.713908610501974], [103.99375492693223, 30.713908650970843], [103.99375488009397, 30.71391316208472], [103.9937809857477, 30.713913364425913], [103.99378093891066, 30.713917875539828], [103.9938540347459, 30.713918442067325], [103.99385408157954, 30.71391393095331], [103.99387496610332, 30.71391409281072], [103.99387491927064, 30.713918603924768], [103.9939010249268, 30.713918806241853], [103.99390097809533, 30.713923317355924], [103.99391142035836, 30.713923398281302], [103.99391137352735, 30.7139279093954], [103.99391659465913, 30.713927949857787], [103.99391654782836, 30.71393246097188], [103.99392699009242, 30.71393254189602], [103.99392694326214, 30.713937053010127], [103.99393216439444, 30.713937093471895], [103.99393211756438, 30.713941604586], [103.99393733869691, 30.713941645047566], [103.9939372918671, 30.71394615616169], [103.9939425129999, 30.713946196623052], [103.99394246617031, 30.713950707737173], [103.99394768730336, 30.713950748198325], [103.993947640474, 30.713955259312442], [103.9939528616073, 30.7139552997734], [103.99395276794905, 30.713964322001658], [103.99395798908284, 30.713964362462416], [103.99395794225394, 30.713968873576544], [103.99396838452206, 30.713968954497442], [103.99396833769363, 30.71397346561158], [103.99397355882795, 30.713973506071728], [103.99397351199976, 30.713978017185877], [103.99397873313433, 30.713978057645818], [103.99397868630636, 30.71398256875996], [103.99398390744119, 30.713982609219702], [103.99398386061345, 30.71398712033385], [103.99399430288362, 30.713987201252714], [103.99399425605637, 30.713991712366877], [103.99401514059778, 30.71399187420211], [103.9940150937715, 30.71399638531631], [103.99402553604277, 30.713996466232672], [103.99402558286857, 30.71399195511847], [103.99404646741024, 30.713992116948667], [103.99404651423507, 30.713987605834436], [103.99405173537026, 30.713987646291447], [103.99405178219484, 30.7139831351772], [103.9940622244648, 30.713983216090597], [103.99406227128887, 30.713978704976334], [103.99406749242361, 30.713978745432705], [103.99406753924742, 30.713974234318435], [103.99407276038195, 30.713974274774582], [103.99407280720551, 30.713969763660298], [103.9940780283398, 30.713969804116243], [103.99407812198642, 30.713960781887653], [103.99408334312022, 30.713960822343363], [103.99408338994327, 30.713956311229055], [103.99408861107686, 30.713956351684548], [103.99408870472243, 30.713947329455912], [103.99409392585554, 30.713947369911196], [103.99409397267807, 30.713942858796855], [103.99409919381094, 30.7139428992519], [103.99409924063322, 30.71393838813757], [103.99410446176584, 30.713938428592407], [103.99410455540989, 30.71392940636369], [103.99410977654205, 30.71392944681831], [103.99410982336381, 30.713924935703943], [103.99411504449574, 30.713924976158335], [103.99411509131724, 30.713920465043966], [103.99412031244894, 30.713920505498145], [103.99412040609144, 30.713911483269367], [103.99412562722266, 30.713911523723333], [103.99412567404364, 30.71390701260892], [103.99413089517464, 30.71390705306266], [103.99413094199537, 30.713902541948254], [103.99413616312611, 30.71390258240177], [103.9941362099466, 30.713898071287353], [103.99414143107714, 30.71389811174065], [103.99414152471758, 30.713889089511788], [103.99414674584763, 30.713889129964862], [103.99414679266759, 30.71388461885042], [103.99415723492724, 30.71388469975594], [103.99415573669866, 30.71402905541707], [103.99415051556106, 30.714029014964186], [103.99415046874101, 30.714033526078545], [103.99414524760317, 30.71403348562544], [103.99414520078285, 30.714037996739783], [103.9941399796448, 30.71403795628646], [103.99413993282424, 30.714042467400787], [103.99413471168593, 30.714042426947255], [103.99413466486511, 30.714046938061575], [103.99412944372659, 30.71404689760782], [103.9941293969055, 30.714051408722135], [103.99412417576674, 30.714051368268162], [103.99412412894542, 30.714055879382464], [103.99411890780642, 30.714055838928267], [103.99411886098484, 30.71406035004257], [103.99411363984562, 30.714060309588167], [103.99411359302378, 30.71406482070244], [103.99410837188432, 30.714064780247814], [103.99410832506223, 30.714069291362076], [103.99410310392254, 30.71406925090724], [103.9941030571002, 30.714073762021496], [103.99409783596028, 30.714073721566447], [103.99409778913767, 30.714078232680688], [103.99409256799751, 30.71407819222542], [103.99409252117468, 30.71408270333965], [103.9940873000343, 30.714082662884167], [103.99408725321118, 30.714087173998383], [103.99408203207057, 30.714087133542687], [103.9940819852472, 30.7140916446569], [103.99407676410635, 30.714091604200977], [103.99407671728274, 30.714096115315176], [103.99407149614166, 30.71409607485904], [103.9940714493178, 30.714100585973238], [103.99406622817648, 30.714100545516878], [103.99406618135235, 30.714105056631055], [103.99406096021082, 30.71410501617449], [103.99406091338645, 30.714109527288652], [103.99405569224466, 30.714109486831862], [103.99405564542003, 30.714113997946022], [103.99405042427802, 30.71411395748902], [103.99405037745315, 30.71411846860318], [103.9940451563109, 30.714118428145937], [103.99404510948577, 30.714122939260093], [103.99403988834328, 30.714122898802643], [103.9940398415179, 30.714127409916777], [103.99403462037519, 30.71412736945911], [103.99403457354956, 30.71413188057323], [103.99402935240661, 30.714131840115357], [103.99402930558072, 30.714136351229467], [103.99402408443754, 30.714136310771373], [103.9940240376114, 30.71414082188547], [103.99401881646799, 30.714140781427158], [103.9940187696416, 30.71414529254125], [103.99401354849795, 30.71414525208273], [103.99401350167129, 30.714149763196797], [103.99400828052742, 30.714149722738053], [103.99400823370053, 30.714154233852128], [103.9940030125564, 30.714154193393167], [103.99400296572925, 30.714158704507213], [103.9939977445849, 30.71415866404804], [103.99399769775751, 30.714163175162085], [103.99399247661293, 30.714163134702687], [103.99399242978527, 30.714167645816723], [103.99398720864046, 30.714167605357108], [103.99398716181254, 30.71417211647115], [103.99398194066751, 30.714172076011312], [103.99398189383933, 30.714176587125326], [103.99397667269406, 30.714176546665282], [103.99397662586564, 30.71418105777928], [103.99397140472013, 30.71418101731902], [103.99397135789145, 30.714185528433017], [103.99396613674573, 30.71418548797254], [103.9939660899168, 30.71418999908653], [103.99396086877083, 30.71418995862582], [103.99396082194164, 30.7141944697398], [103.99395560079545, 30.714194429278884], [103.993955553966, 30.71419894039284], [103.99395033281958, 30.71419889993171], [103.99395028598988, 30.714203411045666], [103.99394506484322, 30.714203370584315], [103.99394501801326, 30.71420788169826], [103.99393979686639, 30.714207841236686], [103.99393975003618, 30.714212352350618], [103.99393452888904, 30.714212311888836], [103.99393448205859, 30.714216823002754], [103.99392926091124, 30.71421678254075], [103.99392921408052, 30.71422129365467], [103.99392399293293, 30.714221253192452], [103.99392394610197, 30.714225764306352], [103.99391872495416, 30.71422572384391], [103.99391867812294, 30.71423023495781], [103.99391345697488, 30.714230194495155], [103.9939134101434, 30.71423470560903], [103.99390818899512, 30.714234665146158], [103.9939081421634, 30.714239176260026], [103.99390292101488, 30.71423913579694], [103.99390287418291, 30.714243646910795], [103.99389765303415, 30.714243606447486], [103.99389755936969, 30.71425262867518], [103.99389233822045, 30.714252588211654], [103.99389229138797, 30.714257099325497], [103.9938870702385, 30.714257058861747], [103.99388702340576, 30.714261569975577], [103.99388180225606, 30.714261529511607], [103.99388175542308, 30.714266040625425], [103.99387653427314, 30.71426600016125], [103.99387648743988, 30.714270511275043], [103.99387126628972, 30.71427047081065], [103.9938711726227, 30.714279493038234], [103.99386595147206, 30.71427945257362], [103.9938659046383, 30.714283963687393], [103.99386068348744, 30.71428392322256], [103.99386063665341, 30.714288434336318], [103.99385541550231, 30.714288393871268], [103.99385536866804, 30.71429290498504], [103.9938501475167, 30.71429286451976], [103.99385010068217, 30.714297375633507], [103.99384487953061, 30.71429733516801], [103.99384483269583, 30.71430184628175], [103.99383961154402, 30.71430180581605], [103.99383956470899, 30.714306316929775], [103.99383434355697, 30.71430627646385], [103.99383429672167, 30.714310787577567], [103.99382385441716, 30.714310706645072], [103.99382380758136, 30.714315217758763], [103.99381336527642, 30.71431513682542], [103.99381331844013, 30.714319647939103], [103.99380809728743, 30.714319607472106], [103.9938080504509, 30.714324118585782], [103.99378716583921, 30.714323956715663], [103.99378711900168, 30.714328467829308], [103.99378189784855, 30.71432842736124], [103.99378152314607, 30.714364516270194], [103.99377630199099, 30.714364475801865], [103.99377620831478, 30.714373498029055], [103.99377098715924, 30.714373457560505], [103.99377094032089, 30.714377968674093], [103.9937657191651, 30.714377928205327], [103.99376562548785, 30.714386950432466], [103.9937604043316, 30.71438690996347], [103.99376035749272, 30.714391421077025], [103.99375513633623, 30.714391380607815], [103.99375508949709, 30.714395891721363], [103.99374986834037, 30.71439585125194], [103.99374982150098, 30.714400362365478], [103.99374460034403, 30.714400321895827], [103.99374455350438, 30.714404833009358], [103.9937393323472, 30.71440479253949], [103.9937392855073, 30.714409303653014], [103.9937340643499, 30.714409263182944], [103.99373401750974, 30.714413774296442], [103.99372879635209, 30.71441373382615], [103.99372874951169, 30.714418244939647], [103.99348335510275, 30.714416342598522]]]}, "properties": {"id": "seg_020", "source": "seg", "area_m2": 2666.2, "layout": "垂直式", "coef_m2": 28, "capacity": 95, "cap_min": 79, "cap_max": 119, "cx": 403649.0, "cy": 3398355.4}}, {"type": "Feature", "geometry": {"type": "Polygon", "coordinates": [[[104.00449384016198, 30.7125613030516], [104.00449388649793, 30.712556791921948], [104.00447822327352, 30.712556671815044], [104.00447826961019, 30.712552160685412], [104.00446782746113, 30.712552080613104], [104.00446787379826, 30.71254756948348], [104.00445743164973, 30.71254748941035], [104.00445747798734, 30.712542978280734], [104.00444703583932, 30.712542898206777], [104.0044470821774, 30.71253838707717], [104.0044314189562, 30.71253826696469], [104.00443146529501, 30.7125337558351], [104.00438447563415, 30.71253339548637], [104.00438442929317, 30.71253790661589], [104.00436876607235, 30.71253778649584], [104.00436871973062, 30.712542297625333], [104.00435827758297, 30.71254221754424], [104.00435823124074, 30.71254672867372], [104.00434778909265, 30.71254664859178], [104.00434774274993, 30.71255115972123], [104.00432685845288, 30.712550999554782], [104.0043268121092, 30.712555510684204], [104.00426415921618, 30.71255503016464], [104.00426420556279, 30.712550519035304], [104.00424332126643, 30.71255035885543], [104.00424336761401, 30.712545847726112], [104.00422770439258, 30.71254572758903], [104.00422775074087, 30.712541216459723], [104.00421208752026, 30.712541096320766], [104.00421213386927, 30.712536585191483], [104.00420169172273, 30.712536505097816], [104.00420173807223, 30.712531993968547], [104.00419129592622, 30.71253191387404], [104.00419134227619, 30.712527402744787], [104.00418090013069, 30.71252732264947], [104.00418094648114, 30.71252281152022], [104.00417050433619, 30.712522731424066], [104.00417055068709, 30.71251822029483], [104.00416010854266, 30.712518140197858], [104.00416015489407, 30.712513629068635], [104.00415493382211, 30.712513589019846], [104.00415498017374, 30.712509077890616], [104.00414453803035, 30.712508997792415], [104.00414458438244, 30.712504486663207], [104.00413936331101, 30.712504446613796], [104.00413940966334, 30.71249993548459], [104.00412896752097, 30.71249985538515], [104.0041290138738, 30.71249534425597], [104.00412379280287, 30.712495304205937], [104.00412383915591, 30.71249079307674], [104.00411339701458, 30.712490712976077], [104.0041134433681, 30.7124862018469], [104.0041082222977, 30.712486161796267], [104.00410826865145, 30.712481650667087], [104.00409782651116, 30.71248157056519], [104.00409787286539, 30.712477059436033], [104.00408743072562, 30.712476979333307], [104.0040874770803, 30.712472468204144], [104.00407181387149, 30.712472348048507], [104.0040718602269, 30.712467836919373], [104.00403531274168, 30.712467556548923], [104.00403526638456, 30.712472067678007], [104.00401960317605, 30.712471947516065], [104.00401955681819, 30.71247645864514], [104.00400389360904, 30.712476338481288], [104.00400384725044, 30.712480849610316], [104.0039620786912, 30.712480529164107], [104.00396212505176, 30.71247601803513], [104.00395168291253, 30.712475937921482], [104.00395172927355, 30.71247142679252], [104.0039465082042, 30.71247138673539], [104.00394655456545, 30.712466875606427], [104.00394133349634, 30.712466835549098], [104.00394137985782, 30.71246232442014], [104.00393615878897, 30.712462284362605], [104.0039362515124, 30.7124532621047], [104.00393103044405, 30.712453222046967], [104.00393116952982, 30.712439688660105], [104.00393639059743, 30.71243972871781], [104.00393648332074, 30.71243070645986], [104.00394170438788, 30.71243074651735], [104.00394193619476, 30.712408190872406], [104.00393671512883, 30.712408150814948], [104.00393676149041, 30.71240363968596], [104.00393154042474, 30.712403599628317], [104.00393158678655, 30.712399088499314], [104.00392114465572, 30.7123990083834], [104.00392119101802, 30.712394497254426], [104.00391074888772, 30.71239441713769], [104.00391079525048, 30.71238990600872], [104.00389513205583, 30.71238978583206], [104.00389517841933, 30.712385274703117], [104.0038847362901, 30.712385194584296], [104.00388478265405, 30.71238068345535], [104.00383257201098, 30.71238028284879], [104.00383252564458, 30.71238479397765], [104.00379597819334, 30.71238451354051], [104.00379602456142, 30.712380002411695], [104.00376991924064, 30.712379802093192], [104.00376996560993, 30.712375290964413], [104.00375952348219, 30.712375210835546], [104.00375956985197, 30.712370699706774], [104.00374912772473, 30.712370619577097], [104.00374917409498, 30.71236610844833], [104.00373873196828, 30.712366028317824], [104.00373877833901, 30.712361517189077], [104.00373355727591, 30.71236147712352], [104.00373360364686, 30.712356965994775], [104.00372316152121, 30.712356885863034], [104.00372320789263, 30.712352374734298], [104.00371798683007, 30.712352334668115], [104.00371803320172, 30.712347823539385], [104.0037128121394, 30.712347783473003], [104.0037128585113, 30.71234327234428], [104.00370763744924, 30.712343232277696], [104.00370768382136, 30.71233872114898], [104.00369724169774, 30.712338641015194], [104.00369728807036, 30.71233412988649], [104.00369206700879, 30.712334089819286], [104.00369211338163, 30.712329578690564], [104.00368689232033, 30.712329538623173], [104.0036869386934, 30.71232502749446], [104.00367649657133, 30.712324947359058], [104.00367654294487, 30.712320436230364], [104.00361911127688, 30.71231999547064], [104.00361906490066, 30.71232450659926], [104.00360862277886, 30.71232442645838], [104.00360857640214, 30.712328937586975], [104.00359291321878, 30.71232881737407], [104.00359286684133, 30.71233332850264], [104.00357720365734, 30.712333208287827], [104.00357715727915, 30.712337719416375], [104.0035719362176, 30.712337679344344], [104.00357188983915, 30.71234219047288], [104.0035614477156, 30.712342110328166], [104.00356140133665, 30.712346621456682], [104.00351441177897, 30.712346260795037], [104.0035144581601, 30.712341749666578], [104.00350923709843, 30.71234170959202], [104.00350928347979, 30.71233719846358], [104.00350406241837, 30.712337158388813], [104.00350415518155, 30.712328136131912], [104.00349893412063, 30.712328096056954], [104.00349902688424, 30.71231907380006], [104.00349380582382, 30.71231903372491], [104.00349389858788, 30.712310011468016], [104.00348867752795, 30.712309971392663], [104.00348872391021, 30.712305460264222], [104.00348350285053, 30.712305420188674], [104.00348494070285, 30.7121655752055], [104.00352148806807, 30.712165855728397], [104.0035214416876, 30.712170366856988], [104.00353188379252, 30.71217044700451], [104.00353183741252, 30.712174958133115], [104.00354227951797, 30.712175038279813], [104.00354223313846, 30.712179549408418], [104.00355789629745, 30.71217966962691], [104.00355784991865, 30.712184180755543], [104.00356829202518, 30.71218426090017], [104.00356824564685, 30.712188772028803], [104.00357868775392, 30.712188852172616], [104.00357864137605, 30.712193363301267], [104.00363607296832, 30.712193804077256], [104.0036361193435, 30.712189292948526], [104.00369877198813, 30.712189773766013], [104.00369872561585, 30.712194284894835], [104.00371960983205, 30.712194445160634], [104.00371965620334, 30.712189934031784], [104.00373531936485, 30.712190054228916], [104.00373536573541, 30.712185543100055], [104.0037510288963, 30.71218566329527], [104.00375107526611, 30.712181152166377], [104.00375629631952, 30.71218119223102], [104.00375634268909, 30.71217668110213], [104.00376156374227, 30.712176721166554], [104.00376161011157, 30.712172210037632], [104.00376683116453, 30.712172250101855], [104.00376687753358, 30.71216773897293], [104.00377209858628, 30.712167779036925], [104.0037721449551, 30.712163267907982], [104.00378258706006, 30.71216334803534], [104.00378263342836, 30.712158836906383], [104.00378785448062, 30.71215887696973], [104.00378790084868, 30.71215436584076], [104.00379834295272, 30.712154445966828], [104.00379838932028, 30.712149934837853], [104.00380361037207, 30.71214997490056], [104.00380365673938, 30.71214546377157], [104.00381409884253, 30.712145543896344], [104.00381414520935, 30.71214103276733], [104.00381936626069, 30.712141072829393], [104.00381941262725, 30.712136561700373], [104.00382463367836, 30.71213660176223], [104.00382468004466, 30.712132090633194], [104.00383512214644, 30.712132170756245], [104.00383516851223, 30.712127659627207], [104.00385083166424, 30.712127779810178], [104.00385087802931, 30.71212326868111], [104.0039083095848, 30.71212370933578], [104.0039082632224, 30.712128220464926], [104.00391870532403, 30.71212830058125], [104.0039186589621, 30.712132811710397], [104.00394998526868, 30.712133052054355], [104.0039499389082, 30.712137563183553], [104.00396038101097, 30.71213764329654], [104.00396033465097, 30.712142154425745], [104.00397077675426, 30.712142234537914], [104.00397073039473, 30.712146745667138], [104.00398117249854, 30.712146825778472], [104.0039811261395, 30.712151336907695], [104.00399156824383, 30.712151417018223], [104.00399152188527, 30.712155928147453], [104.0039967429377, 30.712155968202396], [104.00399669657935, 30.712160479331647], [104.00401235973744, 30.712160599495256], [104.00401231337982, 30.71216511062452], [104.00402275548575, 30.71216519073257], [104.0040227091286, 30.712169701861832], [104.00402793018182, 30.71216974191554], [104.0040278838249, 30.71217425304483], [104.00403310487839, 30.71217429309833], [104.0040330585217, 30.712178804227623], [104.00403827957543, 30.71217884428092], [104.00403823321898, 30.712183355410207], [104.00404345427296, 30.71218339546331], [104.00404340791675, 30.712187906592604], [104.00404862897098, 30.712187946645507], [104.004048582615, 30.7121924577748], [104.00405902472399, 30.71219253787997], [104.00405897836848, 30.71219704900929], [104.00406419942323, 30.712197089061576], [104.00406415306796, 30.712201600190884], [104.00407459517797, 30.712201680294832], [104.00407454882318, 30.71220619142416], [104.00407976987844, 30.712206231475825], [104.00407972352387, 30.712210742605144], [104.00409016563493, 30.71221082270786], [104.00409011928085, 30.71221533383721], [104.00410056139242, 30.712215413939106], [104.0041005150388, 30.71221992506845], [104.00411095715093, 30.71222000516952], [104.00411091079778, 30.712224516298882], [104.00412135291042, 30.71222459639912], [104.00412130655775, 30.7122291075285], [104.00413174867091, 30.712229187627905], [104.00413170231873, 30.71223369875731], [104.00414736548929, 30.712233818904874], [104.0041473191378, 30.712238330034268], [104.00416298230918, 30.712238450179978], [104.00416293595843, 30.712242961309396], [104.00418382018805, 30.71224312150077], [104.00418377383826, 30.71224763263021], [104.00419943701132, 30.712247752771553], [104.00419939066225, 30.712252263901025], [104.00420983277814, 30.71225234399422], [104.00420978642956, 30.71225685512369], [104.004220228546, 30.71225693521606], [104.00422018219787, 30.71226144634554], [104.00423062431483, 30.71226152643708], [104.00423057796718, 30.712266037566575], [104.00424102008468, 30.712266117657293], [104.00424097373751, 30.712270628786804], [104.00424619479651, 30.71227066883186], [104.00424614844957, 30.712275179961363], [104.00425136950882, 30.712275220006212], [104.00425132316212, 30.712279731135723], [104.00426176528114, 30.712279811224803], [104.00426171893491, 30.712284322354336], [104.00427216105447, 30.712284402442595], [104.00427211470871, 30.712288913572127], [104.00428255682881, 30.712288993659556], [104.00428251048353, 30.7122935047891], [104.00429817366447, 30.712293624918697], [104.00429812731991, 30.712298136048258], [104.00431379050167, 30.712298256175984], [104.00431374415783, 30.71230276730557], [104.0043294073404, 30.71230288743143], [104.00432936099727, 30.712307398561038], [104.00433980311955, 30.712307478643904], [104.0043397567769, 30.712311989773518], [104.00435019889969, 30.712312069855553], [104.0043501525575, 30.712316580985178], [104.0044023631745, 30.71231698138287], [104.00440240951424, 30.712312470253188], [104.00445462012986, 30.712312870629823], [104.00445457379256, 30.712317381759586], [104.00446501591628, 30.712317461832416], [104.00446496957944, 30.712321972962194], [104.00447541170371, 30.712322053034196], [104.00447536536734, 30.712326564163973], [104.00448058642974, 30.712326604199678], [104.0044805400936, 30.712331115329473], [104.00448576115625, 30.712331155364954], [104.00448571482035, 30.712335666494752], [104.00449093588324, 30.712335706530027], [104.00449088954757, 30.712340217659836], [104.00449611061072, 30.712340257694922], [104.00449606427529, 30.712344768824725], [104.00450128533869, 30.71234480885961], [104.00450123900347, 30.71234931998942], [104.00450646006713, 30.71234936002409], [104.00450641373216, 30.712353871153898], [104.00451163479607, 30.71235391118838], [104.00451154212658, 30.712362933448016], [104.00451676319099, 30.712362973482293], [104.00451671685647, 30.71236748461211], [104.00452193792113, 30.712367524646183], [104.00452189158685, 30.712372035776], [104.00452711265176, 30.712372075809878], [104.0045270663177, 30.712376586939705], [104.00453228738287, 30.712376626973377], [104.00453224104905, 30.7123811381032], [104.00453746211447, 30.71238117813667], [104.00453741578087, 30.71238568926651], [104.00454263684655, 30.712385729299765], [104.0045425905132, 30.712390240429606], [104.00454781157913, 30.712390280462667], [104.004547765246, 30.712394791592516], [104.00455298631219, 30.712394831625375], [104.00455293997929, 30.712399342755216], [104.00455816104572, 30.712399382787865], [104.00455797571503, 30.712417427307248], [104.00456319678244, 30.71241746733972], [104.00456315045, 30.712421978469575], [104.00456837151765, 30.712422018501837], [104.00456832518543, 30.712426529631696], [104.00457876732129, 30.71242660969562], [104.00457872098954, 30.712431120825475], [104.00458394205772, 30.712431160857136], [104.0045838957262, 30.712435671987], [104.00458911679465, 30.71243571201845], [104.00458907046337, 30.712440223148317], [104.00459429153204, 30.712440263179566], [104.004594245201, 30.712444774309446], [104.00459946626995, 30.712444814340493], [104.00459858598259, 30.71253052580755], [104.00459336490903, 30.71253048577636], [104.00459331857776, 30.712534996906168], [104.00458809750398, 30.712534956874773], [104.00458805117246, 30.712539468004564], [104.00455672472846, 30.712539227811707], [104.00455653939648, 30.712557272330688], [104.00455131832153, 30.71255723229778], [104.00455127198826, 30.712561743427518], [104.00449384016198, 30.7125613030516]]]}, "properties": {"id": "seg_021", "source": "seg", "area_m2": 2660.8, "layout": "垂直式", "coef_m2": 28, "capacity": 95, "cap_min": 79, "cap_max": 119, "cx": 404639.3, "cy": 3398146.4}}, {"type": "Feature", "geometry": {"type": "Polygon", "coordinates": [[[103.9988071170219, 30.712612313673493], [103.9988071636226, 30.712607802551712], [103.99879672148562, 30.712607722023183], [103.99879676808679, 30.712603210901403], [103.99879154701856, 30.71260317063682], [103.99879159361997, 30.712598659515063], [103.99878115148402, 30.712598578985297], [103.9987811980859, 30.71259406786354], [103.9987759770182, 30.712594027598353], [103.99877602362031, 30.712589516476612], [103.99877080255284, 30.71258947621121], [103.99877084915518, 30.71258496508945], [103.99876562808798, 30.712584924823858], [103.99876567469055, 30.712580413702117], [103.9987604536236, 30.71258037343632], [103.99876050022641, 30.712575862314576], [103.99875527915971, 30.71257582204858], [103.99875532576274, 30.71257131092684], [103.9987501046963, 30.71257127066063], [103.99875015129959, 30.712566759538905], [103.9987449302334, 30.7125667192725], [103.99874497683689, 30.71256220815077], [103.99873453470504, 30.71256212761734], [103.99873462791298, 30.7125531053739], [103.99872940684754, 30.71255306510688], [103.99872945345174, 30.71254855398516], [103.99871901132141, 30.71254847345053], [103.99871910453075, 30.71253945120711], [103.99871388346608, 30.712539410939495], [103.99871393007098, 30.71253489981778], [103.99870870900656, 30.71253485954995], [103.99870875561169, 30.71253034842826], [103.99870353454752, 30.71253030816023], [103.9987035811529, 30.71252579703853], [103.99869836008898, 30.712525756770304], [103.99869840669457, 30.71252124564862], [103.99869318563093, 30.71252120538018], [103.99869323223675, 30.712516694258476], [103.99868801117334, 30.712516653989848], [103.9986880577794, 30.712512142868164], [103.99868283671626, 30.712512102599327], [103.99868288332254, 30.712507591477646], [103.99867766225965, 30.712507551208613], [103.9986777554727, 30.712498528965245], [103.99867253441029, 30.712498488696006], [103.99867258101705, 30.71249397757433], [103.99866735995491, 30.71249393730488], [103.99866740656189, 30.712489426183215], [103.99866218549998, 30.71248938591358], [103.9986622787144, 30.712480363670227], [103.998657057653, 30.712480323400392], [103.99865710426045, 30.712475812278726], [103.9986518831993, 30.71247577200868], [103.99865197641462, 30.712466749765344], [103.99864675535397, 30.712466709495107], [103.99864684856975, 30.71245768725179], [103.99864162750958, 30.712457646981353], [103.9986417207258, 30.71244862473802], [103.99863649966615, 30.712448584467396], [103.99863654627448, 30.712444073345733], [103.99863132521507, 30.712444033074913], [103.9986314184322, 30.71243501083159], [103.9986261973733, 30.712434970560565], [103.99862624398209, 30.7124304594389], [103.99862102292343, 30.712430419167667], [103.99862106953246, 30.712425908046015], [103.99861062741566, 30.71242582750296], [103.99861067402516, 30.712421316381302], [103.99860545296703, 30.71242127610947], [103.99860549957675, 30.71241676498783], [103.99860027851888, 30.712416724715787], [103.99860032512883, 30.712412213594146], [103.99859510407121, 30.712412173321905], [103.99859640915264, 30.71228586191502], [103.99860163020345, 30.712285902187062], [103.99860167681311, 30.712281391065346], [103.99861211891431, 30.71228147160879], [103.99861216552347, 30.712276960487053], [103.99862260762423, 30.71227704102964], [103.99862265423289, 30.712272529907878], [103.99862787528305, 30.71227257017885], [103.99862792189145, 30.712268059057084], [103.99863314294137, 30.712268099327837], [103.99863318954952, 30.71226358820606], [103.9986384105992, 30.712263628476595], [103.99863845720712, 30.7122591173548], [103.99864367825657, 30.712259157625127], [103.99864377147185, 30.712250135381513], [103.99864899252083, 30.71225017565162], [103.99864903912822, 30.7122456645298], [103.99865426017696, 30.71224570479967], [103.99865435339122, 30.71223668255602], [103.99865957443949, 30.71223672282568], [103.9986596676532, 30.712227700581995], [103.99866488870101, 30.712227740851425], [103.99866493530762, 30.712223229729567], [103.99867015635517, 30.712223269998777], [103.99867024956787, 30.71221424775505], [103.99867547061496, 30.71221428802404], [103.99867556382712, 30.712205265780266], [103.99868078487373, 30.712205306049043], [103.99868087808537, 30.712196283805255], [103.99868609913149, 30.7121963240738], [103.99868623894814, 30.71218279070807], [103.99869145999355, 30.712182830976378], [103.99869164641463, 30.712164786488675], [103.99869686745909, 30.712164826756748], [103.9986973801135, 30.712115204415188], [103.99869215907171, 30.71211516414719], [103.99869220567685, 30.712110653025217], [103.99868698463531, 30.712110612757023], [103.99868703124068, 30.71210610163506], [103.99868181019939, 30.71210606136665], [103.99868190341057, 30.712097039122725], [103.99867668236979, 30.712096998854122], [103.9986767289756, 30.71209248773217], [103.99868195001613, 30.71209252800076], [103.99868204322725, 30.7120835057568], [103.9986872642673, 30.71208354602517], [103.99868731087261, 30.712079034903176], [103.99869253191244, 30.712079075171335], [103.99869257851748, 30.712074564049338], [103.99869779955708, 30.712074604317266], [103.99869789276664, 30.712065582073237], [103.99870311380577, 30.712065622340944], [103.9987031604103, 30.712061111218926], [103.9987136024881, 30.71206119175371], [103.99871364909212, 30.712056680631665], [103.99871887013079, 30.712056720898723], [103.99871891673456, 30.712052209776687], [103.99873980088837, 30.712052370842798], [103.99873984749117, 30.71204785972072], [103.99875551060592, 30.712047980518076], [103.99875555720796, 30.712043469395972], [103.99876077824598, 30.712043509661335], [103.99876073164418, 30.71204802078345], [103.99877117372074, 30.712048101313552], [103.99877112711941, 30.712052612435684], [103.9987815691965, 30.712052692964967], [103.99878152259564, 30.712057204087092], [103.99880762778977, 30.712057405406668], [103.99880758119012, 30.71206191652884], [103.99881280222922, 30.71206195679213], [103.9988127556298, 30.712066467914298], [103.99882319770852, 30.712066548440262], [103.99882315110958, 30.712071059562458], [103.9988440352681, 30.712071220611893], [103.99884408186608, 30.71206670948968], [103.99887018706329, 30.71206691079673], [103.99887023366004, 30.712062399674483], [103.99887545469926, 30.712062439935256], [103.99887550129576, 30.71205792881299], [103.99888072233476, 30.712057969073545], [103.998880768931, 30.71205345795128], [103.99889121100854, 30.71205353847175], [103.99889125760428, 30.71204902734945], [103.99889647864282, 30.712049067609357], [103.99889652523832, 30.712044556487054], [103.99890174627663, 30.71204459674675], [103.99890179287188, 30.712040085624448], [103.99891223494804, 30.712040166143193], [103.99891228154279, 30.712035655020866], [103.99891750258064, 30.712035695279926], [103.99891754917513, 30.712031184157578], [103.99892277021274, 30.71203122441641], [103.998922816807, 30.712026713294062], [103.99892803784438, 30.712026753552678], [103.99892808443836, 30.712022242430315], [103.99893330547552, 30.71202228268872], [103.99893335206926, 30.712017771566355], [103.99893857310617, 30.71201781182453], [103.99893861969966, 30.712013300702147], [103.99894384073635, 30.71201334096012], [103.99894388732957, 30.712008829837725], [103.99894910836603, 30.71200887009547], [103.998949154959, 30.712004358973072], [103.99895437599523, 30.712004399230604], [103.99895442258796, 30.71199988810819], [103.99895964362395, 30.711999928365504], [103.99895969021641, 30.71199541724308], [103.99897013228795, 30.711995497757066], [103.99897017887992, 30.711990986634632], [103.99897539991545, 30.711991026891305], [103.99897544650717, 30.711986515768857], [103.99898066754248, 30.711986556025302], [103.99898071413395, 30.711982044902847], [103.99898593516902, 30.711982085159068], [103.99898598176023, 30.71197757403661], [103.99899120279507, 30.71197761429263], [103.99899129597698, 30.711968592047672], [103.99899651701135, 30.711968632303456], [103.99899656360203, 30.711964121180962], [103.99900178463616, 30.711964161436537], [103.99900187781702, 30.71195513919153], [103.9990070988507, 30.71195517944689], [103.99900719203103, 30.71194615720185], [103.99901241306422, 30.711946197456978], [103.99901245965412, 30.71194168633444], [103.99901768068707, 30.71194172658936], [103.99901777386638, 30.711932704344264], [103.99902299489887, 30.711932744598954], [103.99902304148824, 30.711928233476396], [103.9990282625205, 30.71192827373087], [103.99902830910963, 30.7119237626083], [103.99903353014165, 30.711923802862554], [103.99903357673053, 30.711919291739974], [103.99903879776231, 30.711919331994018], [103.99903889093957, 30.71191030974883], [103.99904411197087, 30.71191035000265], [103.99904415855923, 30.71190583888005], [103.9990493795903, 30.71190587913364], [103.99904942617843, 30.71190136801103], [103.99905464720926, 30.711901408264403], [103.99905469379712, 30.711896897141788], [103.99906513585834, 30.7118969776479], [103.99906518244572, 30.711892466525253], [103.9990756245065, 30.71189254703052], [103.99907567109338, 30.711888035907858], [103.99908611315371, 30.711888116412265], [103.99908615974009, 30.7118836052896], [103.99910704385991, 30.711883766295855], [103.99910699727452, 30.71188827741856], [103.99911221830475, 30.711888317669597], [103.99911217171956, 30.71189282879231], [103.99912261378056, 30.711892909293784], [103.99912256719585, 30.7118974204165], [103.99913300925735, 30.711897500917157], [103.99913296267314, 30.711902012039882], [103.99914340473516, 30.711902092539713], [103.99914335815143, 30.711906603662456], [103.99915902124526, 30.711906724410643], [103.99915897466224, 30.711911235533403], [103.99917463775692, 30.711911356279714], [103.99917459117461, 30.711915867402503], [103.99919547530196, 30.711916028394693], [103.99919542872063, 30.711920539517493], [103.99922153388125, 30.711920740753037], [103.99922148730111, 30.71192525187587], [103.99923715039834, 30.711925372614694], [103.99923710381893, 30.711929883737554], [103.99926320898241, 30.71193008496478], [103.99926316240419, 30.711934596087676], [103.99927360447015, 30.71193467657711], [103.99927355789241, 30.7119391877], [103.99929444202542, 30.711939348676378], [103.99929453517895, 30.71193032643052], [103.99929975621173, 30.71193036667408], [103.99929980278824, 30.711925855551133], [103.99931546588596, 30.711925976280522], [103.99931541931018, 30.71193048740349], [103.99932586137585, 30.711930567888704], [103.99932581480056, 30.71193507901168], [103.99934147789988, 30.711935199737958], [103.99934143132529, 30.71193971086095], [103.99934665235867, 30.711939751102637], [103.99934660578431, 30.71194426222563], [103.99935182681793, 30.711944302467106], [103.99935178024381, 30.7119488135901], [103.99936222231158, 30.711948894072442], [103.99936217573794, 30.71195340519546], [103.99936739677209, 30.71195344543632], [103.99936735019867, 30.711957956559328], [103.99937257123307, 30.711957996799992], [103.99937252465989, 30.711962507923], [103.99937774569453, 30.711962548163463], [103.9993776991216, 30.711967059286483], [103.99938292015648, 30.711967099526735], [103.99938287358377, 30.711971610649762], [103.99938809461894, 30.711971650889815], [103.99938804804644, 30.711976162012842], [103.99939326908186, 30.711976202252686], [103.99939312936507, 30.711989735621778], [103.99939835040122, 30.711989775861444], [103.99939825725714, 30.711998798107494], [103.9993930362205, 30.71199875786782], [103.9993929896482, 30.712003268990845], [103.99938776861133, 30.712003228750948], [103.99938772203878, 30.712007739873957], [103.99938250100166, 30.712007699633855], [103.99938245442887, 30.712012210756843], [103.99937723339153, 30.712012170516516], [103.99937718681846, 30.7120166816395], [103.99936674474334, 30.712016601158204], [103.99936669816978, 30.712021112281175], [103.99935625609422, 30.712021031799026], [103.99935620952016, 30.71202554292197], [103.99935098848215, 30.712025502680582], [103.99935094190785, 30.712030013803517], [103.99934572086961, 30.712029973561904], [103.99934567429504, 30.712034484684835], [103.99934045325658, 30.712034444442995], [103.99934036010693, 30.71204346668884], [103.99933513906798, 30.712043426446783], [103.9993350924929, 30.712047937569686], [103.99932987145371, 30.71204789732742], [103.99932973172768, 30.71206143069609], [103.99932451068779, 30.712061390453588], [103.99932437096093, 30.712074923822215], [103.99931914992031, 30.712074883579483], [103.99931896361672, 30.712092928070913], [103.99931374257514, 30.71209288782794], [103.9993135562704, 30.712110932319284], [103.99930833522787, 30.71211089207607], [103.9993081023455, 30.712133447690142], [103.99931332338926, 30.712133487933393], [103.99931323023671, 30.712142510179024], [103.99931845128097, 30.712142550422072], [103.99931835812887, 30.712151572667697], [103.99934968439752, 30.7121518141217], [103.99934963782292, 30.712156325244546], [103.99935485886796, 30.712156365486152], [103.9993548122936, 30.71216087660901], [103.9993600333389, 30.712160916850408], [103.99935994019062, 30.71216993909612], [103.99936516123641, 30.71216997933734], [103.99936506808857, 30.712179001583046], [103.99935984704229, 30.712178961341834], [103.9993597073197, 30.712192494710347], [103.9993544862727, 30.712192454468905], [103.99935439312378, 30.712201476714554], [103.9993491720763, 30.71220143647288], [103.99934907892685, 30.712210458718506], [103.9993438578789, 30.712210418476598], [103.9993438113039, 30.712214929599412], [103.99933859025572, 30.71221488935729], [103.99933854368048, 30.712219400480084], [103.99933332263205, 30.712219360237746], [103.99933327605656, 30.712223871360525], [103.99932805500792, 30.712223831117978], [103.99932800843217, 30.712228342240746], [103.99932278738328, 30.71222830199798], [103.99932274080729, 30.71223281312074], [103.99931229870906, 30.712232732634565], [103.99931225213257, 30.712237243757297], [103.99930703108322, 30.71223720351388], [103.99930698450648, 30.712241714636615], [103.9993017634569, 30.71224167439298], [103.9993017168799, 30.71224618551571], [103.9992964958301, 30.712246145271866], [103.99929644925284, 30.71225065639457], [103.99928600715278, 30.71225057590624], [103.99928596057502, 30.71225508702893], [103.99928073952476, 30.712255046784435], [103.99928069294675, 30.71225955790712], [103.99927547189627, 30.71225951766241], [103.999275425318, 30.712264028785082], [103.99927020426729, 30.712263988540162], [103.99927015768878, 30.712268499662823], [103.99926493663781, 30.71226845941767], [103.99926489005905, 30.712272970540326], [103.99925444795669, 30.712272890049398], [103.99925440137743, 30.712277401172027], [103.99924918032602, 30.712277360926247], [103.9992491337465, 30.71228187204887], [103.99924391269487, 30.712281831802873], [103.9992438661151, 30.712286342925484], [103.99923864506322, 30.712286302679264], [103.99923859848319, 30.71229081380186], [103.99923337743108, 30.712290773555427], [103.99923333085081, 30.71229528467801], [103.99922810979847, 30.71229524443136], [103.9992280166374, 30.71230426667652], [103.99922279558459, 30.712304226429648], [103.99922274900379, 30.71230873755221], [103.99921752795075, 30.712308697305115], [103.9992174813697, 30.712313208427673], [103.99921226031643, 30.712313168180355], [103.99921221373512, 30.712317679302913], [103.99920699268161, 30.712317639055378], [103.99920694610006, 30.71232215017792], [103.9992017250463, 30.712322109930167], [103.9992016784645, 30.7123266210527], [103.99919645741052, 30.712326580804724], [103.99919641082846, 30.712331091927243], [103.99919118977427, 30.71233105167907], [103.99919114319195, 30.712335562801574], [103.99918070108308, 30.71233548230456], [103.99918065450026, 30.71233999342706], [103.9991754334456, 30.71233995317823], [103.99917538686253, 30.71234446430071], [103.99917016580764, 30.71234442405167], [103.99917011922432, 30.712348935174138], [103.99915967711408, 30.712348854675398], [103.99915963053026, 30.712353365797853], [103.99915440947491, 30.712353325548168], [103.99915436289083, 30.712357836670606], [103.99914392077967, 30.71235775617059], [103.99914387419513, 30.712362267293006], [103.99913865313931, 30.71236222704268], [103.99913860655451, 30.712366738165098], [103.99913338549847, 30.712366697914543], [103.9991333389134, 30.71237120903694], [103.99912811785713, 30.71237116878618], [103.9991280712718, 30.712375679908572], [103.9991176291588, 30.712375599406393], [103.99911758257299, 30.712380110528766], [103.99911236151627, 30.71238007027736], [103.9991123149302, 30.712384581399725], [103.99910709387323, 30.712384541148094], [103.99910704728691, 30.712389052270456], [103.99910182622972, 30.71238901201861], [103.99910177964314, 30.71239352314095], [103.9990913375283, 30.712393442636618], [103.99909129094122, 30.71239795375894], [103.99908606988359, 30.712397913506454], [103.99908602329626, 30.712402424628767], [103.99907558118052, 30.712402344123152], [103.99907553459269, 30.71240685524545], [103.99906509247651, 30.712406774738977], [103.99906504588819, 30.712411285861254], [103.99905460377155, 30.71241120535392], [103.99905455718273, 30.712415716476187], [103.9990493361242, 30.712415676222196], [103.99904928953512, 30.712420187344467], [103.99903884741758, 30.712420106835836], [103.99903880082802, 30.712424617958074], [103.99902835871004, 30.712424537448612], [103.99902831211998, 30.712429048570826], [103.99901264894234, 30.712428927805014], [103.99901260235154, 30.712433438927206], [103.99900216023269, 30.712433358415606], [103.99900248637148, 30.7124017805603], [103.99899726531378, 30.712401740304248], [103.99899735849668, 30.712392718059846], [103.99899213743947, 30.712392677803585], [103.99899218403115, 30.712388166681396], [103.99898174191723, 30.71238808616826], [103.99898169532507, 30.71239259729043], [103.99897647426789, 30.712392557033546], [103.99897642767547, 30.712397068155717], [103.99897120661807, 30.712397027898607], [103.99897116002539, 30.71240153902077], [103.99896593896774, 30.712401498763448], [103.99896589237481, 30.71240600988559], [103.99896067131695, 30.71240596962805], [103.99896053153736, 30.712419502994457], [103.99895531047878, 30.712419462736676], [103.99895521729185, 30.71242848498092], [103.99896043835095, 30.712428525238707], [103.99896039175772, 30.71243303636082], [103.99896561281705, 30.71243307661841], [103.99896551963104, 30.71244209886266], [103.99897074069088, 30.712442139120043], [103.99897069409809, 30.712446650242168], [103.99897591515818, 30.712446690499352], [103.99897572878794, 30.71246473498785], [103.99897050772688, 30.712464694730635], [103.99897041454122, 30.712473716974866], [103.99896519347968, 30.71247367671742], [103.99896510029349, 30.712482698961608], [103.99895987923148, 30.71248265870394], [103.99895978604475, 30.712491680948105], [103.99895456498227, 30.712491640690224], [103.99895447179502, 30.71250066293436], [103.99894925073205, 30.712500622676252], [103.99894920413817, 30.712505133798313], [103.99894398307498, 30.712505093539985], [103.99894388988669, 30.712514115784064], [103.99893866882303, 30.712514075525505], [103.99893857563421, 30.71252309776957], [103.99893335457007, 30.712523057510797], [103.99893326138073, 30.712532079754823], [103.9989280403161, 30.71253203949582], [103.99892799372118, 30.71253655061783], [103.99892277265633, 30.71253651035861], [103.99892267946595, 30.7125455326026], [103.99891745840063, 30.712545492343157], [103.99891741180518, 30.71255000346513], [103.99891219073963, 30.71254996320548], [103.99891214414393, 30.712554474327444], [103.99890692307812, 30.71255443406757], [103.99890687648218, 30.712558945189535], [103.99890165541615, 30.71255890492943], [103.99890160881995, 30.712563416051385], [103.99889638775369, 30.71256337579107], [103.99889629456077, 30.712572398034947], [103.99889107349404, 30.712572357774416], [103.99889098030057, 30.712581380018257], [103.99888575923336, 30.712581339757506], [103.99888571263638, 30.712585850879414], [103.99888049156894, 30.71258581061843], [103.99888044497169, 30.712590321740343], [103.99887522390402, 30.712590281479155], [103.99887517730653, 30.71259479260104], [103.99886995623862, 30.712594752339626], [103.99886990964087, 30.712599263461502], [103.99886468857274, 30.712599223199877], [103.99886464197473, 30.71260373432175], [103.99885942090637, 30.712603694059908], [103.99885937430813, 30.71260820518176], [103.99884893217093, 30.712608124657443], [103.99884888557217, 30.712612635779283], [103.9988071170219, 30.712612313673493]]]}, "properties": {"id": "seg_022", "source": "seg", "area_m2": 3419.0, "layout": "垂直式", "coef_m2": 28, "capacity": 122, "cap_min": 102, "cap_max": 153, "cx": 404147.3, "cy": 3398140.4}}, {"type": "Feature", "geometry": {"type": "Polygon", "coordinates": [[[103.9948437857676, 30.709613135041746], [103.99484458101905, 30.709536446028746], [103.99484980191578, 30.709536486448403], [103.99484989547409, 30.709527464211522], [103.99485511637035, 30.70952750463095], [103.99485516314924, 30.709522993512504], [103.99486038404527, 30.709523033931724], [103.9948604308239, 30.709518522813244], [103.9948656517197, 30.709518563232248], [103.99486569849809, 30.709514052113768], [103.99487091939366, 30.70951409253256], [103.99487096617177, 30.709509581414064], [103.9948761870671, 30.709509621832634], [103.99487628062288, 30.709500599595636], [103.99488150151772, 30.70950064001397], [103.99488154829534, 30.70949612889546], [103.99488676918996, 30.709496169313592], [103.99488686274466, 30.709487147076537], [103.99489208363882, 30.709487187494442], [103.99489213041592, 30.709482676375906], [103.99489735130985, 30.709482716793598], [103.99489739808668, 30.70947820567504], [103.99490261898036, 30.709478246092527], [103.99490266575695, 30.709473734973958], [103.9949078866504, 30.70947377539121], [103.99490793342675, 30.70946926427264], [103.99491315431996, 30.709469304689687], [103.99491320109604, 30.7094647935711], [103.99491842198904, 30.70946483398791], [103.99491846876487, 30.709460322869326], [103.99492368965761, 30.709460363285935], [103.9949237364332, 30.709455852167327], [103.99492895732571, 30.709455892583716], [103.99492900410104, 30.709451381465108], [103.99493422499333, 30.70945142188127], [103.9949342717684, 30.70944691076265], [103.99493949266046, 30.7094469511786], [103.99493953943528, 30.709442440059966], [103.9949447603271, 30.7094424804757], [103.99494480710166, 30.709437969357058], [103.99495002799326, 30.70943800977258], [103.99495007476756, 30.70943349865393], [103.99495529565893, 30.709433539069224], [103.99495538920702, 30.70942451683189], [103.99496061009792, 30.70942455724696], [103.99496065687171, 30.70942004612829], [103.99496587776237, 30.709420086543147], [103.9949659245359, 30.70941557542445], [103.99497114542632, 30.7094156158391], [103.9949711921996, 30.709411104720402], [103.99497641308979, 30.709411145134833], [103.99497645986283, 30.70940663401612], [103.99498168075277, 30.709406674430333], [103.99498172752557, 30.709402163311612], [103.99498694841529, 30.709402203725595], [103.99498699518782, 30.709397692606867], [103.9949922160773, 30.709397733020644], [103.99499226284958, 30.7093932219019], [103.99499748373884, 30.709393262315462], [103.99499753051086, 30.70938875119671], [103.99500275139988, 30.709388791610046], [103.9950028449434, 30.709379769372518], [103.99500806583195, 30.70937980978563], [103.99500811260346, 30.70937529866686], [103.99501333349177, 30.709375339079763], [103.99501338026302, 30.709370827960978], [103.9950238220392, 30.709370908786138], [103.99502386880995, 30.70936639766733], [103.99502908969782, 30.709366438079588], [103.99502913646832, 30.709361926960764], [103.99503435735595, 30.709361967372804], [103.99503440412619, 30.70935745625398], [103.99503962501359, 30.709357496665806], [103.99503971855357, 30.70934847442813], [103.99504493944049, 30.709348514839736], [103.99504498621022, 30.70934400372088], [103.99505020709691, 30.70934404413225], [103.9950502538664, 30.709339533013402], [103.99505547475285, 30.70933957342456], [103.99505552152208, 30.709335062305694], [103.9950607424083, 30.70933510271664], [103.99506078917727, 30.70933059159776], [103.99506601006327, 30.70933063200848], [103.99506610360068, 30.7093216097707], [103.9950713244862, 30.7093216501812], [103.99507137125464, 30.7093171390623], [103.99507659213994, 30.70931717947259], [103.99507668567632, 30.70930815723475], [103.99508190656113, 30.709308197644813], [103.9950820468649, 30.709294664288016], [103.995087267749, 30.709294704697847], [103.99508745481957, 30.709276660222045], [103.99508223393646, 30.70927661981225], [103.99508237424, 30.709263086455387], [103.99507715335761, 30.709263046045404], [103.99507720012568, 30.709258534926445], [103.99507197924356, 30.70925849451626], [103.99507202601185, 30.7092539833973], [103.99506680513, 30.709253942986905], [103.99506689866705, 30.709244920749022], [103.99506167778567, 30.709244880338428], [103.99506172455443, 30.709240369219476], [103.9950565036733, 30.709240328808683], [103.9950565504423, 30.709235817689745], [103.99505132956142, 30.70923577727875], [103.99505137633065, 30.709231266159804], [103.99504615545003, 30.709231225748614], [103.99504624898893, 30.709222203510738], [103.9950410281088, 30.70922216309934], [103.99504107487849, 30.709217651980417], [103.9950358539986, 30.709217611568818], [103.99503590076853, 30.709213100449897], [103.9950306798889, 30.709213060038092], [103.99503072665905, 30.709208548919168], [103.99502550577968, 30.709208508507167], [103.99502555255006, 30.709203997388244], [103.99502033167094, 30.709203956976037], [103.99502037844155, 30.70919944585712], [103.99501515756269, 30.709199405444718], [103.99501520433354, 30.709194894325805], [103.99500998345493, 30.709194853913193], [103.995010030226, 30.709190342794283], [103.99500480934766, 30.70919030238147], [103.99500485611895, 30.70918579126256], [103.99499963524087, 30.709185750849556], [103.9949996820124, 30.709181239730654], [103.99499446113457, 30.709181199317435], [103.99499450790634, 30.70917668819854], [103.99498928702874, 30.709176647785128], [103.99498933380075, 30.709172136666215], [103.99498411292342, 30.709172096252598], [103.99498415969565, 30.709167585133713], [103.99497371794148, 30.70916750430585], [103.9949737647142, 30.709162993186975], [103.99496854383737, 30.70916295277274], [103.99496859061033, 30.709158441653855], [103.99496336973375, 30.709158401239417], [103.99496341650693, 30.70915389012055], [103.99495819563062, 30.709153849705903], [103.99495824240402, 30.70914933858704], [103.99495302152796, 30.70914929817219], [103.9949530683016, 30.70914478705333], [103.99494784742579, 30.70914474663828], [103.99494789419967, 30.709140235519428], [103.99494267332412, 30.709140195104176], [103.99494272009822, 30.709135683985313], [103.99493749922291, 30.709135643569866], [103.99493754599726, 30.709131132451017], [103.99492710424718, 30.70913105161949], [103.99492715102198, 30.709126540500655], [103.99492193014721, 30.70912650008459], [103.99492197692224, 30.70912198896575], [103.99491675604773, 30.709121948549484], [103.994916802823, 30.709117437430642], [103.99491158194873, 30.709117397014168], [103.99491162872422, 30.70911288589535], [103.99490640785021, 30.709112845478664], [103.99490645462595, 30.709108334359847], [103.99490123375217, 30.709108293942965], [103.99490128052815, 30.709103782824148], [103.99489083878115, 30.709103701989772], [103.99489088555758, 30.70909919087097], [103.99488566468433, 30.709099150453465], [103.99488571146102, 30.709094639334666], [103.99488049058802, 30.709094598916973], [103.99488053736493, 30.70909008779817], [103.9948753164922, 30.709090047380258], [103.99487536326934, 30.709085536261473], [103.99487014239685, 30.709085495843368], [103.99487018917422, 30.709080984724576], [103.99486496830198, 30.709080944306265], [103.9948650618572, 30.7090719220687], [103.99485984098544, 30.7090718816502], [103.9948600748745, 30.709049326056235], [103.99486529574502, 30.709049366474698], [103.99486538930006, 30.70904034423708], [103.99487061017012, 30.709040384655328], [103.9948707505019, 30.70902685129885], [103.99487597137123, 30.70902689171687], [103.99487615847914, 30.70900884724149], [103.99520507320705, 30.709011393151272], [103.9952049796837, 30.709020415389872], [103.99521020055323, 30.70902045579444], [103.99521010703033, 30.70902947803303], [103.99521532790034, 30.709029518437404], [103.99521528113912, 30.70903402955671], [103.9952205020094, 30.709034069960875], [103.99522040848741, 30.70904309219949], [103.99522562935817, 30.709043132603462], [103.99522558259743, 30.709047643722776], [103.99523080346844, 30.709047684126546], [103.99523070994736, 30.70905670636517], [103.99523593081888, 30.709056746768738], [103.99523588405856, 30.709061257888056], [103.99524110493033, 30.709061298291424], [103.99524105817027, 30.70906580941074], [103.99524627904229, 30.709065849813904], [103.99524623228244, 30.70907036093323], [103.99525145315471, 30.7090704013362], [103.9952514063951, 30.709074912455517], [103.99525662726764, 30.709074952858288], [103.99525658050825, 30.709079463977606], [103.99526180138102, 30.709079504380174], [103.99526175462188, 30.709084015499506], [103.99526697549491, 30.709084055901858], [103.995266928736, 30.7090885670212], [103.9952773704826, 30.709088647825308], [103.99527732372415, 30.70909315894465], [103.9952825445977, 30.70909319934639], [103.99528245108128, 30.709102221585095], [103.99528767195532, 30.709102261986637], [103.99528762519735, 30.709106773105994], [103.99529284607165, 30.70910681350734], [103.99529279931389, 30.709111324626694], [103.99529802018844, 30.709111365027827], [103.99529792667339, 30.709120387266548], [103.99530314754844, 30.709120427667497], [103.99530310079113, 30.709124938786864], [103.99530832166644, 30.709124979187607], [103.9953082281523, 30.709134001426335], [103.9953134490281, 30.709134041826886], [103.99531340227125, 30.70913855294625], [103.99531862314731, 30.70913859334659], [103.9953185763907, 30.709143104465973], [103.995323797267, 30.709143144866104], [103.99532370375424, 30.70915216710485], [103.99532892463104, 30.709152207504804], [103.99532887787488, 30.709156718624175], [103.99533409875194, 30.709156759023923], [103.99533400524007, 30.709165781262676], [103.99533922611762, 30.709165821662225], [103.99533903909474, 30.709183866139725], [103.99534425997328, 30.7091839065391], [103.9953440729512, 30.70920195101658], [103.99534929383071, 30.709201991415757], [103.9953488262772, 30.709247102609318], [103.99534360539523, 30.709247062210064], [103.99534346512824, 30.709260595568036], [103.99533824424557, 30.709260555168548], [103.9953381507337, 30.70926957740716], [103.99533292985056, 30.709269537007454], [103.99533283633818, 30.70927855924605], [103.99532761545456, 30.709278518846116], [103.99532747518515, 30.709292052203963], [103.99532225430083, 30.709292011803793], [103.99532216078735, 30.70930103404233], [103.99531693990254, 30.70930099364194], [103.99531684638853, 30.709310015880433], [103.99531162550325, 30.70930997547982], [103.99531148523144, 30.709323508837535], [103.99530626434544, 30.709323468436686], [103.99530612407281, 30.709337001794363], [103.99530090318609, 30.70933696139328], [103.9953007161548, 30.709355005870087], [103.99529549526711, 30.70935496546878], [103.99529526147654, 30.709377521064685], [103.99529004058766, 30.70937748066311], [103.99528980679561, 30.709400036258913], [103.99528458590552, 30.70939999585709], [103.99528444562945, 30.70941352921451], [103.99527922473864, 30.70941348881247], [103.99527913122071, 30.709422511050715], [103.99527391032942, 30.70942247064845], [103.99527377005172, 30.70943600400577], [103.99526854915972, 30.70943596360328], [103.99526845564071, 30.70944498584146], [103.99526323474825, 30.709444945438733], [103.99526318798848, 30.709449456557813], [103.99525796709577, 30.709449416154875], [103.9952578268157, 30.709462949512073], [103.99525260592226, 30.7094629091089], [103.99525251240168, 30.709471931347018], [103.99524729150778, 30.70947189094363], [103.9952471512261, 30.709485424300716], [103.99524193033147, 30.709485383897096], [103.99524164976634, 30.709512450611186], [103.99523642887029, 30.709512410207303], [103.9952362418257, 30.709530454683286], [103.99523102092866, 30.709530414279154], [103.99523092740581, 30.709539436517105], [103.99522570650831, 30.709539396112756], [103.99522565974662, 30.709543907231733], [103.99522043884889, 30.70954386682717], [103.99522039208695, 30.70954837794612], [103.99521517118899, 30.70954833754134], [103.99521512442679, 30.709552848660277], [103.99520990352859, 30.709552808255292], [103.99520985676615, 30.709557319374223], [103.99519941496929, 30.709557238563587], [103.99519936820636, 30.7095617496825], [103.99518892640906, 30.70956166887101], [103.99518887964562, 30.70956617998991], [103.99516799605018, 30.70956601836438], [103.99516794928576, 30.709570529483244], [103.99515228658856, 30.70957040826188], [103.9951522398234, 30.70957491938072], [103.99514179802483, 30.709574838565402], [103.99514175125918, 30.709579349684226], [103.99513653035967, 30.709579309276247], [103.99513648359377, 30.709583820395064], [103.9951260417943, 30.709583739578466], [103.9951259950279, 30.70958825069725], [103.99512077412793, 30.709588210288636], [103.99512072736128, 30.70959272140743], [103.99511550646108, 30.70959268099859], [103.99511545969418, 30.709597192117354], [103.99511023879374, 30.709597151708305], [103.99511019202657, 30.709601662827065], [103.99510497112591, 30.7096016224178], [103.9951049243585, 30.709606133536543], [103.99509970345761, 30.70960609312706], [103.99509960992225, 30.709615115364542], [103.9948437857676, 30.709613135041746]]]}, "properties": {"id": "seg_023", "source": "seg", "area_m2": 2064.8, "layout": "垂直式", "coef_m2": 28, "capacity": 74, "cap_min": 61, "cap_max": 92, "cx": 403783.0, "cy": 3397818.2}}, {"type": "Feature", "geometry": {"type": "Polygon", "coordinates": [[[103.9950354, 30.708941200000005], [103.9943483, 30.709523000000008], [103.99488840000001, 30.70998110000001], [103.9953823, 30.709224299999995], [103.9950354, 30.708941200000005]]]}, "properties": {"id": "osm_024", "source": "osm", "area_m2": 5473.3, "layout": "垂直式", "coef_m2": 28, "capacity": 195, "cap_min": 163, "cap_max": 244, "cx": 403755.4, "cy": 3397825.1}}, {"type": "Feature", "geometry": {"type": "Polygon", "coordinates": [[[103.9944605, 30.718595799999992], [103.9933951, 30.719578299999995], [103.9923607, 30.718226199999997], [103.9942088, 30.717098700000008], [103.99467950000002, 30.717509800000002], [103.9939156, 30.7180509], [103.9944605, 30.718595799999992]]]}, "properties": {"id": "osm_025", "source": "osm", "area_m2": 28641.9, "layout": "垂直式", "coef_m2": 28, "capacity": 1023, "cap_min": 852, "cap_max": 1279, "cx": 403619.3, "cy": 3398828.0}}]}