{"type": "FeatureCollection", "crs": {"type": "name", "properties": {"name": "EPSG:32648"}}, "features": [{"type": "Feature", "geometry": {"type": "Polygon", "coordinates": [[[404185.2693963013, 3399832.6855730377], [404185.2693963013, 3399831.6855730377], [404184.2693963013, 3399831.6855730377], [404184.2693963013, 3399824.1855730377], [404183.7693963013, 3399824.1855730377], [404183.7693963013, 3399823.6855730377], [404183.2693963013, 3399823.6855730377], [404183.2693963013, 3399823.1855730377], [404182.7693963013, 3399823.1855730377], [404182.7693963013, 3399822.6855730377], [404182.2693963013, 3399822.6855730377], [404182.2693963013, 3399822.1855730377], [404181.7693963013, 3399822.1855730377], [404181.7693963013, 3399821.6855730377], [404181.2693963013, 3399821.6855730377], [404181.2693963013, 3399821.1855730377], [404180.7693963013, 3399821.1855730377], [404180.7693963013, 3399820.6855730377], [404180.2693963013, 3399820.6855730377], [404180.2693963013, 3399820.1855730377], [404179.7693963013, 3399820.1855730377], [404179.7693963013, 3399814.6855730377], [404180.2693963013, 3399814.6855730377], [404180.2693963013, 3399814.1855730377], [404181.2693963013, 3399814.1855730377], [404181.2693963013, 3399813.6855730377], [404183.2693963013, 3399813.6855730377], [404183.2693963013, 3399813.1855730377], [404184.2693963013, 3399813.1855730377], [404184.2693963013, 3399805.6855730377], [404188.7693963013, 3399805.6855730377], [404188.7693963013, 3399805.1855730377], [404202.2693963013, 3399805.1855730377], [404202.2693963013, 3399805.6855730377], [404202.7693963013, 3399805.6855730377], [404202.7693963013, 3399806.1855730377], [404203.2693963013, 3399806.1855730377], [404203.2693963013, 3399806.6855730377], [404203.7693963013, 3399806.6855730377], [404203.7693963013, 3399807.1855730377], [404204.2693963013, 3399807.1855730377], [404204.2693963013, 3399808.1855730377], [404204.7693963013, 3399808.1855730377], [404204.7693963013, 3399808.6855730377], [404205.7693963013, 3399808.6855730377], [404205.7693963013, 3399809.1855730377], [404207.7693963013, 3399809.1855730377], [404207.7693963013, 3399809.6855730377], [404208.2693963013, 3399809.6855730377], [404208.2693963013, 3399810.1855730377], [404209.2693963013, 3399810.1855730377], [404209.2693963013, 3399810.6855730377], [404209.7693963013, 3399810.6855730377], [404209.7693963013, 3399811.1855730377], [404210.2693963013, 3399811.1855730377], [404210.2693963013, 3399811.6855730377], [404211.2693963013, 3399811.6855730377], [404211.2693963013, 3399812.1855730377], [404211.7693963013, 3399812.1855730377], [404211.7693963013, 3399812.6855730377], [404212.7693963013, 3399812.6855730377], [404212.7693963013, 3399813.1855730377], [404213.2693963013, 3399813.1855730377], [404213.2693963013, 3399813.6855730377], [404213.7693963013, 3399813.6855730377], [404213.7693963013, 3399814.1855730377], [404214.7693963013, 3399814.1855730377], [404214.7693963013, 3399814.6855730377], [404215.2693963013, 3399814.6855730377], [404215.2693963013, 3399815.1855730377], [404215.7693963013, 3399815.1855730377], [404215.7693963013, 3399816.1855730377], [404216.2693963013, 3399816.1855730377], [404216.2693963013, 3399816.6855730377], [404216.7693963013, 3399816.6855730377], [404216.7693963013, 3399817.1855730377], [404217.2693963013, 3399817.1855730377], [404217.2693963013, 3399818.1855730377], [404218.2693963013, 3399818.1855730377], [404218.2693963013, 3399818.6855730377], [404218.7693963013, 3399818.6855730377], [404218.7693963013, 3399819.1855730377], [404219.2693963013, 3399819.1855730377], [404219.2693963013, 3399819.6855730377], [404219.7693963013, 3399819.6855730377], [404219.7693963013, 3399820.1855730377], [404220.2693963013, 3399820.1855730377], [404220.2693963013, 3399820.6855730377], [404221.2693963013, 3399820.6855730377], [404221.2693963013, 3399821.1855730377], [404222.7693963013, 3399821.1855730377], [404222.7693963013, 3399820.6855730377], [404226.2693963013, 3399820.6855730377], [404226.2693963013, 3399820.1855730377], [404229.2693963013, 3399820.1855730377], [404229.2693963013, 3399819.6855730377], [404229.7693963013, 3399819.6855730377], [404229.7693963013, 3399820.1855730377], [404232.2693963013, 3399820.1855730377], [404232.2693963013, 3399820.6855730377], [404233.2693963013, 3399820.6855730377], [404233.2693963013, 3399821.1855730377], [404233.7693963013, 3399821.1855730377], [404233.7693963013, 3399821.6855730377], [404234.2693963013, 3399821.6855730377], [404234.2693963013, 3399822.1855730377], [404234.7693963013, 3399822.1855730377], [404234.7693963013, 3399822.6855730377], [404235.2693963013, 3399822.6855730377], [404235.2693963013, 3399823.1855730377], [404235.7693963013, 3399823.1855730377], [404235.7693963013, 3399823.6855730377], [404236.2693963013, 3399823.6855730377], [404236.2693963013, 3399824.1855730377], [404236.7693963013, 3399824.1855730377], [404236.7693963013, 3399825.1855730377], [404237.2693963013, 3399825.1855730377], [404237.2693963013, 3399826.1855730377], [404237.7693963013, 3399826.1855730377], [404237.7693963013, 3399827.1855730377], [404238.2693963013, 3399827.1855730377], [404238.2693963013, 3399828.1855730377], [404238.7693963013, 3399828.1855730377], [404238.7693963013, 3399829.6855730377], [404239.2693963013, 3399829.6855730377], [404239.2693963013, 3399831.1855730377], [404240.2693963013, 3399831.1855730377], [404240.2693963013, 3399831.6855730377], [404240.7693963013, 3399831.6855730377], [404240.7693963013, 3399832.6855730377], [404187.2693963013, 3399832.6855730377], [404187.2693963013, 3399831.6855730377], [404185.7693963013, 3399831.6855730377], [404185.7693963013, 3399832.6855730377], [404185.2693963013, 3399832.6855730377]]]}, "properties": {"id": "seg_000", "source": "seg", "area_m2": 1100.2, "layout": "垂直式", "coef_m2": 28, "capacity": 39, "cap_min": 33, "cap_max": 49, "cx": 404199.3, "cy": 3399818.9}}, {"type": "Feature", "geometry": {"type": "Polygon", "coordinates": [[[403937.2693963013, 3399832.6855730377], [403937.2693963013, 3399823.1855730377], [403937.7693963013, 3399823.1855730377], [403937.7693963013, 3399822.6855730377], [403939.2693963013, 3399822.6855730377], [403939.2693963013, 3399822.1855730377], [403941.7693963013, 3399822.1855730377], [403941.7693963013, 3399821.6855730377], [403943.2693963013, 3399821.6855730377], [403943.2693963013, 3399821.1855730377], [403944.2693963013, 3399821.1855730377], [403944.2693963013, 3399820.6855730377], [403945.2693963013, 3399820.6855730377], [403945.2693963013, 3399820.1855730377], [403945.7693963013, 3399820.1855730377], [403945.7693963013, 3399819.6855730377], [403946.2693963013, 3399819.6855730377], [403946.2693963013, 3399819.1855730377], [403947.2693963013, 3399819.1855730377], [403947.2693963013, 3399818.6855730377], [403947.7693963013, 3399818.6855730377], [403947.7693963013, 3399818.1855730377], [403948.2693963013, 3399818.1855730377], [403948.2693963013, 3399817.6855730377], [403949.2693963013, 3399817.6855730377], [403949.2693963013, 3399817.1855730377], [403949.7693963013, 3399817.1855730377], [403949.7693963013, 3399816.6855730377], [403950.2693963013, 3399816.6855730377], [403950.2693963013, 3399816.1855730377], [403950.7693963013, 3399816.1855730377], [403950.7693963013, 3399815.6855730377], [403951.2693963013, 3399815.6855730377], [403951.2693963013, 3399815.1855730377], [403951.7693963013, 3399815.1855730377], [403951.7693963013, 3399814.6855730377], [403952.2693963013, 3399814.6855730377], [403952.2693963013, 3399814.1855730377], [403952.7693963013, 3399814.1855730377], [403952.7693963013, 3399813.6855730377], [403953.2693963013, 3399813.6855730377], [403953.2693963013, 3399813.1855730377], [403953.7693963013, 3399813.1855730377], [403953.7693963013, 3399812.6855730377], [403954.2693963013, 3399812.6855730377], [403954.2693963013, 3399812.1855730377], [403954.7693963013, 3399812.1855730377], [403954.7693963013, 3399811.6855730377], [403955.2693963013, 3399811.6855730377], [403955.2693963013, 3399811.1855730377], [403955.7693963013, 3399811.1855730377], [403955.7693963013, 3399810.6855730377], [403956.2693963013, 3399810.6855730377], [403956.2693963013, 3399810.1855730377], [403957.2693963013, 3399810.1855730377], [403957.2693963013, 3399809.6855730377], [403957.7693963013, 3399809.6855730377], [403957.7693963013, 3399809.1855730377], [403958.2693963013, 3399809.1855730377], [403958.2693963013, 3399808.6855730377], [403958.7693963013, 3399808.6855730377], [403958.7693963013, 3399808.1855730377], [403959.7693963013, 3399808.1855730377], [403959.7693963013, 3399807.6855730377], [403960.7693963013, 3399807.6855730377], [403960.7693963013, 3399807.1855730377], [403961.2693963013, 3399807.1855730377], [403961.2693963013, 3399806.6855730377], [403962.2693963013, 3399806.6855730377], [403962.2693963013, 3399806.1855730377], [403963.2693963013, 3399806.1855730377], [403963.2693963013, 3399805.6855730377], [403963.7693963013, 3399805.6855730377], [403963.7693963013, 3399805.1855730377], [403964.7693963013, 3399805.1855730377], [403964.7693963013, 3399804.6855730377], [403965.2693963013, 3399804.6855730377], [403965.2693963013, 3399804.1855730377], [403966.2693963013, 3399804.1855730377], [403966.2693963013, 3399803.6855730377], [403966.7693963013, 3399803.6855730377], [403966.7693963013, 3399803.1855730377], [403967.2693963013, 3399803.1855730377], [403967.2693963013, 3399802.6855730377], [403967.7693963013, 3399802.6855730377], [403967.7693963013, 3399802.1855730377], [403968.7693963013, 3399802.1855730377], [403968.7693963013, 3399801.6855730377], [403969.2693963013, 3399801.6855730377], [403969.2693963013, 3399801.1855730377], [403969.7693963013, 3399801.1855730377], [403969.7693963013, 3399800.6855730377], [403970.2693963013, 3399800.6855730377], [403970.2693963013, 3399799.6855730377], [403970.7693963013, 3399799.6855730377], [403970.7693963013, 3399799.1855730377], [403971.2693963013, 3399799.1855730377], [403971.2693963013, 3399798.6855730377], [403971.7693963013, 3399798.6855730377], [403971.7693963013, 3399798.1855730377], [403972.2693963013, 3399798.1855730377], [403972.2693963013, 3399797.6855730377], [403972.7693963013, 3399797.6855730377], [403972.7693963013, 3399797.1855730377], [403973.2693963013, 3399797.1855730377], [403973.2693963013, 3399796.6855730377], [403973.7693963013, 3399796.6855730377], [403973.7693963013, 3399795.6855730377], [403974.2693963013, 3399795.6855730377], [403974.2693963013, 3399795.1855730377], [403974.7693963013, 3399795.1855730377], [403974.7693963013, 3399794.6855730377], [403975.2693963013, 3399794.6855730377], [403975.2693963013, 3399794.1855730377], [403975.7693963013, 3399794.1855730377], [403975.7693963013, 3399793.6855730377], [403976.2693963013, 3399793.6855730377], [403976.2693963013, 3399793.1855730377], [403976.7693963013, 3399793.1855730377], [403976.7693963013, 3399792.1855730377], [403977.2693963013, 3399792.1855730377], [403977.2693963013, 3399791.6855730377], [403977.7693963013, 3399791.6855730377], [403977.7693963013, 3399791.1855730377], [403978.2693963013, 3399791.1855730377], [403978.2693963013, 3399790.1855730377], [403978.7693963013, 3399790.1855730377], [403978.7693963013, 3399789.6855730377], [403979.2693963013, 3399789.6855730377], [403979.2693963013, 3399789.1855730377], [403979.7693963013, 3399789.1855730377], [403979.7693963013, 3399788.1855730377], [403980.2693963013, 3399788.1855730377], [403980.2693963013, 3399787.6855730377], [403980.7693963013, 3399787.6855730377], [403980.7693963013, 3399786.6855730377], [403981.2693963013, 3399786.6855730377], [403981.2693963013, 3399786.1855730377], [403981.7693963013, 3399786.1855730377], [403981.7693963013, 3399785.6855730377], [403982.2693963013, 3399785.6855730377], [403982.2693963013, 3399785.1855730377], [403982.7693963013, 3399785.1855730377], [403982.7693963013, 3399784.6855730377], [403983.2693963013, 3399784.6855730377], [403983.2693963013, 3399784.1855730377], [403983.7693963013, 3399784.1855730377], [403983.7693963013, 3399783.6855730377], [403984.2693963013, 3399783.6855730377], [403984.2693963013, 3399783.1855730377], [403984.7693963013, 3399783.1855730377], [403984.7693963013, 3399782.6855730377], [403985.2693963013, 3399782.6855730377], [403985.2693963013, 3399782.1855730377], [403986.2693963013, 3399782.1855730377], [403986.2693963013, 3399781.6855730377], [403986.7693963013, 3399781.6855730377], [403986.7693963013, 3399781.1855730377], [403987.7693963013, 3399781.1855730377], [403987.7693963013, 3399780.6855730377], [403988.7693963013, 3399780.6855730377], [403988.7693963013, 3399780.1855730377], [403989.2693963013, 3399780.1855730377], [403989.2693963013, 3399779.6855730377], [403990.2693963013, 3399779.6855730377], [403990.2693963013, 3399779.1855730377], [403990.7693963013, 3399779.1855730377], [403990.7693963013, 3399778.6855730377], [403991.2693963013, 3399778.6855730377], [403991.2693963013, 3399778.1855730377], [403991.7693963013, 3399778.1855730377], [403991.7693963013, 3399777.6855730377], [403992.2693963013, 3399777.6855730377], [403992.2693963013, 3399777.1855730377], [403992.7693963013, 3399777.1855730377], [403992.7693963013, 3399776.6855730377], [403993.2693963013, 3399776.6855730377], [403993.2693963013, 3399776.1855730377], [403993.7693963013, 3399776.1855730377], [403993.7693963013, 3399775.6855730377], [403994.2693963013, 3399775.6855730377], [403994.2693963013, 3399774.6855730377], [403994.7693963013, 3399774.6855730377], [403994.7693963013, 3399774.1855730377], [403995.2693963013, 3399774.1855730377], [403995.2693963013, 3399773.6855730377], [403995.7693963013, 3399773.6855730377], [403995.7693963013, 3399773.1855730377], [403996.2693963013, 3399773.1855730377], [403996.2693963013, 3399772.1855730377], [403996.7693963013, 3399772.1855730377], [403996.7693963013, 3399771.6855730377], [403997.2693963013, 3399771.6855730377], [403997.2693963013, 3399771.1855730377], [403997.7693963013, 3399771.1855730377], [403997.7693963013, 3399770.1855730377], [403998.2693963013, 3399770.1855730377], [403998.2693963013, 3399769.6855730377], [403998.7693963013, 3399769.6855730377], [403998.7693963013, 3399769.1855730377], [403999.2693963013, 3399769.1855730377], [403999.2693963013, 3399768.6855730377], [403999.7693963013, 3399768.6855730377], [403999.7693963013, 3399768.1855730377], [404000.2693963013, 3399768.1855730377], [404000.2693963013, 3399767.6855730377], [404000.7693963013, 3399767.6855730377], [404000.7693963013, 3399767.1855730377], [404001.2693963013, 3399767.1855730377], [404001.2693963013, 3399766.6855730377], [404001.7693963013, 3399766.6855730377], [404001.7693963013, 3399766.1855730377], [404002.2693963013, 3399766.1855730377], [404002.2693963013, 3399765.6855730377], [404002.7693963013, 3399765.6855730377], [404002.7693963013, 3399765.1855730377], [404003.7693963013, 3399765.1855730377], [404003.7693963013, 3399764.6855730377], [404004.2693963013, 3399764.6855730377], [404004.2693963013, 3399764.1855730377], [404004.7693963013, 3399764.1855730377], [404004.7693963013, 3399763.6855730377], [404005.7693963013, 3399763.6855730377], [404005.7693963013, 3399763.1855730377], [404006.2693963013, 3399763.1855730377], [404006.2693963013, 3399762.6855730377], [404006.7693963013, 3399762.6855730377], [404006.7693963013, 3399762.1855730377], [404007.2693963013, 3399762.1855730377], [404007.2693963013, 3399761.6855730377], [404007.7693963013, 3399761.6855730377], [404007.7693963013, 3399761.1855730377], [404008.2693963013, 3399761.1855730377], [404008.2693963013, 3399760.6855730377], [404008.7693963013, 3399760.6855730377], [404008.7693963013, 3399759.6855730377], [404009.2693963013, 3399759.6855730377], [404009.2693963013, 3399759.1855730377], [404009.7693963013, 3399759.1855730377], [404009.7693963013, 3399758.1855730377], [404010.2693963013, 3399758.1855730377], [404010.2693963013, 3399757.1855730377], [404010.7693963013, 3399757.1855730377], [404010.7693963013, 3399756.1855730377], [404011.2693963013, 3399756.1855730377], [404011.2693963013, 3399754.6855730377], [404011.7693963013, 3399754.6855730377], [404011.7693963013, 3399752.6855730377], [404012.2693963013, 3399752.6855730377], [404012.2693963013, 3399751.6855730377], [404012.7693963013, 3399751.6855730377], [404012.7693963013, 3399750.6855730377], [404013.2693963013, 3399750.6855730377], [404013.2693963013, 3399749.6855730377], [404013.7693963013, 3399749.6855730377], [404013.7693963013, 3399749.1855730377], [404014.2693963013, 3399749.1855730377], [404014.2693963013, 3399748.1855730377], [404014.7693963013, 3399748.1855730377], [404014.7693963013, 3399747.6855730377], [404015.2693963013, 3399747.6855730377], [404015.2693963013, 3399746.6855730377], [404016.2693963013, 3399746.6855730377], [404016.2693963013, 3399746.1855730377], [404016.7693963013, 3399746.1855730377], [404016.7693963013, 3399745.6855730377], [404017.2693963013, 3399745.6855730377], [404017.2693963013, 3399745.1855730377], [404017.7693963013, 3399745.1855730377], [404017.7693963013, 3399744.6855730377], [404018.2693963013, 3399744.6855730377], [404018.2693963013, 3399744.1855730377], [404019.2693963013, 3399744.1855730377], [404019.2693963013, 3399743.1855730377], [404019.7693963013, 3399743.1855730377], [404019.7693963013, 3399739.1855730377], [404019.2693963013, 3399739.1855730377], [404019.2693963013, 3399738.6855730377], [404015.7693963013, 3399738.6855730377], [404015.7693963013, 3399738.1855730377], [404014.7693963013, 3399738.1855730377], [404014.7693963013, 3399736.1855730377], [404014.2693963013, 3399736.1855730377], [404014.2693963013, 3399733.1855730377], [404014.7693963013, 3399733.1855730377], [404014.7693963013, 3399731.6855730377], [404015.2693963013, 3399731.6855730377], [404015.2693963013, 3399728.1855730377], [404014.7693963013, 3399728.1855730377], [404014.7693963013, 3399726.1855730377], [404014.2693963013, 3399726.1855730377], [404014.2693963013, 3399725.1855730377], [404013.7693963013, 3399725.1855730377], [404013.7693963013, 3399724.6855730377], [404013.2693963013, 3399724.6855730377], [404013.2693963013, 3399724.1855730377], [404012.7693963013, 3399724.1855730377], [404012.7693963013, 3399723.1855730377], [404012.2693963013, 3399723.1855730377], [404012.2693963013, 3399722.6855730377], [404011.7693963013, 3399722.6855730377], [404011.7693963013, 3399722.1855730377], [404011.2693963013, 3399722.1855730377], [404011.2693963013, 3399721.6855730377], [404010.7693963013, 3399721.6855730377], [404010.7693963013, 3399721.1855730377], [404010.2693963013, 3399721.1855730377], [404010.2693963013, 3399720.6855730377], [404009.7693963013, 3399720.6855730377], [404009.7693963013, 3399720.1855730377], [404009.2693963013, 3399720.1855730377], [404009.2693963013, 3399719.6855730377], [404008.7693963013, 3399719.6855730377], [404008.7693963013, 3399719.1855730377], [404008.2693963013, 3399719.1855730377], [404008.2693963013, 3399718.1855730377], [404007.7693963013, 3399718.1855730377], [404007.7693963013, 3399717.1855730377], [404007.2693963013, 3399717.1855730377], [404007.2693963013, 3399716.1855730377], [404006.7693963013, 3399716.1855730377], [404006.7693963013, 3399712.1855730377], [404007.2693963013, 3399712.1855730377], [404007.2693963013, 3399710.6855730377], [404007.7693963013, 3399710.6855730377], [404007.7693963013, 3399709.6855730377], [404008.2693963013, 3399709.6855730377], [404008.2693963013, 3399707.1855730377], [404008.7693963013, 3399707.1855730377], [404008.7693963013, 3399706.1855730377], [404009.2693963013, 3399706.1855730377], [404009.2693963013, 3399705.6855730377], [404009.7693963013, 3399705.6855730377], [404009.7693963013, 3399705.1855730377], [404010.2693963013, 3399705.1855730377], [404010.2693963013, 3399704.6855730377], [404010.7693963013, 3399704.6855730377], [404010.7693963013, 3399704.1855730377], [404011.2693963013, 3399704.1855730377], [404011.2693963013, 3399703.6855730377], [404014.7693963013, 3399703.6855730377], [404014.7693963013, 3399703.1855730377], [404015.2693963013, 3399703.1855730377], [404015.2693963013, 3399703.6855730377], [404018.2693963013, 3399703.6855730377], [404018.2693963013, 3399704.1855730377], [404020.2693963013, 3399704.1855730377], [404020.2693963013, 3399704.6855730377], [404021.2693963013, 3399704.6855730377], [404021.2693963013, 3399705.1855730377], [404022.7693963013, 3399705.1855730377], [404022.7693963013, 3399705.6855730377], [404024.2693963013, 3399705.6855730377], [404024.2693963013, 3399706.1855730377], [404025.2693963013, 3399706.1855730377], [404025.2693963013, 3399706.6855730377], [404026.2693963013, 3399706.6855730377], [404026.2693963013, 3399707.1855730377], [404027.2693963013, 3399707.1855730377], [404027.2693963013, 3399707.6855730377], [404028.2693963013, 3399707.6855730377], [404028.2693963013, 3399708.1855730377], [404028.7693963013, 3399708.1855730377], [404028.7693963013, 3399708.6855730377], [404029.2693963013, 3399708.6855730377], [404029.2693963013, 3399709.1855730377], [404030.2693963013, 3399709.1855730377], [404030.2693963013, 3399709.6855730377], [404030.7693963013, 3399709.6855730377], [404030.7693963013, 3399710.1855730377], [404031.7693963013, 3399710.1855730377], [404031.7693963013, 3399710.6855730377], [404032.7693963013, 3399710.6855730377], [404032.7693963013, 3399711.1855730377], [404033.2693963013, 3399711.1855730377], [404033.2693963013, 3399711.6855730377], [404033.7693963013, 3399711.6855730377], [404033.7693963013, 3399712.1855730377], [404034.2693963013, 3399712.1855730377], [404034.2693963013, 3399712.6855730377], [404034.7693963013, 3399712.6855730377], [404034.7693963013, 3399713.1855730377], [404035.2693963013, 3399713.1855730377], [404035.2693963013, 3399713.6855730377], [404035.7693963013, 3399713.6855730377], [404035.7693963013, 3399714.1855730377], [404036.7693963013, 3399714.1855730377], [404036.7693963013, 3399714.6855730377], [404038.7693963013, 3399714.6855730377], [404038.7693963013, 3399715.1855730377], [404040.7693963013, 3399715.1855730377], [404040.7693963013, 3399715.6855730377], [404043.7693963013, 3399715.6855730377], [404043.7693963013, 3399716.1855730377], [404045.2693963013, 3399716.1855730377], [404045.2693963013, 3399716.6855730377], [404047.2693963013, 3399716.6855730377], [404047.2693963013, 3399717.1855730377], [404048.2693963013, 3399717.1855730377], [404048.2693963013, 3399717.6855730377], [404048.7693963013, 3399717.6855730377], [404048.7693963013, 3399718.1855730377], [404049.7693963013, 3399718.1855730377], [404049.7693963013, 3399718.6855730377], [404050.7693963013, 3399718.6855730377], [404050.7693963013, 3399719.1855730377], [404051.2693963013, 3399719.1855730377], [404051.2693963013, 3399719.6855730377], [404051.7693963013, 3399719.6855730377], [404051.7693963013, 3399720.6855730377], [404052.2693963013, 3399720.6855730377], [404052.2693963013, 3399721.6855730377], [404052.7693963013, 3399721.6855730377], [404052.7693963013, 3399722.1855730377], [404053.2693963013, 3399722.1855730377], [404053.2693963013, 3399722.6855730377], [404053.7693963013, 3399722.6855730377], [404053.7693963013, 3399723.1855730377], [404054.2693963013, 3399723.1855730377], [404054.2693963013, 3399723.6855730377], [404054.7693963013, 3399723.6855730377], [404054.7693963013, 3399724.1855730377], [404055.2693963013, 3399724.1855730377], [404055.2693963013, 3399724.6855730377], [404055.7693963013, 3399724.6855730377], [404055.7693963013, 3399725.1855730377], [404056.7693963013, 3399725.1855730377], [404056.7693963013, 3399725.6855730377], [404057.2693963013, 3399725.6855730377], [404057.2693963013, 3399726.1855730377], [404057.7693963013, 3399726.1855730377], [404057.7693963013, 3399726.6855730377], [404058.7693963013, 3399726.6855730377], [404058.7693963013, 3399727.1855730377], [404059.7693963013, 3399727.1855730377], [404059.7693963013, 3399727.6855730377], [404060.2693963013, 3399727.6855730377], [404060.2693963013, 3399728.6855730377], [404060.7693963013, 3399728.6855730377], [404060.7693963013, 3399729.1855730377], [404061.2693963013, 3399729.1855730377], [404061.2693963013, 3399729.6855730377], [404061.7693963013, 3399729.6855730377], [404061.7693963013, 3399730.1855730377], [404062.2693963013, 3399730.1855730377], [404062.2693963013, 3399730.6855730377], [404062.7693963013, 3399730.6855730377], [404062.7693963013, 3399731.6855730377], [404063.2693963013, 3399731.6855730377], [404063.2693963013, 3399734.6855730377], [404063.7693963013, 3399734.6855730377], [404063.7693963013, 3399736.1855730377], [404064.2693963013, 3399736.1855730377], [404064.2693963013, 3399737.1855730377], [404064.7693963013, 3399737.1855730377], [404064.7693963013, 3399737.6855730377], [404065.2693963013, 3399737.6855730377], [404065.2693963013, 3399738.1855730377], [404067.2693963013, 3399738.1855730377], [404067.2693963013, 3399738.6855730377], [404067.7693963013, 3399738.6855730377], [404067.7693963013, 3399741.1855730377], [404068.2693963013, 3399741.1855730377], [404068.2693963013, 3399745.1855730377], [404068.7693963013, 3399745.1855730377], [404068.7693963013, 3399751.1855730377], [404069.2693963013, 3399751.1855730377], [404069.2693963013, 3399757.1855730377], [404068.7693963013, 3399757.1855730377], [404068.7693963013, 3399760.1855730377], [404068.2693963013, 3399760.1855730377], [404068.2693963013, 3399761.1855730377], [404067.7693963013, 3399761.1855730377], [404067.7693963013, 3399762.1855730377], [404067.2693963013, 3399762.1855730377], [404067.2693963013, 3399762.6855730377], [404066.7693963013, 3399762.6855730377], [404066.7693963013, 3399763.1855730377], [404065.7693963013, 3399763.1855730377], [404065.7693963013, 3399763.6855730377], [404064.7693963013, 3399763.6855730377], [404064.7693963013, 3399764.1855730377], [404064.2693963013, 3399764.1855730377], [404064.2693963013, 3399764.6855730377], [404063.7693963013, 3399764.6855730377], [404063.7693963013, 3399765.1855730377], [404062.7693963013, 3399765.1855730377], [404062.7693963013, 3399765.6855730377], [404062.2693963013, 3399765.6855730377], [404062.2693963013, 3399766.1855730377], [404061.2693963013, 3399766.1855730377], [404061.2693963013, 3399766.6855730377], [404060.7693963013, 3399766.6855730377], [404060.7693963013, 3399767.6855730377], [404060.2693963013, 3399767.6855730377], [404060.2693963013, 3399768.1855730377], [404059.7693963013, 3399768.1855730377], [404059.7693963013, 3399769.1855730377], [404059.2693963013, 3399769.1855730377], [404059.2693963013, 3399769.6855730377], [404058.7693963013, 3399769.6855730377], [404058.7693963013, 3399770.6855730377], [404058.2693963013, 3399770.6855730377], [404058.2693963013, 3399771.1855730377], [404057.7693963013, 3399771.1855730377], [404057.7693963013, 3399773.1855730377], [404057.2693963013, 3399773.1855730377], [404057.2693963013, 3399774.1855730377], [404056.2693963013, 3399774.1855730377], [404056.2693963013, 3399774.6855730377], [404054.7693963013, 3399774.6855730377], [404054.7693963013, 3399774.1855730377], [404053.7693963013, 3399774.1855730377], [404053.7693963013, 3399773.6855730377], [404049.7693963013, 3399773.6855730377], [404049.7693963013, 3399774.1855730377], [404044.2693963013, 3399774.1855730377], [404044.2693963013, 3399774.6855730377], [404043.2693963013, 3399774.6855730377], [404043.2693963013, 3399775.1855730377], [404042.7693963013, 3399775.1855730377], [404042.7693963013, 3399775.6855730377], [404041.7693963013, 3399775.6855730377], [404041.7693963013, 3399776.1855730377], [404041.2693963013, 3399776.1855730377], [404041.2693963013, 3399776.6855730377], [404040.2693963013, 3399776.6855730377], [404040.2693963013, 3399777.1855730377], [404039.7693963013, 3399777.1855730377], [404039.7693963013, 3399777.6855730377], [404038.7693963013, 3399777.6855730377], [404038.7693963013, 3399778.1855730377], [404037.2693963013, 3399778.1855730377], [404037.2693963013, 3399778.6855730377], [404036.2693963013, 3399778.6855730377], [404036.2693963013, 3399779.1855730377], [404035.2693963013, 3399779.1855730377], [404035.2693963013, 3399779.6855730377], [404034.7693963013, 3399779.6855730377], [404034.7693963013, 3399780.1855730377], [404034.2693963013, 3399780.1855730377], [404034.2693963013, 3399780.6855730377], [404033.7693963013, 3399780.6855730377], [404033.7693963013, 3399781.1855730377], [404033.2693963013, 3399781.1855730377], [404033.2693963013, 3399781.6855730377], [404032.7693963013, 3399781.6855730377], [404032.7693963013, 3399782.1855730377], [404032.2693963013, 3399782.1855730377], [404032.2693963013, 3399782.6855730377], [404031.7693963013, 3399782.6855730377], [404031.7693963013, 3399783.1855730377], [404030.7693963013, 3399783.1855730377], [404030.7693963013, 3399783.6855730377], [404030.2693963013, 3399783.6855730377], [404030.2693963013, 3399784.1855730377], [404029.2693963013, 3399784.1855730377], [404029.2693963013, 3399784.6855730377], [404028.2693963013, 3399784.6855730377], [404028.2693963013, 3399785.1855730377], [404027.7693963013, 3399785.1855730377], [404027.7693963013, 3399785.6855730377], [404026.7693963013, 3399785.6855730377], [404026.7693963013, 3399786.1855730377], [404026.2693963013, 3399786.1855730377], [404026.2693963013, 3399786.6855730377], [404025.7693963013, 3399786.6855730377], [404025.7693963013, 3399787.1855730377], [404025.2693963013, 3399787.1855730377], [404025.2693963013, 3399787.6855730377], [404024.7693963013, 3399787.6855730377], [404024.7693963013, 3399788.1855730377], [404024.2693963013, 3399788.1855730377], [404024.2693963013, 3399788.6855730377], [404023.7693963013, 3399788.6855730377], [404023.7693963013, 3399789.1855730377], [404023.2693963013, 3399789.1855730377], [404023.2693963013, 3399789.6855730377], [404022.7693963013, 3399789.6855730377], [404022.7693963013, 3399790.1855730377], [404021.7693963013, 3399790.1855730377], [404021.7693963013, 3399790.6855730377], [404021.2693963013, 3399790.6855730377], [404021.2693963013, 3399791.1855730377], [404020.7693963013, 3399791.1855730377], [404020.7693963013, 3399791.6855730377], [404020.2693963013, 3399791.6855730377], [404020.2693963013, 3399792.1855730377], [404019.7693963013, 3399792.1855730377], [404019.7693963013, 3399792.6855730377], [404019.2693963013, 3399792.6855730377], [404019.2693963013, 3399793.1855730377], [404018.7693963013, 3399793.1855730377], [404018.7693963013, 3399793.6855730377], [404018.2693963013, 3399793.6855730377], [404018.2693963013, 3399794.1855730377], [404017.7693963013, 3399794.1855730377], [404017.7693963013, 3399794.6855730377], [404017.2693963013, 3399794.6855730377], [404017.2693963013, 3399795.1855730377], [404016.7693963013, 3399795.1855730377], [404016.7693963013, 3399795.6855730377], [404016.2693963013, 3399795.6855730377], [404016.2693963013, 3399796.1855730377], [404015.7693963013, 3399796.1855730377], [404015.7693963013, 3399797.1855730377], [404015.2693963013, 3399797.1855730377], [404015.2693963013, 3399797.6855730377], [404014.7693963013, 3399797.6855730377], [404014.7693963013, 3399798.1855730377], [404014.2693963013, 3399798.1855730377], [404014.2693963013, 3399798.6855730377], [404013.7693963013, 3399798.6855730377], [404013.7693963013, 3399799.6855730377], [404013.2693963013, 3399799.6855730377], [404013.2693963013, 3399800.1855730377], [404012.7693963013, 3399800.1855730377], [404012.7693963013, 3399801.6855730377], [404012.2693963013, 3399801.6855730377], [404012.2693963013, 3399805.1855730377], [404012.7693963013, 3399805.1855730377], [404012.7693963013, 3399806.1855730377], [404013.2693963013, 3399806.1855730377], [404013.2693963013, 3399806.6855730377], [404017.7693963013, 3399806.6855730377], [404017.7693963013, 3399807.1855730377], [404019.2693963013, 3399807.1855730377], [404019.2693963013, 3399807.6855730377], [404019.7693963013, 3399807.6855730377], [404019.7693963013, 3399808.1855730377], [404020.2693963013, 3399808.1855730377], [404020.2693963013, 3399808.6855730377], [404020.7693963013, 3399808.6855730377], [404020.7693963013, 3399809.1855730377], [404021.7693963013, 3399809.1855730377], [404021.7693963013, 3399809.6855730377], [404022.2693963013, 3399809.6855730377], [404022.2693963013, 3399810.1855730377], [404022.7693963013, 3399810.1855730377], [404022.7693963013, 3399810.6855730377], [404023.2693963013, 3399810.6855730377], [404023.2693963013, 3399811.1855730377], [404023.7693963013, 3399811.1855730377], [404023.7693963013, 3399811.6855730377], [404024.2693963013, 3399811.6855730377], [404024.2693963013, 3399812.1855730377], [404024.7693963013, 3399812.1855730377], [404024.7693963013, 3399812.6855730377], [404025.2693963013, 3399812.6855730377], [404025.2693963013, 3399813.1855730377], [404025.7693963013, 3399813.1855730377], [404025.7693963013, 3399813.6855730377], [404026.2693963013, 3399813.6855730377], [404026.2693963013, 3399814.1855730377], [404026.7693963013, 3399814.1855730377], [404026.7693963013, 3399815.1855730377], [404027.2693963013, 3399815.1855730377], [404027.2693963013, 3399818.1855730377], [404026.7693963013, 3399818.1855730377], [404026.7693963013, 3399819.1855730377], [404026.2693963013, 3399819.1855730377], [404026.2693963013, 3399819.6855730377], [404025.7693963013, 3399819.6855730377], [404025.7693963013, 3399820.1855730377], [404024.7693963013, 3399820.1855730377], [404024.7693963013, 3399820.6855730377], [404023.7693963013, 3399820.6855730377], [404023.7693963013, 3399821.1855730377], [404022.7693963013, 3399821.1855730377], [404022.7693963013, 3399820.6855730377], [404020.2693963013, 3399820.6855730377], [404020.2693963013, 3399820.1855730377], [404019.2693963013, 3399820.1855730377], [404019.2693963013, 3399819.6855730377], [404018.2693963013, 3399819.6855730377], [404018.2693963013, 3399819.1855730377], [404017.7693963013, 3399819.1855730377], [404017.7693963013, 3399818.6855730377], [404017.2693963013, 3399818.6855730377], [404017.2693963013, 3399818.1855730377], [404016.2693963013, 3399818.1855730377], [404016.2693963013, 3399817.6855730377], [404015.2693963013, 3399817.6855730377], [404015.2693963013, 3399817.1855730377], [404014.7693963013, 3399817.1855730377], [404014.7693963013, 3399816.6855730377], [404014.2693963013, 3399816.6855730377], [404014.2693963013, 3399816.1855730377], [404013.2693963013, 3399816.1855730377], [404013.2693963013, 3399815.6855730377], [404011.7693963013, 3399815.6855730377], [404011.7693963013, 3399815.1855730377], [404007.7693963013, 3399815.1855730377], [404007.7693963013, 3399815.6855730377], [404006.2693963013, 3399815.6855730377], [404006.2693963013, 3399816.1855730377], [404005.7693963013, 3399816.1855730377], [404005.7693963013, 3399816.6855730377], [404005.2693963013, 3399816.6855730377], [404005.2693963013, 3399820.6855730377], [404005.7693963013, 3399820.6855730377], [404005.7693963013, 3399825.1855730377], [404005.2693963013, 3399825.1855730377], [404005.2693963013, 3399826.1855730377], [404004.7693963013, 3399826.1855730377], [404004.7693963013, 3399827.1855730377], [404004.2693963013, 3399827.1855730377], [404004.2693963013, 3399828.1855730377], [404003.7693963013, 3399828.1855730377], [404003.7693963013, 3399829.6855730377], [404003.2693963013, 3399829.6855730377], [404003.2693963013, 3399830.1855730377], [404002.7693963013, 3399830.1855730377], [404002.7693963013, 3399830.6855730377], [404002.2693963013, 3399830.6855730377], [404002.2693963013, 3399831.1855730377], [404001.7693963013, 3399831.1855730377], [404001.7693963013, 3399832.6855730377], [403937.2693963013, 3399832.6855730377]]]}, "properties": {"id": "seg_001", "source": "seg", "area_m2": 6503.5, "layout": "垂直式", "coef_m2": 28, "capacity": 232, "cap_min": 194, "cap_max": 290, "cx": 404030.3, "cy": 3399767.9}}, {"type": "Feature", "geometry": {"type": "Polygon", "coordinates": [[[404591.7693963013, 3399645.6855730377], [404591.7693963013, 3399645.1855730377], [404590.2693963013, 3399645.1855730377], [404590.2693963013, 3399644.6855730377], [404589.2693963013, 3399644.6855730377], [404589.2693963013, 3399644.1855730377], [404588.7693963013, 3399644.1855730377], [404588.7693963013, 3399643.6855730377], [404588.2693963013, 3399643.6855730377], [404588.2693963013, 3399643.1855730377], [404587.2693963013, 3399643.1855730377], [404587.2693963013, 3399642.6855730377], [404586.7693963013, 3399642.6855730377], [404586.7693963013, 3399642.1855730377], [404586.2693963013, 3399642.1855730377], [404586.2693963013, 3399641.6855730377], [404585.7693963013, 3399641.6855730377], [404585.7693963013, 3399641.1855730377], [404585.2693963013, 3399641.1855730377], [404585.2693963013, 3399640.6855730377], [404584.2693963013, 3399640.6855730377], [404584.2693963013, 3399640.1855730377], [404583.7693963013, 3399640.1855730377], [404583.7693963013, 3399639.6855730377], [404583.2693963013, 3399639.6855730377], [404583.2693963013, 3399639.1855730377], [404582.7693963013, 3399639.1855730377], [404582.7693963013, 3399638.6855730377], [404582.2693963013, 3399638.6855730377], [404582.2693963013, 3399638.1855730377], [404581.2693963013, 3399638.1855730377], [404581.2693963013, 3399637.6855730377], [404580.7693963013, 3399637.6855730377], [404580.7693963013, 3399636.6855730377], [404580.2693963013, 3399636.6855730377], [404580.2693963013, 3399636.1855730377], [404579.7693963013, 3399636.1855730377], [404579.7693963013, 3399635.6855730377], [404579.2693963013, 3399635.6855730377], [404579.2693963013, 3399634.6855730377], [404578.7693963013, 3399634.6855730377], [404578.7693963013, 3399613.6855730377], [404579.7693963013, 3399613.6855730377], [404579.7693963013, 3399614.1855730377], [404581.7693963013, 3399614.1855730377], [404581.7693963013, 3399613.6855730377], [404583.2693963013, 3399613.6855730377], [404583.2693963013, 3399613.1855730377], [404583.7693963013, 3399613.1855730377], [404583.7693963013, 3399612.6855730377], [404584.2693963013, 3399612.6855730377], [404584.2693963013, 3399612.1855730377], [404584.7693963013, 3399612.1855730377], [404584.7693963013, 3399611.6855730377], [404585.2693963013, 3399611.6855730377], [404585.2693963013, 3399610.6855730377], [404585.7693963013, 3399610.6855730377], [404585.7693963013, 3399609.6855730377], [404586.2693963013, 3399609.6855730377], [404586.2693963013, 3399608.6855730377], [404586.7693963013, 3399608.6855730377], [404586.7693963013, 3399606.6855730377], [404587.2693963013, 3399606.6855730377], [404587.2693963013, 3399605.6855730377], [404586.7693963013, 3399605.6855730377], [404586.7693963013, 3399604.6855730377], [404586.2693963013, 3399604.6855730377], [404586.2693963013, 3399603.6855730377], [404585.7693963013, 3399603.6855730377], [404585.7693963013, 3399603.1855730377], [404585.2693963013, 3399603.1855730377], [404585.2693963013, 3399602.6855730377], [404584.7693963013, 3399602.6855730377], [404584.7693963013, 3399602.1855730377], [404584.2693963013, 3399602.1855730377], [404584.2693963013, 3399601.6855730377], [404583.7693963013, 3399601.6855730377], [404583.7693963013, 3399601.1855730377], [404583.2693963013, 3399601.1855730377], [404583.2693963013, 3399600.6855730377], [404582.2693963013, 3399600.6855730377], [404582.2693963013, 3399599.6855730377], [404581.7693963013, 3399599.6855730377], [404581.7693963013, 3399597.1855730377], [404582.2693963013, 3399597.1855730377], [404582.2693963013, 3399596.1855730377], [404582.7693963013, 3399596.1855730377], [404582.7693963013, 3399595.1855730377], [404583.2693963013, 3399595.1855730377], [404583.2693963013, 3399593.6855730377], [404583.7693963013, 3399593.6855730377], [404583.7693963013, 3399593.1855730377], [404584.2693963013, 3399593.1855730377], [404584.2693963013, 3399592.1855730377], [404584.7693963013, 3399592.1855730377], [404584.7693963013, 3399591.1855730377], [404585.2693963013, 3399591.1855730377], [404585.2693963013, 3399590.1855730377], [404585.7693963013, 3399590.1855730377], [404585.7693963013, 3399589.1855730377], [404586.2693963013, 3399589.1855730377], [404586.2693963013, 3399588.1855730377], [404586.7693963013, 3399588.1855730377], [404586.7693963013, 3399587.1855730377], [404587.2693963013, 3399587.1855730377], [404587.2693963013, 3399586.1855730377], [404587.7693963013, 3399586.1855730377], [404587.7693963013, 3399585.1855730377], [404588.2693963013, 3399585.1855730377], [404588.2693963013, 3399584.6855730377], [404588.7693963013, 3399584.6855730377], [404588.7693963013, 3399583.6855730377], [404589.2693963013, 3399583.6855730377], [404589.2693963013, 3399583.1855730377], [404589.7693963013, 3399583.1855730377], [404589.7693963013, 3399582.6855730377], [404590.7693963013, 3399582.6855730377], [404590.7693963013, 3399582.1855730377], [404591.2693963013, 3399582.1855730377], [404591.2693963013, 3399581.6855730377], [404592.2693963013, 3399581.6855730377], [404592.2693963013, 3399581.1855730377], [404593.2693963013, 3399581.1855730377], [404593.2693963013, 3399580.6855730377], [404593.7693963013, 3399580.6855730377], [404593.7693963013, 3399580.1855730377], [404594.2693963013, 3399580.1855730377], [404594.2693963013, 3399579.6855730377], [404595.2693963013, 3399579.6855730377], [404595.2693963013, 3399578.6855730377], [404595.7693963013, 3399578.6855730377], [404595.7693963013, 3399577.6855730377], [404596.2693963013, 3399577.6855730377], [404596.2693963013, 3399577.1855730377], [404596.7693963013, 3399577.1855730377], [404596.7693963013, 3399576.6855730377], [404597.2693963013, 3399576.6855730377], [404597.2693963013, 3399576.1855730377], [404598.2693963013, 3399576.1855730377], [404598.2693963013, 3399575.6855730377], [404599.2693963013, 3399575.6855730377], [404599.2693963013, 3399575.1855730377], [404605.2693963013, 3399575.1855730377], [404605.2693963013, 3399575.6855730377], [404606.7693963013, 3399575.6855730377], [404606.7693963013, 3399576.1855730377], [404607.7693963013, 3399576.1855730377], [404607.7693963013, 3399576.6855730377], [404609.2693963013, 3399576.6855730377], [404609.2693963013, 3399577.1855730377], [404610.2693963013, 3399577.1855730377], [404610.2693963013, 3399577.6855730377], [404610.7693963013, 3399577.6855730377], [404610.7693963013, 3399578.1855730377], [404611.7693963013, 3399578.1855730377], [404611.7693963013, 3399578.6855730377], [404612.7693963013, 3399578.6855730377], [404612.7693963013, 3399579.1855730377], [404613.2693963013, 3399579.1855730377], [404613.2693963013, 3399579.6855730377], [404614.2693963013, 3399579.6855730377], [404614.2693963013, 3399580.1855730377], [404614.7693963013, 3399580.1855730377], [404614.7693963013, 3399580.6855730377], [404615.2693963013, 3399580.6855730377], [404615.2693963013, 3399581.1855730377], [404615.7693963013, 3399581.1855730377], [404615.7693963013, 3399581.6855730377], [404616.2693963013, 3399581.6855730377], [404616.2693963013, 3399582.1855730377], [404616.7693963013, 3399582.1855730377], [404616.7693963013, 3399582.6855730377], [404617.2693963013, 3399582.6855730377], [404617.2693963013, 3399583.6855730377], [404617.7693963013, 3399583.6855730377], [404617.7693963013, 3399600.1855730377], [404617.2693963013, 3399600.1855730377], [404617.2693963013, 3399601.6855730377], [404616.7693963013, 3399601.6855730377], [404616.7693963013, 3399602.6855730377], [404616.2693963013, 3399602.6855730377], [404616.2693963013, 3399603.6855730377], [404615.7693963013, 3399603.6855730377], [404615.7693963013, 3399604.6855730377], [404615.2693963013, 3399604.6855730377], [404615.2693963013, 3399605.6855730377], [404614.7693963013, 3399605.6855730377], [404614.7693963013, 3399606.6855730377], [404614.2693963013, 3399606.6855730377], [404614.2693963013, 3399607.1855730377], [404613.7693963013, 3399607.1855730377], [404613.7693963013, 3399607.6855730377], [404613.2693963013, 3399607.6855730377], [404613.2693963013, 3399608.6855730377], [404612.7693963013, 3399608.6855730377], [404612.7693963013, 3399609.1855730377], [404612.2693963013, 3399609.1855730377], [404612.2693963013, 3399610.1855730377], [404611.7693963013, 3399610.1855730377], [404611.7693963013, 3399611.1855730377], [404611.2693963013, 3399611.1855730377], [404611.2693963013, 3399612.1855730377], [404610.7693963013, 3399612.1855730377], [404610.7693963013, 3399613.6855730377], [404610.2693963013, 3399613.6855730377], [404610.2693963013, 3399615.6855730377], [404609.7693963013, 3399615.6855730377], [404609.7693963013, 3399617.1855730377], [404609.2693963013, 3399617.1855730377], [404609.2693963013, 3399618.1855730377], [404608.7693963013, 3399618.1855730377], [404608.7693963013, 3399619.1855730377], [404608.2693963013, 3399619.1855730377], [404608.2693963013, 3399620.1855730377], [404607.7693963013, 3399620.1855730377], [404607.7693963013, 3399621.1855730377], [404607.2693963013, 3399621.1855730377], [404607.2693963013, 3399622.1855730377], [404606.7693963013, 3399622.1855730377], [404606.7693963013, 3399623.1855730377], [404606.2693963013, 3399623.1855730377], [404606.2693963013, 3399624.6855730377], [404605.7693963013, 3399624.6855730377], [404605.7693963013, 3399626.1855730377], [404605.2693963013, 3399626.1855730377], [404605.2693963013, 3399627.6855730377], [404604.7693963013, 3399627.6855730377], [404604.7693963013, 3399628.6855730377], [404604.2693963013, 3399628.6855730377], [404604.2693963013, 3399630.1855730377], [404603.7693963013, 3399630.1855730377], [404603.7693963013, 3399632.1855730377], [404603.2693963013, 3399632.1855730377], [404603.2693963013, 3399633.6855730377], [404602.7693963013, 3399633.6855730377], [404602.7693963013, 3399634.6855730377], [404602.2693963013, 3399634.6855730377], [404602.2693963013, 3399635.1855730377], [404601.7693963013, 3399635.1855730377], [404601.7693963013, 3399636.1855730377], [404601.2693963013, 3399636.1855730377], [404601.2693963013, 3399636.6855730377], [404600.7693963013, 3399636.6855730377], [404600.7693963013, 3399637.6855730377], [404600.2693963013, 3399637.6855730377], [404600.2693963013, 3399638.6855730377], [404599.7693963013, 3399638.6855730377], [404599.7693963013, 3399641.1855730377], [404599.2693963013, 3399641.1855730377], [404599.2693963013, 3399642.6855730377], [404598.7693963013, 3399642.6855730377], [404598.7693963013, 3399643.6855730377], [404598.2693963013, 3399643.6855730377], [404598.2693963013, 3399644.1855730377], [404597.7693963013, 3399644.1855730377], [404597.7693963013, 3399644.6855730377], [404597.2693963013, 3399644.6855730377], [404597.2693963013, 3399645.1855730377], [404596.2693963013, 3399645.1855730377], [404596.2693963013, 3399645.6855730377], [404591.7693963013, 3399645.6855730377]]]}, "properties": {"id": "seg_002", "source": "seg", "area_m2": 1834.5, "layout": "垂直式", "coef_m2": 28, "capacity": 66, "cap_min": 55, "cap_max": 82, "cx": 404598.8, "cy": 3399610.4}}, {"type": "Feature", "geometry": {"type": "Polygon", "coordinates": [[[403698.7693963013, 3399570.1855730377], [403698.7693963013, 3399569.6855730377], [403697.2693963013, 3399569.6855730377], [403697.2693963013, 3399569.1855730377], [403696.7693963013, 3399569.1855730377], [403696.7693963013, 3399568.6855730377], [403696.2693963013, 3399568.6855730377], [403696.2693963013, 3399568.1855730377], [403695.2693963013, 3399568.1855730377], [403695.2693963013, 3399567.6855730377], [403694.7693963013, 3399567.6855730377], [403694.7693963013, 3399566.6855730377], [403694.2693963013, 3399566.6855730377], [403694.2693963013, 3399566.1855730377], [403693.7693963013, 3399566.1855730377], [403693.7693963013, 3399565.6855730377], [403693.2693963013, 3399565.6855730377], [403693.2693963013, 3399565.1855730377], [403692.7693963013, 3399565.1855730377], [403692.7693963013, 3399564.6855730377], [403692.2693963013, 3399564.6855730377], [403692.2693963013, 3399564.1855730377], [403691.7693963013, 3399564.1855730377], [403691.7693963013, 3399563.6855730377], [403691.2693963013, 3399563.6855730377], [403691.2693963013, 3399563.1855730377], [403690.7693963013, 3399563.1855730377], [403690.7693963013, 3399562.6855730377], [403690.2693963013, 3399562.6855730377], [403690.2693963013, 3399562.1855730377], [403689.7693963013, 3399562.1855730377], [403689.7693963013, 3399561.6855730377], [403689.2693963013, 3399561.6855730377], [403689.2693963013, 3399561.1855730377], [403688.7693963013, 3399561.1855730377], [403688.7693963013, 3399560.1855730377], [403688.2693963013, 3399560.1855730377], [403688.2693963013, 3399559.6855730377], [403687.7693963013, 3399559.6855730377], [403687.7693963013, 3399559.1855730377], [403687.2693963013, 3399559.1855730377], [403687.2693963013, 3399558.6855730377], [403686.7693963013, 3399558.6855730377], [403686.7693963013, 3399558.1855730377], [403686.2693963013, 3399558.1855730377], [403686.2693963013, 3399557.1855730377], [403685.7693963013, 3399557.1855730377], [403685.7693963013, 3399556.6855730377], [403685.2693963013, 3399556.6855730377], [403685.2693963013, 3399556.1855730377], [403684.7693963013, 3399556.1855730377], [403684.7693963013, 3399555.1855730377], [403684.2693963013, 3399555.1855730377], [403684.2693963013, 3399554.1855730377], [403683.7693963013, 3399554.1855730377], [403683.7693963013, 3399552.6855730377], [403683.2693963013, 3399552.6855730377], [403683.2693963013, 3399551.6855730377], [403682.7693963013, 3399551.6855730377], [403682.7693963013, 3399550.1855730377], [403682.2693963013, 3399550.1855730377], [403682.2693963013, 3399546.6855730377], [403682.7693963013, 3399546.6855730377], [403682.7693963013, 3399545.6855730377], [403683.2693963013, 3399545.6855730377], [403683.2693963013, 3399545.1855730377], [403683.7693963013, 3399545.1855730377], [403683.7693963013, 3399544.6855730377], [403684.2693963013, 3399544.6855730377], [403684.2693963013, 3399544.1855730377], [403684.7693963013, 3399544.1855730377], [403684.7693963013, 3399543.6855730377], [403685.2693963013, 3399543.6855730377], [403685.2693963013, 3399543.1855730377], [403685.7693963013, 3399543.1855730377], [403685.7693963013, 3399542.6855730377], [403686.2693963013, 3399542.6855730377], [403686.2693963013, 3399542.1855730377], [403686.7693963013, 3399542.1855730377], [403686.7693963013, 3399541.6855730377], [403687.2693963013, 3399541.6855730377], [403687.2693963013, 3399540.6855730377], [403687.7693963013, 3399540.6855730377], [403687.7693963013, 3399539.6855730377], [403688.2693963013, 3399539.6855730377], [403688.2693963013, 3399539.1855730377], [403688.7693963013, 3399539.1855730377], [403688.7693963013, 3399538.1855730377], [403689.2693963013, 3399538.1855730377], [403689.2693963013, 3399537.6855730377], [403689.7693963013, 3399537.6855730377], [403689.7693963013, 3399536.6855730377], [403690.2693963013, 3399536.6855730377], [403690.2693963013, 3399536.1855730377], [403690.7693963013, 3399536.1855730377], [403690.7693963013, 3399535.6855730377], [403691.2693963013, 3399535.6855730377], [403691.2693963013, 3399535.1855730377], [403691.7693963013, 3399535.1855730377], [403691.7693963013, 3399534.6855730377], [403692.7693963013, 3399534.6855730377], [403692.7693963013, 3399534.1855730377], [403694.7693963013, 3399534.1855730377], [403694.7693963013, 3399533.6855730377], [403696.2693963013, 3399533.6855730377], [403696.2693963013, 3399533.1855730377], [403701.2693963013, 3399533.1855730377], [403701.2693963013, 3399532.6855730377], [403702.7693963013, 3399532.6855730377], [403702.7693963013, 3399532.1855730377], [403703.7693963013, 3399532.1855730377], [403703.7693963013, 3399531.6855730377], [403704.2693963013, 3399531.6855730377], [403704.2693963013, 3399531.1855730377], [403704.7693963013, 3399531.1855730377], [403704.7693963013, 3399530.6855730377], [403705.2693963013, 3399530.6855730377], [403705.2693963013, 3399530.1855730377], [403705.7693963013, 3399530.1855730377], [403705.7693963013, 3399529.6855730377], [403706.2693963013, 3399529.6855730377], [403706.2693963013, 3399529.1855730377], [403706.7693963013, 3399529.1855730377], [403706.7693963013, 3399528.6855730377], [403707.2693963013, 3399528.6855730377], [403707.2693963013, 3399528.1855730377], [403707.7693963013, 3399528.1855730377], [403707.7693963013, 3399527.1855730377], [403708.2693963013, 3399527.1855730377], [403708.2693963013, 3399526.6855730377], [403708.7693963013, 3399526.6855730377], [403708.7693963013, 3399525.6855730377], [403709.2693963013, 3399525.6855730377], [403709.2693963013, 3399525.1855730377], [403709.7693963013, 3399525.1855730377], [403709.7693963013, 3399524.1855730377], [403710.2693963013, 3399524.1855730377], [403710.2693963013, 3399523.1855730377], [403710.7693963013, 3399523.1855730377], [403710.7693963013, 3399522.6855730377], [403711.2693963013, 3399522.6855730377], [403711.2693963013, 3399521.6855730377], [403711.7693963013, 3399521.6855730377], [403711.7693963013, 3399520.6855730377], [403712.2693963013, 3399520.6855730377], [403712.2693963013, 3399519.6855730377], [403712.7693963013, 3399519.6855730377], [403712.7693963013, 3399518.6855730377], [403713.2693963013, 3399518.6855730377], [403713.2693963013, 3399517.6855730377], [403713.7693963013, 3399517.6855730377], [403713.7693963013, 3399516.6855730377], [403714.2693963013, 3399516.6855730377], [403714.2693963013, 3399515.6855730377], [403714.7693963013, 3399515.6855730377], [403714.7693963013, 3399515.1855730377], [403715.2693963013, 3399515.1855730377], [403715.2693963013, 3399514.1855730377], [403715.7693963013, 3399514.1855730377], [403715.7693963013, 3399513.6855730377], [403716.2693963013, 3399513.6855730377], [403716.2693963013, 3399512.6855730377], [403716.7693963013, 3399512.6855730377], [403716.7693963013, 3399512.1855730377], [403717.2693963013, 3399512.1855730377], [403717.2693963013, 3399511.1855730377], [403717.7693963013, 3399511.1855730377], [403717.7693963013, 3399510.1855730377], [403718.2693963013, 3399510.1855730377], [403718.2693963013, 3399509.6855730377], [403718.7693963013, 3399509.6855730377], [403718.7693963013, 3399508.6855730377], [403719.2693963013, 3399508.6855730377], [403719.2693963013, 3399508.1855730377], [403719.7693963013, 3399508.1855730377], [403719.7693963013, 3399507.6855730377], [403720.7693963013, 3399507.6855730377], [403720.7693963013, 3399507.1855730377], [403725.2693963013, 3399507.1855730377], [403725.2693963013, 3399507.6855730377], [403726.2693963013, 3399507.6855730377], [403726.2693963013, 3399508.1855730377], [403727.2693963013, 3399508.1855730377], [403727.2693963013, 3399508.6855730377], [403727.7693963013, 3399508.6855730377], [403727.7693963013, 3399509.1855730377], [403728.7693963013, 3399509.1855730377], [403728.7693963013, 3399509.6855730377], [403729.2693963013, 3399509.6855730377], [403729.2693963013, 3399510.1855730377], [403729.7693963013, 3399510.1855730377], [403729.7693963013, 3399510.6855730377], [403730.7693963013, 3399510.6855730377], [403730.7693963013, 3399511.1855730377], [403731.2693963013, 3399511.1855730377], [403731.2693963013, 3399511.6855730377], [403731.7693963013, 3399511.6855730377], [403731.7693963013, 3399512.1855730377], [403732.2693963013, 3399512.1855730377], [403732.2693963013, 3399512.6855730377], [403732.7693963013, 3399512.6855730377], [403732.7693963013, 3399513.1855730377], [403733.2693963013, 3399513.1855730377], [403733.2693963013, 3399513.6855730377], [403735.2693963013, 3399513.6855730377], [403735.2693963013, 3399514.1855730377], [403736.2693963013, 3399514.1855730377], [403736.2693963013, 3399514.6855730377], [403736.7693963013, 3399514.6855730377], [403736.7693963013, 3399531.6855730377], [403736.2693963013, 3399531.6855730377], [403736.2693963013, 3399532.1855730377], [403735.7693963013, 3399532.1855730377], [403735.7693963013, 3399532.6855730377], [403735.2693963013, 3399532.6855730377], [403735.2693963013, 3399533.6855730377], [403734.7693963013, 3399533.6855730377], [403734.7693963013, 3399534.1855730377], [403734.2693963013, 3399534.1855730377], [403734.2693963013, 3399534.6855730377], [403733.7693963013, 3399534.6855730377], [403733.7693963013, 3399535.6855730377], [403733.2693963013, 3399535.6855730377], [403733.2693963013, 3399536.6855730377], [403732.7693963013, 3399536.6855730377], [403732.7693963013, 3399537.6855730377], [403732.2693963013, 3399537.6855730377], [403732.2693963013, 3399538.6855730377], [403731.7693963013, 3399538.6855730377], [403731.7693963013, 3399539.6855730377], [403731.2693963013, 3399539.6855730377], [403731.2693963013, 3399540.6855730377], [403730.7693963013, 3399540.6855730377], [403730.7693963013, 3399541.6855730377], [403730.2693963013, 3399541.6855730377], [403730.2693963013, 3399542.6855730377], [403729.7693963013, 3399542.6855730377], [403729.7693963013, 3399543.6855730377], [403729.2693963013, 3399543.6855730377], [403729.2693963013, 3399544.1855730377], [403728.7693963013, 3399544.1855730377], [403728.7693963013, 3399545.1855730377], [403728.2693963013, 3399545.1855730377], [403728.2693963013, 3399546.1855730377], [403727.7693963013, 3399546.1855730377], [403727.7693963013, 3399546.6855730377], [403727.2693963013, 3399546.6855730377], [403727.2693963013, 3399547.6855730377], [403726.7693963013, 3399547.6855730377], [403726.7693963013, 3399548.1855730377], [403726.2693963013, 3399548.1855730377], [403726.2693963013, 3399548.6855730377], [403725.7693963013, 3399548.6855730377], [403725.7693963013, 3399549.1855730377], [403725.2693963013, 3399549.1855730377], [403725.2693963013, 3399550.1855730377], [403724.7693963013, 3399550.1855730377], [403724.7693963013, 3399550.6855730377], [403724.2693963013, 3399550.6855730377], [403724.2693963013, 3399551.1855730377], [403723.7693963013, 3399551.1855730377], [403723.7693963013, 3399552.1855730377], [403723.2693963013, 3399552.1855730377], [403723.2693963013, 3399552.6855730377], [403722.7693963013, 3399552.6855730377], [403722.7693963013, 3399553.1855730377], [403722.2693963013, 3399553.1855730377], [403722.2693963013, 3399553.6855730377], [403721.7693963013, 3399553.6855730377], [403721.7693963013, 3399554.6855730377], [403721.2693963013, 3399554.6855730377], [403721.2693963013, 3399555.6855730377], [403720.7693963013, 3399555.6855730377], [403720.7693963013, 3399556.1855730377], [403720.2693963013, 3399556.1855730377], [403720.2693963013, 3399556.6855730377], [403719.7693963013, 3399556.6855730377], [403719.7693963013, 3399557.6855730377], [403719.2693963013, 3399557.6855730377], [403719.2693963013, 3399558.1855730377], [403718.7693963013, 3399558.1855730377], [403718.7693963013, 3399559.1855730377], [403718.2693963013, 3399559.1855730377], [403718.2693963013, 3399559.6855730377], [403717.7693963013, 3399559.6855730377], [403717.7693963013, 3399560.1855730377], [403717.2693963013, 3399560.1855730377], [403717.2693963013, 3399560.6855730377], [403716.7693963013, 3399560.6855730377], [403716.7693963013, 3399561.1855730377], [403716.2693963013, 3399561.1855730377], [403716.2693963013, 3399561.6855730377], [403715.7693963013, 3399561.6855730377], [403715.7693963013, 3399562.1855730377], [403715.2693963013, 3399562.1855730377], [403715.2693963013, 3399562.6855730377], [403714.2693963013, 3399562.6855730377], [403714.2693963013, 3399563.1855730377], [403713.7693963013, 3399563.1855730377], [403713.7693963013, 3399563.6855730377], [403713.2693963013, 3399563.6855730377], [403713.2693963013, 3399564.1855730377], [403712.2693963013, 3399564.1855730377], [403712.2693963013, 3399564.6855730377], [403711.2693963013, 3399564.6855730377], [403711.2693963013, 3399565.1855730377], [403710.2693963013, 3399565.1855730377], [403710.2693963013, 3399565.6855730377], [403708.7693963013, 3399565.6855730377], [403708.7693963013, 3399566.1855730377], [403707.7693963013, 3399566.1855730377], [403707.7693963013, 3399566.6855730377], [403706.7693963013, 3399566.6855730377], [403706.7693963013, 3399567.1855730377], [403705.7693963013, 3399567.1855730377], [403705.7693963013, 3399567.6855730377], [403704.7693963013, 3399567.6855730377], [403704.7693963013, 3399568.1855730377], [403703.7693963013, 3399568.1855730377], [403703.7693963013, 3399568.6855730377], [403702.7693963013, 3399568.6855730377], [403702.7693963013, 3399569.1855730377], [403702.2693963013, 3399569.1855730377], [403702.2693963013, 3399569.6855730377], [403701.2693963013, 3399569.6855730377], [403701.2693963013, 3399570.1855730377], [403698.7693963013, 3399570.1855730377]]]}, "properties": {"id": "seg_003", "source": "seg", "area_m2": 1867.0, "layout": "垂直式", "coef_m2": 28, "capacity": 67, "cap_min": 56, "cap_max": 83, "cx": 403710.3, "cy": 3399538.9}}, {"type": "Feature", "geometry": {"type": "Polygon", "coordinates": [[[403713.2693963013, 3399361.6855730377], [403713.2693963013, 3399360.6855730377], [403712.7693963013, 3399360.6855730377], [403712.7693963013, 3399359.1855730377], [403712.2693963013, 3399359.1855730377], [403712.2693963013, 3399355.1855730377], [403712.7693963013, 3399355.1855730377], [403712.7693963013, 3399354.6855730377], [403713.2693963013, 3399354.6855730377], [403713.2693963013, 3399354.1855730377], [403713.7693963013, 3399354.1855730377], [403713.7693963013, 3399352.1855730377], [403714.2693963013, 3399352.1855730377], [403714.2693963013, 3399350.6855730377], [403714.7693963013, 3399350.6855730377], [403714.7693963013, 3399349.6855730377], [403715.2693963013, 3399349.6855730377], [403715.2693963013, 3399348.6855730377], [403715.7693963013, 3399348.6855730377], [403715.7693963013, 3399347.6855730377], [403716.2693963013, 3399347.6855730377], [403716.2693963013, 3399347.1855730377], [403716.7693963013, 3399347.1855730377], [403716.7693963013, 3399346.6855730377], [403717.7693963013, 3399346.6855730377], [403717.7693963013, 3399346.1855730377], [403721.2693963013, 3399346.1855730377], [403721.2693963013, 3399345.6855730377], [403723.7693963013, 3399345.6855730377], [403723.7693963013, 3399346.1855730377], [403724.7693963013, 3399346.1855730377], [403724.7693963013, 3399346.6855730377], [403725.7693963013, 3399346.6855730377], [403725.7693963013, 3399347.1855730377], [403726.2693963013, 3399347.1855730377], [403726.2693963013, 3399347.6855730377], [403726.7693963013, 3399347.6855730377], [403726.7693963013, 3399348.1855730377], [403727.2693963013, 3399348.1855730377], [403727.2693963013, 3399349.1855730377], [403727.7693963013, 3399349.1855730377], [403727.7693963013, 3399350.1855730377], [403728.2693963013, 3399350.1855730377], [403728.2693963013, 3399350.6855730377], [403728.7693963013, 3399350.6855730377], [403728.7693963013, 3399351.6855730377], [403729.2693963013, 3399351.6855730377], [403729.2693963013, 3399352.1855730377], [403729.7693963013, 3399352.1855730377], [403729.7693963013, 3399354.1855730377], [403729.2693963013, 3399354.1855730377], [403729.2693963013, 3399355.1855730377], [403728.7693963013, 3399355.1855730377], [403728.7693963013, 3399356.1855730377], [403728.2693963013, 3399356.1855730377], [403728.2693963013, 3399356.6855730377], [403727.7693963013, 3399356.6855730377], [403727.7693963013, 3399357.6855730377], [403727.2693963013, 3399357.6855730377], [403727.2693963013, 3399358.1855730377], [403726.2693963013, 3399358.1855730377], [403726.2693963013, 3399358.6855730377], [403725.7693963013, 3399358.6855730377], [403725.7693963013, 3399359.1855730377], [403725.2693963013, 3399359.1855730377], [403725.2693963013, 3399359.6855730377], [403724.7693963013, 3399359.6855730377], [403724.7693963013, 3399360.1855730377], [403724.2693963013, 3399360.1855730377], [403724.2693963013, 3399360.6855730377], [403723.7693963013, 3399360.6855730377], [403723.7693963013, 3399361.6855730377], [403713.2693963013, 3399361.6855730377]]]}, "properties": {"id": "seg_004", "source": "seg", "area_m2": 211.0, "layout": "垂直式", "coef_m2": 28, "capacity": 8, "cap_min": 6, "cap_max": 9, "cx": 403721.8, "cy": 3399353.2}}, {"type": "Feature", "geometry": {"type": "Polygon", "coordinates": [[[403882.7693963013, 3399511.6855730377], [403882.7693963013, 3399511.1855730377], [403881.2693963013, 3399511.1855730377], [403881.2693963013, 3399510.6855730377], [403879.7693963013, 3399510.6855730377], [403879.7693963013, 3399510.1855730377], [403878.7693963013, 3399510.1855730377], [403878.7693963013, 3399509.6855730377], [403877.7693963013, 3399509.6855730377], [403877.7693963013, 3399509.1855730377], [403876.7693963013, 3399509.1855730377], [403876.7693963013, 3399508.6855730377], [403875.7693963013, 3399508.6855730377], [403875.7693963013, 3399508.1855730377], [403874.7693963013, 3399508.1855730377], [403874.7693963013, 3399507.6855730377], [403873.2693963013, 3399507.6855730377], [403873.2693963013, 3399507.1855730377], [403871.7693963013, 3399507.1855730377], [403871.7693963013, 3399506.6855730377], [403870.2693963013, 3399506.6855730377], [403870.2693963013, 3399506.1855730377], [403868.7693963013, 3399506.1855730377], [403868.7693963013, 3399505.6855730377], [403867.2693963013, 3399505.6855730377], [403867.2693963013, 3399505.1855730377], [403865.2693963013, 3399505.1855730377], [403865.2693963013, 3399504.6855730377], [403864.2693963013, 3399504.6855730377], [403864.2693963013, 3399504.1855730377], [403862.7693963013, 3399504.1855730377], [403862.7693963013, 3399503.6855730377], [403861.2693963013, 3399503.6855730377], [403861.2693963013, 3399503.1855730377], [403860.2693963013, 3399503.1855730377], [403860.2693963013, 3399502.6855730377], [403858.7693963013, 3399502.6855730377], [403858.7693963013, 3399502.1855730377], [403856.7693963013, 3399502.1855730377], [403856.7693963013, 3399501.6855730377], [403855.2693963013, 3399501.6855730377], [403855.2693963013, 3399501.1855730377], [403853.2693963013, 3399501.1855730377], [403853.2693963013, 3399500.6855730377], [403851.7693963013, 3399500.6855730377], [403851.7693963013, 3399500.1855730377], [403849.2693963013, 3399500.1855730377], [403849.2693963013, 3399499.6855730377], [403846.7693963013, 3399499.6855730377], [403846.7693963013, 3399499.1855730377], [403843.7693963013, 3399499.1855730377], [403843.7693963013, 3399498.6855730377], [403842.2693963013, 3399498.6855730377], [403842.2693963013, 3399498.1855730377], [403840.2693963013, 3399498.1855730377], [403840.2693963013, 3399497.6855730377], [403839.2693963013, 3399497.6855730377], [403839.2693963013, 3399497.1855730377], [403838.2693963013, 3399497.1855730377], [403838.2693963013, 3399496.6855730377], [403837.7693963013, 3399496.6855730377], [403837.7693963013, 3399496.1855730377], [403836.7693963013, 3399496.1855730377], [403836.7693963013, 3399495.6855730377], [403835.7693963013, 3399495.6855730377], [403835.7693963013, 3399495.1855730377], [403834.2693963013, 3399495.1855730377], [403834.2693963013, 3399494.6855730377], [403832.7693963013, 3399494.6855730377], [403832.7693963013, 3399494.1855730377], [403829.7693963013, 3399494.1855730377], [403829.7693963013, 3399493.6855730377], [403827.2693963013, 3399493.6855730377], [403827.2693963013, 3399493.1855730377], [403824.7693963013, 3399493.1855730377], [403824.7693963013, 3399492.6855730377], [403822.7693963013, 3399492.6855730377], [403822.7693963013, 3399492.1855730377], [403821.2693963013, 3399492.1855730377], [403821.2693963013, 3399491.6855730377], [403819.2693963013, 3399491.6855730377], [403819.2693963013, 3399491.1855730377], [403816.7693963013, 3399491.1855730377], [403816.7693963013, 3399490.6855730377], [403814.7693963013, 3399490.6855730377], [403814.7693963013, 3399490.1855730377], [403812.7693963013, 3399490.1855730377], [403812.7693963013, 3399489.6855730377], [403811.7693963013, 3399489.6855730377], [403811.7693963013, 3399489.1855730377], [403810.7693963013, 3399489.1855730377], [403810.7693963013, 3399488.6855730377], [403809.7693963013, 3399488.6855730377], [403809.7693963013, 3399488.1855730377], [403809.2693963013, 3399488.1855730377], [403809.2693963013, 3399487.6855730377], [403808.7693963013, 3399487.6855730377], [403808.7693963013, 3399487.1855730377], [403807.7693963013, 3399487.1855730377], [403807.7693963013, 3399486.6855730377], [403805.7693963013, 3399486.6855730377], [403805.7693963013, 3399486.1855730377], [403804.7693963013, 3399486.1855730377], [403804.7693963013, 3399485.6855730377], [403803.2693963013, 3399485.6855730377], [403803.2693963013, 3399485.1855730377], [403801.2693963013, 3399485.1855730377], [403801.2693963013, 3399484.6855730377], [403800.2693963013, 3399484.6855730377], [403800.2693963013, 3399484.1855730377], [403799.2693963013, 3399484.1855730377], [403799.2693963013, 3399483.6855730377], [403797.7693963013, 3399483.6855730377], [403797.7693963013, 3399483.1855730377], [403796.2693963013, 3399483.1855730377], [403796.2693963013, 3399482.6855730377], [403795.2693963013, 3399482.6855730377], [403795.2693963013, 3399482.1855730377], [403793.7693963013, 3399482.1855730377], [403793.7693963013, 3399481.6855730377], [403792.7693963013, 3399481.6855730377], [403792.7693963013, 3399481.1855730377], [403792.2693963013, 3399481.1855730377], [403792.2693963013, 3399480.6855730377], [403791.2693963013, 3399480.6855730377], [403791.2693963013, 3399480.1855730377], [403790.7693963013, 3399480.1855730377], [403790.7693963013, 3399479.6855730377], [403789.7693963013, 3399479.6855730377], [403789.7693963013, 3399479.1855730377], [403789.2693963013, 3399479.1855730377], [403789.2693963013, 3399478.6855730377], [403788.7693963013, 3399478.6855730377], [403788.7693963013, 3399478.1855730377], [403787.7693963013, 3399478.1855730377], [403787.7693963013, 3399477.6855730377], [403787.2693963013, 3399477.6855730377], [403787.2693963013, 3399477.1855730377], [403786.7693963013, 3399477.1855730377], [403786.7693963013, 3399460.6855730377], [403787.2693963013, 3399460.6855730377], [403787.2693963013, 3399460.1855730377], [403788.2693963013, 3399460.1855730377], [403788.2693963013, 3399459.6855730377], [403789.2693963013, 3399459.6855730377], [403789.2693963013, 3399459.1855730377], [403790.2693963013, 3399459.1855730377], [403790.2693963013, 3399458.6855730377], [403790.7693963013, 3399458.6855730377], [403790.7693963013, 3399458.1855730377], [403791.2693963013, 3399458.1855730377], [403791.2693963013, 3399457.6855730377], [403791.7693963013, 3399457.6855730377], [403791.7693963013, 3399457.1855730377], [403792.7693963013, 3399457.1855730377], [403792.7693963013, 3399456.6855730377], [403793.2693963013, 3399456.6855730377], [403793.2693963013, 3399456.1855730377], [403793.7693963013, 3399456.1855730377], [403793.7693963013, 3399455.6855730377], [403794.2693963013, 3399455.6855730377], [403794.2693963013, 3399455.1855730377], [403794.7693963013, 3399455.1855730377], [403794.7693963013, 3399454.6855730377], [403795.7693963013, 3399454.6855730377], [403795.7693963013, 3399454.1855730377], [403796.2693963013, 3399454.1855730377], [403796.2693963013, 3399453.6855730377], [403797.2693963013, 3399453.6855730377], [403797.2693963013, 3399453.1855730377], [403797.7693963013, 3399453.1855730377], [403797.7693963013, 3399452.6855730377], [403798.2693963013, 3399452.6855730377], [403798.2693963013, 3399448.1855730377], [403799.2693963013, 3399448.1855730377], [403799.2693963013, 3399447.6855730377], [403799.7693963013, 3399447.6855730377], [403799.7693963013, 3399447.1855730377], [403800.2693963013, 3399447.1855730377], [403800.2693963013, 3399446.6855730377], [403800.7693963013, 3399446.6855730377], [403800.7693963013, 3399446.1855730377], [403801.2693963013, 3399446.1855730377], [403801.2693963013, 3399445.6855730377], [403801.7693963013, 3399445.6855730377], [403801.7693963013, 3399445.1855730377], [403802.2693963013, 3399445.1855730377], [403802.2693963013, 3399444.6855730377], [403802.7693963013, 3399444.6855730377], [403802.7693963013, 3399444.1855730377], [403803.2693963013, 3399444.1855730377], [403803.2693963013, 3399443.6855730377], [403803.7693963013, 3399443.6855730377], [403803.7693963013, 3399443.1855730377], [403804.7693963013, 3399443.1855730377], [403804.7693963013, 3399442.6855730377], [403805.2693963013, 3399442.6855730377], [403805.2693963013, 3399442.1855730377], [403804.7693963013, 3399442.1855730377], [403804.7693963013, 3399441.1855730377], [403805.2693963013, 3399441.1855730377], [403805.2693963013, 3399440.1855730377], [403805.7693963013, 3399440.1855730377], [403805.7693963013, 3399439.1855730377], [403806.7693963013, 3399439.1855730377], [403806.7693963013, 3399438.6855730377], [403807.2693963013, 3399438.6855730377], [403807.2693963013, 3399438.1855730377], [403807.7693963013, 3399438.1855730377], [403807.7693963013, 3399437.6855730377], [403808.2693963013, 3399437.6855730377], [403808.2693963013, 3399437.1855730377], [403808.7693963013, 3399437.1855730377], [403808.7693963013, 3399436.1855730377], [403809.2693963013, 3399436.1855730377], [403809.2693963013, 3399435.6855730377], [403809.7693963013, 3399435.6855730377], [403809.7693963013, 3399434.6855730377], [403810.2693963013, 3399434.6855730377], [403810.2693963013, 3399432.1855730377], [403809.7693963013, 3399432.1855730377], [403809.7693963013, 3399431.6855730377], [403809.2693963013, 3399431.6855730377], [403809.2693963013, 3399430.6855730377], [403808.7693963013, 3399430.6855730377], [403808.7693963013, 3399430.1855730377], [403808.2693963013, 3399430.1855730377], [403808.2693963013, 3399429.1855730377], [403807.7693963013, 3399429.1855730377], [403807.7693963013, 3399428.6855730377], [403807.2693963013, 3399428.6855730377], [403807.2693963013, 3399428.1855730377], [403806.7693963013, 3399428.1855730377], [403806.7693963013, 3399427.6855730377], [403806.2693963013, 3399427.6855730377], [403806.2693963013, 3399427.1855730377], [403805.7693963013, 3399427.1855730377], [403805.7693963013, 3399426.6855730377], [403805.2693963013, 3399426.6855730377], [403805.2693963013, 3399426.1855730377], [403804.7693963013, 3399426.1855730377], [403804.7693963013, 3399425.1855730377], [403804.2693963013, 3399425.1855730377], [403804.2693963013, 3399424.1855730377], [403803.7693963013, 3399424.1855730377], [403803.7693963013, 3399422.6855730377], [403803.2693963013, 3399422.6855730377], [403803.2693963013, 3399422.1855730377], [403802.7693963013, 3399422.1855730377], [403802.7693963013, 3399420.6855730377], [403802.2693963013, 3399420.6855730377], [403802.2693963013, 3399419.6855730377], [403799.7693963013, 3399419.6855730377], [403799.7693963013, 3399419.1855730377], [403799.2693963013, 3399419.1855730377], [403799.2693963013, 3399418.6855730377], [403798.7693963013, 3399418.6855730377], [403798.7693963013, 3399419.1855730377], [403798.2693963013, 3399419.1855730377], [403798.2693963013, 3399419.6855730377], [403797.7693963013, 3399419.6855730377], [403797.7693963013, 3399420.1855730377], [403797.2693963013, 3399420.1855730377], [403797.2693963013, 3399420.6855730377], [403796.7693963013, 3399420.6855730377], [403796.7693963013, 3399421.1855730377], [403795.7693963013, 3399421.1855730377], [403795.7693963013, 3399421.6855730377], [403795.2693963013, 3399421.6855730377], [403795.2693963013, 3399422.1855730377], [403794.2693963013, 3399422.1855730377], [403794.2693963013, 3399422.6855730377], [403793.2693963013, 3399422.6855730377], [403793.2693963013, 3399423.1855730377], [403792.7693963013, 3399423.1855730377], [403792.7693963013, 3399424.6855730377], [403793.2693963013, 3399424.6855730377], [403793.2693963013, 3399430.6855730377], [403793.7693963013, 3399430.6855730377], [403793.7693963013, 3399431.6855730377], [403794.2693963013, 3399431.6855730377], [403794.2693963013, 3399436.1855730377], [403793.7693963013, 3399436.1855730377], [403793.7693963013, 3399437.1855730377], [403793.2693963013, 3399437.1855730377], [403793.2693963013, 3399438.6855730377], [403792.7693963013, 3399438.6855730377], [403792.7693963013, 3399440.6855730377], [403792.2693963013, 3399440.6855730377], [403792.2693963013, 3399441.6855730377], [403791.7693963013, 3399441.6855730377], [403791.7693963013, 3399442.6855730377], [403791.2693963013, 3399442.6855730377], [403791.2693963013, 3399443.1855730377], [403790.7693963013, 3399443.1855730377], [403790.7693963013, 3399443.6855730377], [403790.2693963013, 3399443.6855730377], [403790.2693963013, 3399444.6855730377], [403789.7693963013, 3399444.6855730377], [403789.7693963013, 3399445.1855730377], [403789.2693963013, 3399445.1855730377], [403789.2693963013, 3399445.6855730377], [403788.7693963013, 3399445.6855730377], [403788.7693963013, 3399446.6855730377], [403732.2693963013, 3399446.6855730377], [403732.2693963013, 3399430.6855730377], [403729.2693963013, 3399430.6855730377], [403729.2693963013, 3399415.1855730377], [403730.2693963013, 3399415.1855730377], [403730.2693963013, 3399414.6855730377], [403731.2693963013, 3399414.6855730377], [403731.2693963013, 3399414.1855730377], [403732.2693963013, 3399414.1855730377], [403732.2693963013, 3399413.6855730377], [403733.2693963013, 3399413.6855730377], [403733.2693963013, 3399413.1855730377], [403734.2693963013, 3399413.1855730377], [403734.2693963013, 3399412.6855730377], [403735.2693963013, 3399412.6855730377], [403735.2693963013, 3399412.1855730377], [403735.7693963013, 3399412.1855730377], [403735.7693963013, 3399411.6855730377], [403736.2693963013, 3399411.6855730377], [403736.2693963013, 3399411.1855730377], [403736.7693963013, 3399411.1855730377], [403736.7693963013, 3399410.1855730377], [403737.2693963013, 3399410.1855730377], [403737.2693963013, 3399409.6855730377], [403737.7693963013, 3399409.6855730377], [403737.7693963013, 3399408.6855730377], [403738.2693963013, 3399408.6855730377], [403738.2693963013, 3399407.6855730377], [403738.7693963013, 3399407.6855730377], [403738.7693963013, 3399406.6855730377], [403739.2693963013, 3399406.6855730377], [403739.2693963013, 3399403.6855730377], [403739.7693963013, 3399403.6855730377], [403739.7693963013, 3399401.6855730377], [403739.2693963013, 3399401.6855730377], [403739.2693963013, 3399399.6855730377], [403738.7693963013, 3399399.6855730377], [403738.7693963013, 3399398.6855730377], [403738.2693963013, 3399398.6855730377], [403738.2693963013, 3399394.1855730377], [403737.7693963013, 3399394.1855730377], [403737.7693963013, 3399393.6855730377], [403738.2693963013, 3399393.6855730377], [403738.2693963013, 3399391.1855730377], [403738.7693963013, 3399391.1855730377], [403738.7693963013, 3399390.1855730377], [403739.2693963013, 3399390.1855730377], [403739.2693963013, 3399389.6855730377], [403739.7693963013, 3399389.6855730377], [403739.7693963013, 3399389.1855730377], [403740.2693963013, 3399389.1855730377], [403740.2693963013, 3399388.6855730377], [403740.7693963013, 3399388.6855730377], [403740.7693963013, 3399388.1855730377], [403741.2693963013, 3399388.1855730377], [403741.2693963013, 3399387.6855730377], [403742.2693963013, 3399387.6855730377], [403742.2693963013, 3399387.1855730377], [403742.7693963013, 3399387.1855730377], [403742.7693963013, 3399386.6855730377], [403743.7693963013, 3399386.6855730377], [403743.7693963013, 3399386.1855730377], [403744.7693963013, 3399386.1855730377], [403744.7693963013, 3399385.6855730377], [403745.2693963013, 3399385.6855730377], [403745.2693963013, 3399383.1855730377], [403745.7693963013, 3399383.1855730377], [403745.7693963013, 3399382.1855730377], [403746.2693963013, 3399382.1855730377], [403746.2693963013, 3399380.6855730377], [403746.7693963013, 3399380.6855730377], [403746.7693963013, 3399379.1855730377], [403747.2693963013, 3399379.1855730377], [403747.2693963013, 3399377.6855730377], [403747.7693963013, 3399377.6855730377], [403747.7693963013, 3399377.1855730377], [403748.2693963013, 3399377.1855730377], [403748.2693963013, 3399376.1855730377], [403748.7693963013, 3399376.1855730377], [403748.7693963013, 3399375.6855730377], [403749.2693963013, 3399375.6855730377], [403749.2693963013, 3399375.1855730377], [403749.7693963013, 3399375.1855730377], [403749.7693963013, 3399374.6855730377], [403750.7693963013, 3399374.6855730377], [403750.7693963013, 3399374.1855730377], [403751.2693963013, 3399374.1855730377], [403751.2693963013, 3399373.6855730377], [403752.2693963013, 3399373.6855730377], [403752.2693963013, 3399373.1855730377], [403752.7693963013, 3399373.1855730377], [403752.7693963013, 3399372.6855730377], [403753.7693963013, 3399372.6855730377], [403753.7693963013, 3399372.1855730377], [403754.2693963013, 3399372.1855730377], [403754.2693963013, 3399371.1855730377], [403754.7693963013, 3399371.1855730377], [403754.7693963013, 3399369.1855730377], [403754.2693963013, 3399369.1855730377], [403754.2693963013, 3399368.1855730377], [403753.7693963013, 3399368.1855730377], [403753.7693963013, 3399367.1855730377], [403753.2693963013, 3399367.1855730377], [403753.2693963013, 3399366.6855730377], [403752.7693963013, 3399366.6855730377], [403752.7693963013, 3399366.1855730377], [403752.2693963013, 3399366.1855730377], [403752.2693963013, 3399365.6855730377], [403751.7693963013, 3399365.6855730377], [403751.7693963013, 3399365.1855730377], [403751.2693963013, 3399365.1855730377], [403751.2693963013, 3399364.6855730377], [403750.7693963013, 3399364.6855730377], [403750.7693963013, 3399363.6855730377], [403750.2693963013, 3399363.6855730377], [403750.2693963013, 3399363.1855730377], [403749.7693963013, 3399363.1855730377], [403749.7693963013, 3399362.1855730377], [403749.2693963013, 3399362.1855730377], [403749.2693963013, 3399361.1855730377], [403748.7693963013, 3399361.1855730377], [403748.7693963013, 3399358.1855730377], [403748.2693963013, 3399358.1855730377], [403748.2693963013, 3399355.6855730377], [403747.7693963013, 3399355.6855730377], [403747.7693963013, 3399351.1855730377], [403748.2693963013, 3399351.1855730377], [403748.2693963013, 3399350.1855730377], [403748.7693963013, 3399350.1855730377], [403748.7693963013, 3399349.6855730377], [403749.2693963013, 3399349.6855730377], [403749.2693963013, 3399349.1855730377], [403749.7693963013, 3399349.1855730377], [403749.7693963013, 3399348.6855730377], [403750.2693963013, 3399348.6855730377], [403750.2693963013, 3399348.1855730377], [403750.7693963013, 3399348.1855730377], [403750.7693963013, 3399347.1855730377], [403751.7693963013, 3399347.1855730377], [403751.7693963013, 3399346.6855730377], [403753.2693963013, 3399346.6855730377], [403753.2693963013, 3399346.1855730377], [403754.2693963013, 3399346.1855730377], [403754.2693963013, 3399345.6855730377], [403755.2693963013, 3399345.6855730377], [403755.2693963013, 3399344.6855730377], [403755.7693963013, 3399344.6855730377], [403755.7693963013, 3399342.6855730377], [403755.2693963013, 3399342.6855730377], [403755.2693963013, 3399341.6855730377], [403752.7693963013, 3399341.6855730377], [403752.7693963013, 3399342.1855730377], [403752.2693963013, 3399342.1855730377], [403752.2693963013, 3399342.6855730377], [403751.7693963013, 3399342.6855730377], [403751.7693963013, 3399343.1855730377], [403750.7693963013, 3399343.1855730377], [403750.7693963013, 3399343.6855730377], [403750.2693963013, 3399343.6855730377], [403750.2693963013, 3399344.1855730377], [403749.2693963013, 3399344.1855730377], [403749.2693963013, 3399344.6855730377], [403748.7693963013, 3399344.6855730377], [403748.7693963013, 3399345.6855730377], [403748.2693963013, 3399345.6855730377], [403748.2693963013, 3399346.1855730377], [403747.7693963013, 3399346.1855730377], [403747.7693963013, 3399346.6855730377], [403747.2693963013, 3399346.6855730377], [403747.2693963013, 3399347.1855730377], [403745.7693963013, 3399347.1855730377], [403745.7693963013, 3399347.6855730377], [403744.7693963013, 3399347.6855730377], [403744.7693963013, 3399348.1855730377], [403744.2693963013, 3399348.1855730377], [403744.2693963013, 3399348.6855730377], [403742.2693963013, 3399348.6855730377], [403742.2693963013, 3399349.1855730377], [403740.2693963013, 3399349.1855730377], [403740.2693963013, 3399349.6855730377], [403736.2693963013, 3399349.6855730377], [403736.2693963013, 3399349.1855730377], [403733.7693963013, 3399349.1855730377], [403733.7693963013, 3399348.6855730377], [403731.2693963013, 3399348.6855730377], [403731.2693963013, 3399348.1855730377], [403730.7693963013, 3399348.1855730377], [403730.7693963013, 3399347.6855730377], [403730.2693963013, 3399347.6855730377], [403730.2693963013, 3399346.1855730377], [403729.7693963013, 3399346.1855730377], [403729.7693963013, 3399344.6855730377], [403729.2693963013, 3399344.6855730377], [403729.2693963013, 3399339.1855730377], [403728.7693963013, 3399339.1855730377], [403728.7693963013, 3399337.6855730377], [403728.2693963013, 3399337.6855730377], [403728.2693963013, 3399336.6855730377], [403727.7693963013, 3399336.6855730377], [403727.7693963013, 3399335.1855730377], [403727.2693963013, 3399335.1855730377], [403727.2693963013, 3399334.1855730377], [403726.7693963013, 3399334.1855730377], [403726.7693963013, 3399333.1855730377], [403726.2693963013, 3399333.1855730377], [403726.2693963013, 3399332.6855730377], [403725.7693963013, 3399332.6855730377], [403725.7693963013, 3399332.1855730377], [403725.2693963013, 3399332.1855730377], [403725.2693963013, 3399331.6855730377], [403724.7693963013, 3399331.6855730377], [403724.7693963013, 3399330.6855730377], [403724.2693963013, 3399330.6855730377], [403724.2693963013, 3399330.1855730377], [403723.7693963013, 3399330.1855730377], [403723.7693963013, 3399329.6855730377], [403723.2693963013, 3399329.6855730377], [403723.2693963013, 3399329.1855730377], [403722.7693963013, 3399329.1855730377], [403722.7693963013, 3399328.6855730377], [403721.7693963013, 3399328.6855730377], [403721.7693963013, 3399328.1855730377], [403721.2693963013, 3399328.1855730377], [403721.2693963013, 3399327.6855730377], [403720.7693963013, 3399327.6855730377], [403720.7693963013, 3399327.1855730377], [403720.2693963013, 3399327.1855730377], [403720.2693963013, 3399326.6855730377], [403719.7693963013, 3399326.6855730377], [403719.7693963013, 3399326.1855730377], [403719.2693963013, 3399326.1855730377], [403719.2693963013, 3399325.6855730377], [403718.2693963013, 3399325.6855730377], [403718.2693963013, 3399324.6855730377], [403717.7693963013, 3399324.6855730377], [403717.7693963013, 3399324.1855730377], [403717.2693963013, 3399324.1855730377], [403717.2693963013, 3399323.6855730377], [403716.7693963013, 3399323.6855730377], [403716.7693963013, 3399323.1855730377], [403716.2693963013, 3399323.1855730377], [403716.2693963013, 3399322.1855730377], [403715.7693963013, 3399322.1855730377], [403715.7693963013, 3399319.6855730377], [403715.2693963013, 3399319.6855730377], [403715.2693963013, 3399318.6855730377], [403714.7693963013, 3399318.6855730377], [403714.7693963013, 3399318.1855730377], [403714.2693963013, 3399318.1855730377], [403714.2693963013, 3399317.6855730377], [403713.7693963013, 3399317.6855730377], [403713.7693963013, 3399317.1855730377], [403713.2693963013, 3399317.1855730377], [403713.2693963013, 3399316.6855730377], [403712.7693963013, 3399316.6855730377], [403712.7693963013, 3399316.1855730377], [403712.2693963013, 3399316.1855730377], [403712.2693963013, 3399315.1855730377], [403711.7693963013, 3399315.1855730377], [403711.7693963013, 3399314.6855730377], [403711.2693963013, 3399314.6855730377], [403711.2693963013, 3399314.1855730377], [403710.7693963013, 3399314.1855730377], [403710.7693963013, 3399313.6855730377], [403710.2693963013, 3399313.6855730377], [403710.2693963013, 3399313.1855730377], [403709.7693963013, 3399313.1855730377], [403709.7693963013, 3399312.1855730377], [403709.2693963013, 3399312.1855730377], [403709.2693963013, 3399311.6855730377], [403708.7693963013, 3399311.6855730377], [403708.7693963013, 3399311.1855730377], [403702.7693963013, 3399311.1855730377], [403702.7693963013, 3399310.6855730377], [403701.7693963013, 3399310.6855730377], [403701.7693963013, 3399310.1855730377], [403701.2693963013, 3399310.1855730377], [403701.2693963013, 3399309.6855730377], [403700.7693963013, 3399309.6855730377], [403700.7693963013, 3399310.1855730377], [403699.7693963013, 3399310.1855730377], [403699.7693963013, 3399311.1855730377], [403699.2693963013, 3399311.1855730377], [403699.2693963013, 3399312.1855730377], [403699.7693963013, 3399312.1855730377], [403699.7693963013, 3399312.6855730377], [403700.2693963013, 3399312.6855730377], [403700.2693963013, 3399313.6855730377], [403700.7693963013, 3399313.6855730377], [403700.7693963013, 3399314.6855730377], [403701.7693963013, 3399314.6855730377], [403701.7693963013, 3399314.1855730377], [403702.2693963013, 3399314.1855730377], [403702.2693963013, 3399313.6855730377], [403702.7693963013, 3399313.6855730377], [403702.7693963013, 3399312.6855730377], [403703.7693963013, 3399312.6855730377], [403703.7693963013, 3399313.6855730377], [403704.2693963013, 3399313.6855730377], [403704.2693963013, 3399314.6855730377], [403704.7693963013, 3399314.6855730377], [403704.7693963013, 3399316.1855730377], [403705.2693963013, 3399316.1855730377], [403705.2693963013, 3399317.6855730377], [403705.7693963013, 3399317.6855730377], [403705.7693963013, 3399320.1855730377], [403705.2693963013, 3399320.1855730377], [403705.2693963013, 3399322.1855730377], [403704.7693963013, 3399322.1855730377], [403704.7693963013, 3399325.6855730377], [403704.2693963013, 3399325.6855730377], [403704.2693963013, 3399328.1855730377], [403703.7693963013, 3399328.1855730377], [403703.7693963013, 3399330.1855730377], [403703.2693963013, 3399330.1855730377], [403703.2693963013, 3399338.1855730377], [403702.7693963013, 3399338.1855730377], [403702.7693963013, 3399338.6855730377], [403702.2693963013, 3399338.6855730377], [403702.2693963013, 3399339.6855730377], [403701.7693963013, 3399339.6855730377], [403701.7693963013, 3399340.1855730377], [403701.2693963013, 3399340.1855730377], [403701.2693963013, 3399340.6855730377], [403700.7693963013, 3399340.6855730377], [403700.7693963013, 3399341.6855730377], [403700.2693963013, 3399341.6855730377], [403700.2693963013, 3399342.1855730377], [403699.7693963013, 3399342.1855730377], [403699.7693963013, 3399342.6855730377], [403699.2693963013, 3399342.6855730377], [403699.2693963013, 3399343.1855730377], [403698.7693963013, 3399343.1855730377], [403698.7693963013, 3399343.6855730377], [403698.2693963013, 3399343.6855730377], [403698.2693963013, 3399344.1855730377], [403697.2693963013, 3399344.1855730377], [403697.2693963013, 3399344.6855730377], [403696.7693963013, 3399344.6855730377], [403696.7693963013, 3399345.1855730377], [403696.2693963013, 3399345.1855730377], [403696.2693963013, 3399345.6855730377], [403695.7693963013, 3399345.6855730377], [403695.7693963013, 3399346.1855730377], [403695.2693963013, 3399346.1855730377], [403695.2693963013, 3399346.6855730377], [403694.7693963013, 3399346.6855730377], [403694.7693963013, 3399347.1855730377], [403694.2693963013, 3399347.1855730377], [403694.2693963013, 3399347.6855730377], [403693.2693963013, 3399347.6855730377], [403693.2693963013, 3399348.1855730377], [403692.2693963013, 3399348.1855730377], [403692.2693963013, 3399348.6855730377], [403689.7693963013, 3399348.6855730377], [403689.7693963013, 3399348.1855730377], [403687.7693963013, 3399348.1855730377], [403687.7693963013, 3399347.6855730377], [403686.2693963013, 3399347.6855730377], [403686.2693963013, 3399347.1855730377], [403685.2693963013, 3399347.1855730377], [403685.2693963013, 3399346.6855730377], [403684.2693963013, 3399346.6855730377], [403684.2693963013, 3399346.1855730377], [403683.2693963013, 3399346.1855730377], [403683.2693963013, 3399345.6855730377], [403682.7693963013, 3399345.6855730377], [403682.7693963013, 3399345.1855730377], [403681.7693963013, 3399345.1855730377], [403681.7693963013, 3399344.6855730377], [403681.2693963013, 3399344.6855730377], [403681.2693963013, 3399344.1855730377], [403680.7693963013, 3399344.1855730377], [403680.7693963013, 3399343.6855730377], [403679.7693963013, 3399343.6855730377], [403679.7693963013, 3399343.1855730377], [403679.2693963013, 3399343.1855730377], [403679.2693963013, 3399342.6855730377], [403678.7693963013, 3399342.6855730377], [403678.7693963013, 3399315.1855730377], [403679.7693963013, 3399315.1855730377], [403679.7693963013, 3399314.6855730377], [403680.2693963013, 3399314.6855730377], [403680.2693963013, 3399314.1855730377], [403681.2693963013, 3399314.1855730377], [403681.2693963013, 3399313.6855730377], [403681.7693963013, 3399313.6855730377], [403681.7693963013, 3399312.1855730377], [403682.2693963013, 3399312.1855730377], [403682.2693963013, 3399310.6855730377], [403682.7693963013, 3399310.6855730377], [403682.7693963013, 3399309.6855730377], [403683.2693963013, 3399309.6855730377], [403683.2693963013, 3399307.1855730377], [403683.7693963013, 3399307.1855730377], [403683.7693963013, 3399306.1855730377], [403684.2693963013, 3399306.1855730377], [403684.2693963013, 3399305.1855730377], [403684.7693963013, 3399305.1855730377], [403684.7693963013, 3399304.1855730377], [403685.2693963013, 3399304.1855730377], [403685.2693963013, 3399303.6855730377], [403685.7693963013, 3399303.6855730377], [403685.7693963013, 3399303.1855730377], [403686.2693963013, 3399303.1855730377], [403686.2693963013, 3399302.6855730377], [403686.7693963013, 3399302.6855730377], [403686.7693963013, 3399302.1855730377], [403687.2693963013, 3399302.1855730377], [403687.2693963013, 3399301.6855730377], [403688.2693963013, 3399301.6855730377], [403688.2693963013, 3399301.1855730377], [403688.7693963013, 3399301.1855730377], [403688.7693963013, 3399300.6855730377], [403689.7693963013, 3399300.6855730377], [403689.7693963013, 3399300.1855730377], [403690.2693963013, 3399300.1855730377], [403690.2693963013, 3399299.6855730377], [403690.7693963013, 3399299.6855730377], [403690.7693963013, 3399299.1855730377], [403691.2693963013, 3399299.1855730377], [403691.2693963013, 3399298.6855730377], [403691.7693963013, 3399298.6855730377], [403691.7693963013, 3399298.1855730377], [403692.2693963013, 3399298.1855730377], [403692.2693963013, 3399297.6855730377], [403692.7693963013, 3399297.6855730377], [403692.7693963013, 3399297.1855730377], [403693.2693963013, 3399297.1855730377], [403693.2693963013, 3399296.6855730377], [403693.7693963013, 3399296.6855730377], [403693.7693963013, 3399295.6855730377], [403694.2693963013, 3399295.6855730377], [403694.2693963013, 3399295.1855730377], [403694.7693963013, 3399295.1855730377], [403694.7693963013, 3399294.1855730377], [403695.2693963013, 3399294.1855730377], [403695.2693963013, 3399293.6855730377], [403695.7693963013, 3399293.6855730377], [403695.7693963013, 3399293.1855730377], [403696.2693963013, 3399293.1855730377], [403696.2693963013, 3399292.6855730377], [403696.7693963013, 3399292.6855730377], [403696.7693963013, 3399292.1855730377], [403697.2693963013, 3399292.1855730377], [403697.2693963013, 3399291.6855730377], [403697.7693963013, 3399291.6855730377], [403697.7693963013, 3399291.1855730377], [403698.2693963013, 3399291.1855730377], [403698.2693963013, 3399290.6855730377], [403698.7693963013, 3399290.6855730377], [403698.7693963013, 3399290.1855730377], [403699.2693963013, 3399290.1855730377], [403699.2693963013, 3399289.6855730377], [403699.7693963013, 3399289.6855730377], [403699.7693963013, 3399289.1855730377], [403700.2693963013, 3399289.1855730377], [403700.2693963013, 3399288.6855730377], [403700.7693963013, 3399288.6855730377], [403700.7693963013, 3399288.1855730377], [403701.2693963013, 3399288.1855730377], [403701.2693963013, 3399287.6855730377], [403701.7693963013, 3399287.6855730377], [403701.7693963013, 3399287.1855730377], [403702.2693963013, 3399287.1855730377], [403702.2693963013, 3399286.6855730377], [403702.7693963013, 3399286.6855730377], [403702.7693963013, 3399286.1855730377], [403703.2693963013, 3399286.1855730377], [403703.2693963013, 3399285.6855730377], [403703.7693963013, 3399285.6855730377], [403703.7693963013, 3399285.1855730377], [403704.2693963013, 3399285.1855730377], [403704.2693963013, 3399284.6855730377], [403704.7693963013, 3399284.6855730377], [403704.7693963013, 3399284.1855730377], [403705.2693963013, 3399284.1855730377], [403705.2693963013, 3399283.6855730377], [403706.2693963013, 3399283.6855730377], [403706.2693963013, 3399283.1855730377], [403706.7693963013, 3399283.1855730377], [403706.7693963013, 3399282.6855730377], [403707.2693963013, 3399282.6855730377], [403707.2693963013, 3399282.1855730377], [403707.7693963013, 3399282.1855730377], [403707.7693963013, 3399281.6855730377], [403708.2693963013, 3399281.6855730377], [403708.2693963013, 3399281.1855730377], [403709.2693963013, 3399281.1855730377], [403709.2693963013, 3399280.6855730377], [403709.7693963013, 3399280.6855730377], [403709.7693963013, 3399280.1855730377], [403710.2693963013, 3399280.1855730377], [403710.2693963013, 3399279.6855730377], [403711.2693963013, 3399279.6855730377], [403711.2693963013, 3399279.1855730377], [403711.7693963013, 3399279.1855730377], [403711.7693963013, 3399278.6855730377], [403712.2693963013, 3399278.6855730377], [403712.2693963013, 3399278.1855730377], [403712.7693963013, 3399278.1855730377], [403712.7693963013, 3399277.6855730377], [403713.7693963013, 3399277.6855730377], [403713.7693963013, 3399277.1855730377], [403714.2693963013, 3399277.1855730377], [403714.2693963013, 3399276.6855730377], [403714.7693963013, 3399276.6855730377], [403714.7693963013, 3399276.1855730377], [403715.7693963013, 3399276.1855730377], [403715.7693963013, 3399275.6855730377], [403716.2693963013, 3399275.6855730377], [403716.2693963013, 3399275.1855730377], [403716.7693963013, 3399275.1855730377], [403716.7693963013, 3399274.6855730377], [403717.2693963013, 3399274.6855730377], [403717.2693963013, 3399274.1855730377], [403718.2693963013, 3399274.1855730377], [403718.2693963013, 3399273.6855730377], [403718.7693963013, 3399273.6855730377], [403718.7693963013, 3399273.1855730377], [403719.2693963013, 3399273.1855730377], [403719.2693963013, 3399272.6855730377], [403719.7693963013, 3399272.6855730377], [403719.7693963013, 3399272.1855730377], [403720.2693963013, 3399272.1855730377], [403720.2693963013, 3399271.6855730377], [403721.2693963013, 3399271.6855730377], [403721.2693963013, 3399271.1855730377], [403721.7693963013, 3399271.1855730377], [403721.7693963013, 3399270.6855730377], [403722.2693963013, 3399270.6855730377], [403722.2693963013, 3399270.1855730377], [403722.7693963013, 3399270.1855730377], [403722.7693963013, 3399269.6855730377], [403723.7693963013, 3399269.6855730377], [403723.7693963013, 3399269.1855730377], [403724.2693963013, 3399269.1855730377], [403724.2693963013, 3399268.6855730377], [403725.2693963013, 3399268.6855730377], [403725.2693963013, 3399268.1855730377], [403726.2693963013, 3399268.1855730377], [403726.2693963013, 3399267.6855730377], [403727.2693963013, 3399267.6855730377], [403727.2693963013, 3399267.1855730377], [403727.7693963013, 3399267.1855730377], [403727.7693963013, 3399266.6855730377], [403728.7693963013, 3399266.6855730377], [403728.7693963013, 3399266.1855730377], [403729.7693963013, 3399266.1855730377], [403729.7693963013, 3399265.6855730377], [403730.7693963013, 3399265.6855730377], [403730.7693963013, 3399265.1855730377], [403731.7693963013, 3399265.1855730377], [403731.7693963013, 3399264.6855730377], [403732.7693963013, 3399264.6855730377], [403732.7693963013, 3399264.1855730377], [403733.7693963013, 3399264.1855730377], [403733.7693963013, 3399263.6855730377], [403734.7693963013, 3399263.6855730377], [403734.7693963013, 3399263.1855730377], [403735.7693963013, 3399263.1855730377], [403735.7693963013, 3399262.6855730377], [403736.7693963013, 3399262.6855730377], [403736.7693963013, 3399262.1855730377], [403737.7693963013, 3399262.1855730377], [403737.7693963013, 3399261.6855730377], [403738.7693963013, 3399261.6855730377], [403738.7693963013, 3399261.1855730377], [403741.2693963013, 3399261.1855730377], [403741.2693963013, 3399260.6855730377], [403743.2693963013, 3399260.6855730377], [403743.2693963013, 3399261.1855730377], [403743.7693963013, 3399261.1855730377], [403743.7693963013, 3399261.6855730377], [403744.2693963013, 3399261.6855730377], [403744.2693963013, 3399262.1855730377], [403745.2693963013, 3399262.1855730377], [403745.2693963013, 3399262.6855730377], [403751.2693963013, 3399262.6855730377], [403751.2693963013, 3399263.1855730377], [403752.2693963013, 3399263.1855730377], [403752.2693963013, 3399263.6855730377], [403753.7693963013, 3399263.6855730377], [403753.7693963013, 3399264.1855730377], [403755.2693963013, 3399264.1855730377], [403755.2693963013, 3399264.6855730377], [403755.7693963013, 3399264.6855730377], [403755.7693963013, 3399265.1855730377], [403756.2693963013, 3399265.1855730377], [403756.2693963013, 3399265.6855730377], [403756.7693963013, 3399265.6855730377], [403756.7693963013, 3399266.1855730377], [403757.2693963013, 3399266.1855730377], [403757.2693963013, 3399266.6855730377], [403757.7693963013, 3399266.6855730377], [403757.7693963013, 3399267.1855730377], [403758.2693963013, 3399267.1855730377], [403758.2693963013, 3399267.6855730377], [403758.7693963013, 3399267.6855730377], [403758.7693963013, 3399268.1855730377], [403759.2693963013, 3399268.1855730377], [403759.2693963013, 3399269.1855730377], [403759.7693963013, 3399269.1855730377], [403759.7693963013, 3399269.6855730377], [403760.2693963013, 3399269.6855730377], [403760.2693963013, 3399270.1855730377], [403760.7693963013, 3399270.1855730377], [403760.7693963013, 3399270.6855730377], [403761.2693963013, 3399270.6855730377], [403761.2693963013, 3399271.6855730377], [403761.7693963013, 3399271.6855730377], [403761.7693963013, 3399272.1855730377], [403762.2693963013, 3399272.1855730377], [403762.2693963013, 3399272.6855730377], [403762.7693963013, 3399272.6855730377], [403762.7693963013, 3399273.6855730377], [403763.2693963013, 3399273.6855730377], [403763.2693963013, 3399274.1855730377], [403763.7693963013, 3399274.1855730377], [403763.7693963013, 3399274.6855730377], [403764.2693963013, 3399274.6855730377], [403764.2693963013, 3399275.1855730377], [403764.7693963013, 3399275.1855730377], [403764.7693963013, 3399276.1855730377], [403765.2693963013, 3399276.1855730377], [403765.2693963013, 3399277.1855730377], [403765.7693963013, 3399277.1855730377], [403765.7693963013, 3399277.6855730377], [403766.2693963013, 3399277.6855730377], [403766.2693963013, 3399278.1855730377], [403766.7693963013, 3399278.1855730377], [403766.7693963013, 3399279.1855730377], [403767.2693963013, 3399279.1855730377], [403767.2693963013, 3399279.6855730377], [403767.7693963013, 3399279.6855730377], [403767.7693963013, 3399281.1855730377], [403768.2693963013, 3399281.1855730377], [403768.2693963013, 3399285.1855730377], [403767.7693963013, 3399285.1855730377], [403767.7693963013, 3399287.1855730377], [403768.2693963013, 3399287.1855730377], [403768.2693963013, 3399292.1855730377], [403767.7693963013, 3399292.1855730377], [403767.7693963013, 3399293.6855730377], [403767.2693963013, 3399293.6855730377], [403767.2693963013, 3399294.6855730377], [403765.2693963013, 3399294.6855730377], [403765.2693963013, 3399295.1855730377], [403764.7693963013, 3399295.1855730377], [403764.7693963013, 3399295.6855730377], [403764.2693963013, 3399295.6855730377], [403764.2693963013, 3399297.1855730377], [403763.7693963013, 3399297.1855730377], [403763.7693963013, 3399297.6855730377], [403761.7693963013, 3399297.6855730377], [403761.7693963013, 3399297.1855730377], [403761.2693963013, 3399297.1855730377], [403761.2693963013, 3399297.6855730377], [403760.2693963013, 3399297.6855730377], [403760.2693963013, 3399298.1855730377], [403759.2693963013, 3399298.1855730377], [403759.2693963013, 3399298.6855730377], [403758.2693963013, 3399298.6855730377], [403758.2693963013, 3399299.1855730377], [403757.2693963013, 3399299.1855730377], [403757.2693963013, 3399299.6855730377], [403756.7693963013, 3399299.6855730377], [403756.7693963013, 3399300.1855730377], [403756.2693963013, 3399300.1855730377], [403756.2693963013, 3399300.6855730377], [403755.7693963013, 3399300.6855730377], [403755.7693963013, 3399301.6855730377], [403754.7693963013, 3399301.6855730377], [403754.7693963013, 3399302.1855730377], [403753.2693963013, 3399302.1855730377], [403753.2693963013, 3399302.6855730377], [403752.2693963013, 3399302.6855730377], [403752.2693963013, 3399303.1855730377], [403750.7693963013, 3399303.1855730377], [403750.7693963013, 3399303.6855730377], [403748.7693963013, 3399303.6855730377], [403748.7693963013, 3399304.1855730377], [403748.2693963013, 3399304.1855730377], [403748.2693963013, 3399304.6855730377], [403747.2693963013, 3399304.6855730377], [403747.2693963013, 3399305.1855730377], [403746.2693963013, 3399305.1855730377], [403746.2693963013, 3399305.6855730377], [403745.2693963013, 3399305.6855730377], [403745.2693963013, 3399306.1855730377], [403744.7693963013, 3399306.1855730377], [403744.7693963013, 3399306.6855730377], [403744.2693963013, 3399306.6855730377], [403744.2693963013, 3399307.1855730377], [403743.7693963013, 3399307.1855730377], [403743.7693963013, 3399307.6855730377], [403743.2693963013, 3399307.6855730377], [403743.2693963013, 3399308.1855730377], [403742.7693963013, 3399308.1855730377], [403742.7693963013, 3399308.6855730377], [403741.7693963013, 3399308.6855730377], [403741.7693963013, 3399309.1855730377], [403741.2693963013, 3399309.1855730377], [403741.2693963013, 3399310.6855730377], [403740.7693963013, 3399310.6855730377], [403740.7693963013, 3399319.1855730377], [403741.2693963013, 3399319.1855730377], [403741.2693963013, 3399319.6855730377], [403741.7693963013, 3399319.6855730377], [403741.7693963013, 3399320.1855730377], [403742.2693963013, 3399320.1855730377], [403742.2693963013, 3399320.6855730377], [403742.7693963013, 3399320.6855730377], [403742.7693963013, 3399321.1855730377], [403743.7693963013, 3399321.1855730377], [403743.7693963013, 3399321.6855730377], [403748.7693963013, 3399321.6855730377], [403748.7693963013, 3399321.1855730377], [403749.7693963013, 3399321.1855730377], [403749.7693963013, 3399320.6855730377], [403750.7693963013, 3399320.6855730377], [403750.7693963013, 3399320.1855730377], [403752.2693963013, 3399320.1855730377], [403752.2693963013, 3399319.6855730377], [403753.2693963013, 3399319.6855730377], [403753.2693963013, 3399319.1855730377], [403754.2693963013, 3399319.1855730377], [403754.2693963013, 3399318.6855730377], [403755.2693963013, 3399318.6855730377], [403755.2693963013, 3399318.1855730377], [403756.2693963013, 3399318.1855730377], [403756.2693963013, 3399317.6855730377], [403757.2693963013, 3399317.6855730377], [403757.2693963013, 3399317.1855730377], [403757.7693963013, 3399317.1855730377], [403757.7693963013, 3399316.6855730377], [403758.7693963013, 3399316.6855730377], [403758.7693963013, 3399316.1855730377], [403759.2693963013, 3399316.1855730377], [403759.2693963013, 3399315.6855730377], [403759.7693963013, 3399315.6855730377], [403759.7693963013, 3399315.1855730377], [403760.2693963013, 3399315.1855730377], [403760.2693963013, 3399314.6855730377], [403760.7693963013, 3399314.6855730377], [403760.7693963013, 3399314.1855730377], [403761.7693963013, 3399314.1855730377], [403761.7693963013, 3399313.6855730377], [403762.2693963013, 3399313.6855730377], [403762.2693963013, 3399313.1855730377], [403762.7693963013, 3399313.1855730377], [403762.7693963013, 3399312.6855730377], [403763.2693963013, 3399312.6855730377], [403763.2693963013, 3399312.1855730377], [403763.7693963013, 3399312.1855730377], [403763.7693963013, 3399311.6855730377], [403764.2693963013, 3399311.6855730377], [403764.2693963013, 3399311.1855730377], [403764.7693963013, 3399311.1855730377], [403764.7693963013, 3399310.6855730377], [403765.7693963013, 3399310.6855730377], [403765.7693963013, 3399310.1855730377], [403766.2693963013, 3399310.1855730377], [403766.2693963013, 3399309.6855730377], [403766.7693963013, 3399309.6855730377], [403766.7693963013, 3399309.1855730377], [403767.2693963013, 3399309.1855730377], [403767.2693963013, 3399308.6855730377], [403767.7693963013, 3399308.6855730377], [403767.7693963013, 3399308.1855730377], [403768.2693963013, 3399308.1855730377], [403768.2693963013, 3399307.1855730377], [403768.7693963013, 3399307.1855730377], [403768.7693963013, 3399306.6855730377], [403769.2693963013, 3399306.6855730377], [403769.2693963013, 3399306.1855730377], [403769.7693963013, 3399306.1855730377], [403769.7693963013, 3399305.6855730377], [403770.2693963013, 3399305.6855730377], [403770.2693963013, 3399305.1855730377], [403770.7693963013, 3399305.1855730377], [403770.7693963013, 3399304.6855730377], [403771.2693963013, 3399304.6855730377], [403771.2693963013, 3399304.1855730377], [403771.7693963013, 3399304.1855730377], [403771.7693963013, 3399303.6855730377], [403773.2693963013, 3399303.6855730377], [403773.2693963013, 3399303.1855730377], [403774.7693963013, 3399303.1855730377], [403774.7693963013, 3399302.6855730377], [403776.2693963013, 3399302.6855730377], [403776.2693963013, 3399302.1855730377], [403777.2693963013, 3399302.1855730377], [403777.2693963013, 3399301.6855730377], [403777.7693963013, 3399301.6855730377], [403777.7693963013, 3399301.1855730377], [403778.7693963013, 3399301.1855730377], [403778.7693963013, 3399300.6855730377], [403780.7693963013, 3399300.6855730377], [403780.7693963013, 3399301.1855730377], [403781.7693963013, 3399301.1855730377], [403781.7693963013, 3399301.6855730377], [403782.2693963013, 3399301.6855730377], [403782.2693963013, 3399302.1855730377], [403783.2693963013, 3399302.1855730377], [403783.2693963013, 3399302.6855730377], [403783.7693963013, 3399302.6855730377], [403783.7693963013, 3399303.1855730377], [403784.2693963013, 3399303.1855730377], [403784.2693963013, 3399303.6855730377], [403784.7693963013, 3399303.6855730377], [403784.7693963013, 3399304.1855730377], [403785.2693963013, 3399304.1855730377], [403785.2693963013, 3399305.1855730377], [403785.7693963013, 3399305.1855730377], [403785.7693963013, 3399305.6855730377], [403786.2693963013, 3399305.6855730377], [403786.2693963013, 3399306.1855730377], [403786.7693963013, 3399306.1855730377], [403786.7693963013, 3399306.6855730377], [403787.2693963013, 3399306.6855730377], [403787.2693963013, 3399307.6855730377], [403787.7693963013, 3399307.6855730377], [403787.7693963013, 3399308.1855730377], [403788.2693963013, 3399308.1855730377], [403788.2693963013, 3399309.1855730377], [403788.7693963013, 3399309.1855730377], [403788.7693963013, 3399310.1855730377], [403789.2693963013, 3399310.1855730377], [403789.2693963013, 3399310.6855730377], [403789.7693963013, 3399310.6855730377], [403789.7693963013, 3399311.6855730377], [403790.2693963013, 3399311.6855730377], [403790.2693963013, 3399312.6855730377], [403790.7693963013, 3399312.6855730377], [403790.7693963013, 3399313.1855730377], [403791.2693963013, 3399313.1855730377], [403791.2693963013, 3399314.1855730377], [403791.7693963013, 3399314.1855730377], [403791.7693963013, 3399315.1855730377], [403792.2693963013, 3399315.1855730377], [403792.2693963013, 3399316.1855730377], [403792.7693963013, 3399316.1855730377], [403792.7693963013, 3399317.1855730377], [403793.2693963013, 3399317.1855730377], [403793.2693963013, 3399319.1855730377], [403793.7693963013, 3399319.1855730377], [403793.7693963013, 3399322.1855730377], [403792.7693963013, 3399322.1855730377], [403792.7693963013, 3399322.6855730377], [403792.2693963013, 3399322.6855730377], [403792.2693963013, 3399323.6855730377], [403791.7693963013, 3399323.6855730377], [403791.7693963013, 3399324.1855730377], [403791.2693963013, 3399324.1855730377], [403791.2693963013, 3399324.6855730377], [403790.7693963013, 3399324.6855730377], [403790.7693963013, 3399325.6855730377], [403790.2693963013, 3399325.6855730377], [403790.2693963013, 3399326.6855730377], [403790.7693963013, 3399326.6855730377], [403790.7693963013, 3399328.6855730377], [403791.2693963013, 3399328.6855730377], [403791.2693963013, 3399330.1855730377], [403791.7693963013, 3399330.1855730377], [403791.7693963013, 3399331.1855730377], [403792.2693963013, 3399331.1855730377], [403792.2693963013, 3399333.6855730377], [403792.7693963013, 3399333.6855730377], [403792.7693963013, 3399335.1855730377], [403793.2693963013, 3399335.1855730377], [403793.2693963013, 3399337.6855730377], [403793.7693963013, 3399337.6855730377], [403793.7693963013, 3399339.1855730377], [403794.2693963013, 3399339.1855730377], [403794.2693963013, 3399340.1855730377], [403793.7693963013, 3399340.1855730377], [403793.7693963013, 3399341.1855730377], [403793.2693963013, 3399341.1855730377], [403793.2693963013, 3399342.1855730377], [403793.7693963013, 3399342.1855730377], [403793.7693963013, 3399344.1855730377], [403794.2693963013, 3399344.1855730377], [403794.2693963013, 3399344.6855730377], [403794.7693963013, 3399344.6855730377], [403794.7693963013, 3399345.6855730377], [403795.2693963013, 3399345.6855730377], [403795.2693963013, 3399347.1855730377], [403795.7693963013, 3399347.1855730377], [403795.7693963013, 3399348.6855730377], [403796.2693963013, 3399348.6855730377], [403796.2693963013, 3399349.6855730377], [403796.7693963013, 3399349.6855730377], [403796.7693963013, 3399350.6855730377], [403797.2693963013, 3399350.6855730377], [403797.2693963013, 3399351.1855730377], [403797.7693963013, 3399351.1855730377], [403797.7693963013, 3399351.6855730377], [403798.2693963013, 3399351.6855730377], [403798.2693963013, 3399352.1855730377], [403798.7693963013, 3399352.1855730377], [403798.7693963013, 3399351.6855730377], [403799.7693963013, 3399351.6855730377], [403799.7693963013, 3399351.1855730377], [403804.7693963013, 3399351.1855730377], [403804.7693963013, 3399351.6855730377], [403805.7693963013, 3399351.6855730377], [403805.7693963013, 3399352.1855730377], [403807.2693963013, 3399352.1855730377], [403807.2693963013, 3399352.6855730377], [403808.2693963013, 3399352.6855730377], [403808.2693963013, 3399353.1855730377], [403809.2693963013, 3399353.1855730377], [403809.2693963013, 3399353.6855730377], [403810.2693963013, 3399353.6855730377], [403810.2693963013, 3399354.1855730377], [403811.7693963013, 3399354.1855730377], [403811.7693963013, 3399354.6855730377], [403812.2693963013, 3399354.6855730377], [403812.2693963013, 3399355.1855730377], [403813.2693963013, 3399355.1855730377], [403813.2693963013, 3399355.6855730377], [403814.2693963013, 3399355.6855730377], [403814.2693963013, 3399356.1855730377], [403814.7693963013, 3399356.1855730377], [403814.7693963013, 3399356.6855730377], [403815.7693963013, 3399356.6855730377], [403815.7693963013, 3399357.1855730377], [403816.7693963013, 3399357.1855730377], [403816.7693963013, 3399357.6855730377], [403817.2693963013, 3399357.6855730377], [403817.2693963013, 3399358.1855730377], [403817.7693963013, 3399358.1855730377], [403817.7693963013, 3399358.6855730377], [403818.2693963013, 3399358.6855730377], [403818.2693963013, 3399359.1855730377], [403818.7693963013, 3399359.1855730377], [403818.7693963013, 3399359.6855730377], [403819.2693963013, 3399359.6855730377], [403819.2693963013, 3399360.6855730377], [403819.7693963013, 3399360.6855730377], [403819.7693963013, 3399361.6855730377], [403820.2693963013, 3399361.6855730377], [403820.2693963013, 3399362.6855730377], [403820.7693963013, 3399362.6855730377], [403820.7693963013, 3399364.6855730377], [403821.2693963013, 3399364.6855730377], [403821.2693963013, 3399366.1855730377], [403821.7693963013, 3399366.1855730377], [403821.7693963013, 3399367.1855730377], [403822.2693963013, 3399367.1855730377], [403822.2693963013, 3399367.6855730377], [403822.7693963013, 3399367.6855730377], [403822.7693963013, 3399368.6855730377], [403823.2693963013, 3399368.6855730377], [403823.2693963013, 3399369.1855730377], [403823.7693963013, 3399369.1855730377], [403823.7693963013, 3399369.6855730377], [403824.2693963013, 3399369.6855730377], [403824.2693963013, 3399370.6855730377], [403824.7693963013, 3399370.6855730377], [403824.7693963013, 3399371.1855730377], [403825.2693963013, 3399371.1855730377], [403825.2693963013, 3399371.6855730377], [403825.7693963013, 3399371.6855730377], [403825.7693963013, 3399372.6855730377], [403826.2693963013, 3399372.6855730377], [403826.2693963013, 3399373.1855730377], [403826.7693963013, 3399373.1855730377], [403826.7693963013, 3399373.6855730377], [403827.2693963013, 3399373.6855730377], [403827.2693963013, 3399374.6855730377], [403827.7693963013, 3399374.6855730377], [403827.7693963013, 3399375.6855730377], [403828.2693963013, 3399375.6855730377], [403828.2693963013, 3399376.6855730377], [403828.7693963013, 3399376.6855730377], [403828.7693963013, 3399377.6855730377], [403829.2693963013, 3399377.6855730377], [403829.2693963013, 3399378.6855730377], [403829.7693963013, 3399378.6855730377], [403829.7693963013, 3399379.6855730377], [403830.2693963013, 3399379.6855730377], [403830.2693963013, 3399380.6855730377], [403830.7693963013, 3399380.6855730377], [403830.7693963013, 3399381.1855730377], [403831.2693963013, 3399381.1855730377], [403831.2693963013, 3399382.1855730377], [403831.7693963013, 3399382.1855730377], [403831.7693963013, 3399383.1855730377], [403832.2693963013, 3399383.1855730377], [403832.2693963013, 3399383.6855730377], [403832.7693963013, 3399383.6855730377], [403832.7693963013, 3399384.6855730377], [403833.2693963013, 3399384.6855730377], [403833.2693963013, 3399385.1855730377], [403833.7693963013, 3399385.1855730377], [403833.7693963013, 3399385.6855730377], [403834.2693963013, 3399385.6855730377], [403834.2693963013, 3399386.6855730377], [403834.7693963013, 3399386.6855730377], [403834.7693963013, 3399387.1855730377], [403835.2693963013, 3399387.1855730377], [403835.2693963013, 3399387.6855730377], [403835.7693963013, 3399387.6855730377], [403835.7693963013, 3399388.6855730377], [403836.2693963013, 3399388.6855730377], [403836.2693963013, 3399389.1855730377], [403836.7693963013, 3399389.1855730377], [403836.7693963013, 3399389.6855730377], [403837.2693963013, 3399389.6855730377], [403837.2693963013, 3399390.6855730377], [403837.7693963013, 3399390.6855730377], [403837.7693963013, 3399391.1855730377], [403838.2693963013, 3399391.1855730377], [403838.2693963013, 3399391.6855730377], [403838.7693963013, 3399391.6855730377], [403838.7693963013, 3399392.1855730377], [403839.2693963013, 3399392.1855730377], [403839.2693963013, 3399392.6855730377], [403839.7693963013, 3399392.6855730377], [403839.7693963013, 3399393.6855730377], [403840.2693963013, 3399393.6855730377], [403840.2693963013, 3399394.1855730377], [403840.7693963013, 3399394.1855730377], [403840.7693963013, 3399394.6855730377], [403841.2693963013, 3399394.6855730377], [403841.2693963013, 3399395.1855730377], [403841.7693963013, 3399395.1855730377], [403841.7693963013, 3399396.1855730377], [403842.2693963013, 3399396.1855730377], [403842.2693963013, 3399396.6855730377], [403842.7693963013, 3399396.6855730377], [403842.7693963013, 3399397.1855730377], [403843.2693963013, 3399397.1855730377], [403843.2693963013, 3399398.1855730377], [403843.7693963013, 3399398.1855730377], [403843.7693963013, 3399398.6855730377], [403844.2693963013, 3399398.6855730377], [403844.2693963013, 3399399.6855730377], [403844.7693963013, 3399399.6855730377], [403844.7693963013, 3399400.1855730377], [403845.2693963013, 3399400.1855730377], [403845.2693963013, 3399401.1855730377], [403845.7693963013, 3399401.1855730377], [403845.7693963013, 3399401.6855730377], [403846.2693963013, 3399401.6855730377], [403846.2693963013, 3399402.6855730377], [403846.7693963013, 3399402.6855730377], [403846.7693963013, 3399403.6855730377], [403847.2693963013, 3399403.6855730377], [403847.2693963013, 3399404.6855730377], [403847.7693963013, 3399404.6855730377], [403847.7693963013, 3399411.1855730377], [403847.2693963013, 3399411.1855730377], [403847.2693963013, 3399412.6855730377], [403846.7693963013, 3399412.6855730377], [403846.7693963013, 3399413.1855730377], [403846.2693963013, 3399413.1855730377], [403846.2693963013, 3399414.1855730377], [403845.7693963013, 3399414.1855730377], [403845.7693963013, 3399414.6855730377], [403845.2693963013, 3399414.6855730377], [403845.2693963013, 3399415.6855730377], [403844.7693963013, 3399415.6855730377], [403844.7693963013, 3399419.6855730377], [403844.2693963013, 3399419.6855730377], [403844.2693963013, 3399420.1855730377], [403844.7693963013, 3399420.1855730377], [403844.7693963013, 3399421.1855730377], [403845.2693963013, 3399421.1855730377], [403845.2693963013, 3399422.1855730377], [403846.2693963013, 3399422.1855730377], [403846.2693963013, 3399422.6855730377], [403847.2693963013, 3399422.6855730377], [403847.2693963013, 3399423.1855730377], [403847.7693963013, 3399423.1855730377], [403847.7693963013, 3399424.1855730377], [403848.2693963013, 3399424.1855730377], [403848.2693963013, 3399424.6855730377], [403848.7693963013, 3399424.6855730377], [403848.7693963013, 3399425.1855730377], [403849.2693963013, 3399425.1855730377], [403849.2693963013, 3399425.6855730377], [403850.2693963013, 3399425.6855730377], [403850.2693963013, 3399426.1855730377], [403851.2693963013, 3399426.1855730377], [403851.2693963013, 3399426.6855730377], [403851.7693963013, 3399426.6855730377], [403851.7693963013, 3399427.1855730377], [403852.2693963013, 3399427.1855730377], [403852.2693963013, 3399427.6855730377], [403853.2693963013, 3399427.6855730377], [403853.2693963013, 3399428.1855730377], [403853.7693963013, 3399428.1855730377], [403853.7693963013, 3399428.6855730377], [403854.7693963013, 3399428.6855730377], [403854.7693963013, 3399429.1855730377], [403855.2693963013, 3399429.1855730377], [403855.2693963013, 3399429.6855730377], [403856.2693963013, 3399429.6855730377], [403856.2693963013, 3399430.1855730377], [403856.7693963013, 3399430.1855730377], [403856.7693963013, 3399430.6855730377], [403857.7693963013, 3399430.6855730377], [403857.7693963013, 3399431.1855730377], [403858.2693963013, 3399431.1855730377], [403858.2693963013, 3399431.6855730377], [403858.7693963013, 3399431.6855730377], [403858.7693963013, 3399432.1855730377], [403859.2693963013, 3399432.1855730377], [403859.2693963013, 3399432.6855730377], [403859.7693963013, 3399432.6855730377], [403859.7693963013, 3399433.1855730377], [403860.7693963013, 3399433.1855730377], [403860.7693963013, 3399433.6855730377], [403861.2693963013, 3399433.6855730377], [403861.2693963013, 3399434.1855730377], [403862.2693963013, 3399434.1855730377], [403862.2693963013, 3399434.6855730377], [403863.2693963013, 3399434.6855730377], [403863.2693963013, 3399435.1855730377], [403864.2693963013, 3399435.1855730377], [403864.2693963013, 3399435.6855730377], [403865.2693963013, 3399435.6855730377], [403865.2693963013, 3399436.1855730377], [403866.2693963013, 3399436.1855730377], [403866.2693963013, 3399436.6855730377], [403867.7693963013, 3399436.6855730377], [403867.7693963013, 3399437.1855730377], [403871.2693963013, 3399437.1855730377], [403871.2693963013, 3399437.6855730377], [403873.7693963013, 3399437.6855730377], [403873.7693963013, 3399438.1855730377], [403875.7693963013, 3399438.1855730377], [403875.7693963013, 3399438.6855730377], [403876.7693963013, 3399438.6855730377], [403876.7693963013, 3399439.1855730377], [403877.7693963013, 3399439.1855730377], [403877.7693963013, 3399439.6855730377], [403878.2693963013, 3399439.6855730377], [403878.2693963013, 3399440.1855730377], [403879.2693963013, 3399440.1855730377], [403879.2693963013, 3399441.1855730377], [403879.7693963013, 3399441.1855730377], [403879.7693963013, 3399441.6855730377], [403880.2693963013, 3399441.6855730377], [403880.2693963013, 3399442.1855730377], [403880.7693963013, 3399442.1855730377], [403880.7693963013, 3399443.1855730377], [403881.2693963013, 3399443.1855730377], [403881.2693963013, 3399443.6855730377], [403881.7693963013, 3399443.6855730377], [403881.7693963013, 3399444.6855730377], [403882.2693963013, 3399444.6855730377], [403882.2693963013, 3399445.1855730377], [403882.7693963013, 3399445.1855730377], [403882.7693963013, 3399446.1855730377], [403883.2693963013, 3399446.1855730377], [403883.2693963013, 3399447.1855730377], [403883.7693963013, 3399447.1855730377], [403883.7693963013, 3399447.6855730377], [403884.2693963013, 3399447.6855730377], [403884.2693963013, 3399448.6855730377], [403884.7693963013, 3399448.6855730377], [403884.7693963013, 3399449.1855730377], [403885.2693963013, 3399449.1855730377], [403885.2693963013, 3399449.6855730377], [403885.7693963013, 3399449.6855730377], [403885.7693963013, 3399450.1855730377], [403886.2693963013, 3399450.1855730377], [403886.2693963013, 3399450.6855730377], [403887.2693963013, 3399450.6855730377], [403887.2693963013, 3399451.1855730377], [403887.7693963013, 3399451.1855730377], [403887.7693963013, 3399451.6855730377], [403888.2693963013, 3399451.6855730377], [403888.2693963013, 3399452.1855730377], [403888.7693963013, 3399452.1855730377], [403888.7693963013, 3399452.6855730377], [403889.2693963013, 3399452.6855730377], [403889.2693963013, 3399453.1855730377], [403889.7693963013, 3399453.1855730377], [403889.7693963013, 3399453.6855730377], [403890.2693963013, 3399453.6855730377], [403890.2693963013, 3399454.1855730377], [403890.7693963013, 3399454.1855730377], [403890.7693963013, 3399454.6855730377], [403891.2693963013, 3399454.6855730377], [403891.2693963013, 3399455.1855730377], [403891.7693963013, 3399455.1855730377], [403891.7693963013, 3399455.6855730377], [403892.2693963013, 3399455.6855730377], [403892.2693963013, 3399456.6855730377], [403892.7693963013, 3399456.6855730377], [403892.7693963013, 3399457.6855730377], [403893.2693963013, 3399457.6855730377], [403893.2693963013, 3399458.6855730377], [403893.7693963013, 3399458.6855730377], [403893.7693963013, 3399459.6855730377], [403894.2693963013, 3399459.6855730377], [403894.2693963013, 3399460.6855730377], [403894.7693963013, 3399460.6855730377], [403894.7693963013, 3399461.6855730377], [403895.2693963013, 3399461.6855730377], [403895.2693963013, 3399462.1855730377], [403895.7693963013, 3399462.1855730377], [403895.7693963013, 3399462.6855730377], [403896.2693963013, 3399462.6855730377], [403896.2693963013, 3399463.6855730377], [403896.7693963013, 3399463.6855730377], [403896.7693963013, 3399464.6855730377], [403897.2693963013, 3399464.6855730377], [403897.2693963013, 3399465.1855730377], [403897.7693963013, 3399465.1855730377], [403897.7693963013, 3399466.1855730377], [403898.2693963013, 3399466.1855730377], [403898.2693963013, 3399466.6855730377], [403898.7693963013, 3399466.6855730377], [403898.7693963013, 3399467.1855730377], [403899.2693963013, 3399467.1855730377], [403899.2693963013, 3399468.1855730377], [403899.7693963013, 3399468.1855730377], [403899.7693963013, 3399469.6855730377], [403900.2693963013, 3399469.6855730377], [403900.2693963013, 3399471.1855730377], [403900.7693963013, 3399471.1855730377], [403900.7693963013, 3399473.1855730377], [403901.2693963013, 3399473.1855730377], [403901.2693963013, 3399474.1855730377], [403901.7693963013, 3399474.1855730377], [403901.7693963013, 3399475.1855730377], [403902.2693963013, 3399475.1855730377], [403902.2693963013, 3399475.6855730377], [403902.7693963013, 3399475.6855730377], [403902.7693963013, 3399476.1855730377], [403903.2693963013, 3399476.1855730377], [403903.2693963013, 3399476.6855730377], [403903.7693963013, 3399476.6855730377], [403903.7693963013, 3399477.1855730377], [403904.2693963013, 3399477.1855730377], [403904.2693963013, 3399477.6855730377], [403904.7693963013, 3399477.6855730377], [403904.7693963013, 3399478.1855730377], [403905.2693963013, 3399478.1855730377], [403905.2693963013, 3399478.6855730377], [403906.7693963013, 3399478.6855730377], [403906.7693963013, 3399479.1855730377], [403907.7693963013, 3399479.1855730377], [403907.7693963013, 3399479.6855730377], [403908.2693963013, 3399479.6855730377], [403908.2693963013, 3399480.1855730377], [403908.7693963013, 3399480.1855730377], [403908.7693963013, 3399480.6855730377], [403909.2693963013, 3399480.6855730377], [403909.2693963013, 3399481.1855730377], [403909.7693963013, 3399481.1855730377], [403909.7693963013, 3399481.6855730377], [403910.2693963013, 3399481.6855730377], [403910.2693963013, 3399482.1855730377], [403910.7693963013, 3399482.1855730377], [403910.7693963013, 3399483.6855730377], [403911.2693963013, 3399483.6855730377], [403911.2693963013, 3399485.1855730377], [403911.7693963013, 3399485.1855730377], [403911.7693963013, 3399487.1855730377], [403912.2693963013, 3399487.1855730377], [403912.2693963013, 3399489.1855730377], [403912.7693963013, 3399489.1855730377], [403912.7693963013, 3399491.1855730377], [403913.2693963013, 3399491.1855730377], [403913.2693963013, 3399492.6855730377], [403913.7693963013, 3399492.6855730377], [403913.7693963013, 3399493.1855730377], [403914.7693963013, 3399493.1855730377], [403914.7693963013, 3399494.1855730377], [403917.2693963013, 3399494.1855730377], [403917.2693963013, 3399493.1855730377], [403917.7693963013, 3399493.1855730377], [403917.7693963013, 3399492.1855730377], [403918.2693963013, 3399492.1855730377], [403918.2693963013, 3399491.6855730377], [403918.7693963013, 3399491.6855730377], [403918.7693963013, 3399491.1855730377], [403919.2693963013, 3399491.1855730377], [403919.2693963013, 3399491.6855730377], [403919.7693963013, 3399491.6855730377], [403919.7693963013, 3399493.1855730377], [403920.2693963013, 3399493.1855730377], [403920.2693963013, 3399494.6855730377], [403920.7693963013, 3399494.6855730377], [403920.7693963013, 3399495.1855730377], [403921.2693963013, 3399495.1855730377], [403921.2693963013, 3399496.6855730377], [403920.7693963013, 3399496.6855730377], [403920.7693963013, 3399498.1855730377], [403920.2693963013, 3399498.1855730377], [403920.2693963013, 3399499.1855730377], [403919.7693963013, 3399499.1855730377], [403919.7693963013, 3399500.1855730377], [403919.2693963013, 3399500.1855730377], [403919.2693963013, 3399502.1855730377], [403919.7693963013, 3399502.1855730377], [403919.7693963013, 3399504.1855730377], [403920.2693963013, 3399504.1855730377], [403920.2693963013, 3399505.1855730377], [403920.7693963013, 3399505.1855730377], [403920.7693963013, 3399506.1855730377], [403921.2693963013, 3399506.1855730377], [403921.2693963013, 3399507.1855730377], [403921.7693963013, 3399507.1855730377], [403921.7693963013, 3399508.1855730377], [403922.2693963013, 3399508.1855730377], [403922.2693963013, 3399509.1855730377], [403922.7693963013, 3399509.1855730377], [403922.7693963013, 3399509.6855730377], [403923.2693963013, 3399509.6855730377], [403923.2693963013, 3399510.6855730377], [403923.7693963013, 3399510.6855730377], [403923.7693963013, 3399511.1855730377], [403924.2693963013, 3399511.1855730377], [403924.2693963013, 3399511.6855730377], [403882.7693963013, 3399511.6855730377]], [[403768.2693963013, 3399432.6855730377], [403771.2693963013, 3399432.6855730377], [403771.2693963013, 3399432.1855730377], [403771.7693963013, 3399432.1855730377], [403771.7693963013, 3399431.6855730377], [403772.2693963013, 3399431.6855730377], [403772.2693963013, 3399428.6855730377], [403771.7693963013, 3399428.6855730377], [403771.7693963013, 3399427.1855730377], [403771.2693963013, 3399427.1855730377], [403771.2693963013, 3399426.6855730377], [403770.7693963013, 3399426.6855730377], [403770.7693963013, 3399426.1855730377], [403770.2693963013, 3399426.1855730377], [403770.2693963013, 3399425.1855730377], [403769.7693963013, 3399425.1855730377], [403769.7693963013, 3399421.1855730377], [403770.2693963013, 3399421.1855730377], [403770.2693963013, 3399420.6855730377], [403770.7693963013, 3399420.6855730377], [403770.7693963013, 3399419.6855730377], [403771.2693963013, 3399419.6855730377], [403771.2693963013, 3399417.6855730377], [403770.7693963013, 3399417.6855730377], [403770.7693963013, 3399417.1855730377], [403770.2693963013, 3399417.1855730377], [403770.2693963013, 3399416.6855730377], [403769.7693963013, 3399416.6855730377], [403769.7693963013, 3399416.1855730377], [403768.7693963013, 3399416.1855730377], [403768.7693963013, 3399415.6855730377], [403768.2693963013, 3399415.6855730377], [403768.2693963013, 3399415.1855730377], [403767.7693963013, 3399415.1855730377], [403767.7693963013, 3399414.6855730377], [403767.2693963013, 3399414.6855730377], [403767.2693963013, 3399414.1855730377], [403766.7693963013, 3399414.1855730377], [403766.7693963013, 3399413.6855730377], [403766.2693963013, 3399413.6855730377], [403766.2693963013, 3399413.1855730377], [403765.7693963013, 3399413.1855730377], [403765.7693963013, 3399412.6855730377], [403763.7693963013, 3399412.6855730377], [403763.7693963013, 3399413.1855730377], [403762.7693963013, 3399413.1855730377], [403762.7693963013, 3399413.6855730377], [403761.2693963013, 3399413.6855730377], [403761.2693963013, 3399414.1855730377], [403760.7693963013, 3399414.1855730377], [403760.7693963013, 3399414.6855730377], [403760.2693963013, 3399414.6855730377], [403760.2693963013, 3399415.1855730377], [403759.7693963013, 3399415.1855730377], [403759.7693963013, 3399415.6855730377], [403759.2693963013, 3399415.6855730377], [403759.2693963013, 3399416.1855730377], [403758.2693963013, 3399416.1855730377], [403758.2693963013, 3399416.6855730377], [403757.2693963013, 3399416.6855730377], [403757.2693963013, 3399417.1855730377], [403756.7693963013, 3399417.1855730377], [403756.7693963013, 3399417.6855730377], [403756.2693963013, 3399417.6855730377], [403756.2693963013, 3399418.1855730377], [403755.7693963013, 3399418.1855730377], [403755.7693963013, 3399418.6855730377], [403754.7693963013, 3399418.6855730377], [403754.7693963013, 3399419.1855730377], [403754.2693963013, 3399419.1855730377], [403754.2693963013, 3399419.6855730377], [403753.7693963013, 3399419.6855730377], [403753.7693963013, 3399420.1855730377], [403753.2693963013, 3399420.1855730377], [403753.2693963013, 3399420.6855730377], [403752.7693963013, 3399420.6855730377], [403752.7693963013, 3399421.6855730377], [403752.2693963013, 3399421.6855730377], [403752.2693963013, 3399427.6855730377], [403752.7693963013, 3399427.6855730377], [403752.7693963013, 3399428.6855730377], [403753.2693963013, 3399428.6855730377], [403753.2693963013, 3399429.1855730377], [403753.7693963013, 3399429.1855730377], [403753.7693963013, 3399429.6855730377], [403755.2693963013, 3399429.6855730377], [403755.2693963013, 3399430.1855730377], [403756.2693963013, 3399430.1855730377], [403756.2693963013, 3399430.6855730377], [403757.2693963013, 3399430.6855730377], [403757.2693963013, 3399431.1855730377], [403760.2693963013, 3399431.1855730377], [403760.2693963013, 3399431.6855730377], [403764.7693963013, 3399431.6855730377], [403764.7693963013, 3399432.1855730377], [403768.2693963013, 3399432.1855730377], [403768.2693963013, 3399432.6855730377]], [[403819.2693963013, 3399414.1855730377], [403822.7693963013, 3399414.1855730377], [403822.7693963013, 3399413.1855730377], [403822.2693963013, 3399413.1855730377], [403822.2693963013, 3399412.6855730377], [403821.7693963013, 3399412.6855730377], [403821.7693963013, 3399412.1855730377], [403820.2693963013, 3399412.1855730377], [403820.2693963013, 3399412.6855730377], [403819.2693963013, 3399412.6855730377], [403819.2693963013, 3399413.1855730377], [403818.7693963013, 3399413.1855730377], [403818.7693963013, 3399413.6855730377], [403819.2693963013, 3399413.6855730377], [403819.2693963013, 3399414.1855730377]], [[403785.2693963013, 3399344.1855730377], [403789.2693963013, 3399344.1855730377], [403789.2693963013, 3399343.6855730377], [403789.7693963013, 3399343.6855730377], [403789.7693963013, 3399343.1855730377], [403790.2693963013, 3399343.1855730377], [403790.2693963013, 3399342.6855730377], [403790.7693963013, 3399342.6855730377], [403790.7693963013, 3399342.1855730377], [403791.2693963013, 3399342.1855730377], [403791.2693963013, 3399341.1855730377], [403790.7693963013, 3399341.1855730377], [403790.7693963013, 3399340.6855730377], [403790.2693963013, 3399340.6855730377], [403790.2693963013, 3399340.1855730377], [403789.7693963013, 3399340.1855730377], [403789.7693963013, 3399339.6855730377], [403786.7693963013, 3399339.6855730377], [403786.7693963013, 3399340.1855730377], [403785.2693963013, 3399340.1855730377], [403785.2693963013, 3399340.6855730377], [403784.7693963013, 3399340.6855730377], [403784.7693963013, 3399343.1855730377], [403785.2693963013, 3399343.1855730377], [403785.2693963013, 3399344.1855730377]], [[403780.7693963013, 3399331.6855730377], [403782.2693963013, 3399331.6855730377], [403782.2693963013, 3399331.1855730377], [403783.2693963013, 3399331.1855730377], [403783.2693963013, 3399330.6855730377], [403782.7693963013, 3399330.6855730377], [403782.7693963013, 3399330.1855730377], [403782.2693963013, 3399330.1855730377], [403782.2693963013, 3399329.6855730377], [403780.7693963013, 3399329.6855730377], [403780.7693963013, 3399331.6855730377]]]}, "properties": {"id": "seg_005", "source": "seg", "area_m2": 21417.0, "layout": "垂直式", "coef_m2": 28, "capacity": 765, "cap_min": 637, "cap_max": 956, "cx": 403789.0, "cy": 3399386.4}}, {"type": "Feature", "geometry": {"type": "Polygon", "coordinates": [[[403561.7693963013, 3399222.6855730377], [403561.7693963013, 3399222.1855730377], [403560.7693963013, 3399222.1855730377], [403560.7693963013, 3399221.6855730377], [403560.2693963013, 3399221.6855730377], [403560.2693963013, 3399221.1855730377], [403559.7693963013, 3399221.1855730377], [403559.7693963013, 3399220.6855730377], [403559.2693963013, 3399220.6855730377], [403559.2693963013, 3399220.1855730377], [403558.7693963013, 3399220.1855730377], [403558.7693963013, 3399219.6855730377], [403558.2693963013, 3399219.6855730377], [403558.2693963013, 3399218.6855730377], [403557.7693963013, 3399218.6855730377], [403557.7693963013, 3399218.1855730377], [403557.2693963013, 3399218.1855730377], [403557.2693963013, 3399217.6855730377], [403556.7693963013, 3399217.6855730377], [403556.7693963013, 3399217.1855730377], [403556.2693963013, 3399217.1855730377], [403556.2693963013, 3399216.1855730377], [403555.7693963013, 3399216.1855730377], [403555.7693963013, 3399215.6855730377], [403555.2693963013, 3399215.6855730377], [403555.2693963013, 3399214.6855730377], [403554.7693963013, 3399214.6855730377], [403554.7693963013, 3399214.1855730377], [403554.2693963013, 3399214.1855730377], [403554.2693963013, 3399213.1855730377], [403553.7693963013, 3399213.1855730377], [403553.7693963013, 3399212.6855730377], [403553.2693963013, 3399212.6855730377], [403553.2693963013, 3399211.6855730377], [403552.7693963013, 3399211.6855730377], [403552.7693963013, 3399210.6855730377], [403552.2693963013, 3399210.6855730377], [403552.2693963013, 3399209.6855730377], [403551.7693963013, 3399209.6855730377], [403551.7693963013, 3399208.6855730377], [403551.2693963013, 3399208.6855730377], [403551.2693963013, 3399207.1855730377], [403550.7693963013, 3399207.1855730377], [403550.7693963013, 3399205.6855730377], [403550.2693963013, 3399205.6855730377], [403550.2693963013, 3399204.1855730377], [403549.7693963013, 3399204.1855730377], [403549.7693963013, 3399202.6855730377], [403549.2693963013, 3399202.6855730377], [403549.2693963013, 3399200.6855730377], [403548.7693963013, 3399200.6855730377], [403548.7693963013, 3399199.1855730377], [403548.2693963013, 3399199.1855730377], [403548.2693963013, 3399198.1855730377], [403547.7693963013, 3399198.1855730377], [403547.7693963013, 3399197.1855730377], [403547.2693963013, 3399197.1855730377], [403547.2693963013, 3399196.6855730377], [403546.7693963013, 3399196.6855730377], [403546.7693963013, 3399196.1855730377], [403546.2693963013, 3399196.1855730377], [403546.2693963013, 3399186.1855730377], [403546.7693963013, 3399186.1855730377], [403546.7693963013, 3399185.6855730377], [403547.2693963013, 3399185.6855730377], [403547.2693963013, 3399185.1855730377], [403548.7693963013, 3399185.1855730377], [403548.7693963013, 3399184.6855730377], [403549.7693963013, 3399184.6855730377], [403549.7693963013, 3399184.1855730377], [403550.7693963013, 3399184.1855730377], [403550.7693963013, 3399183.6855730377], [403551.2693963013, 3399183.6855730377], [403551.2693963013, 3399183.1855730377], [403552.2693963013, 3399183.1855730377], [403552.2693963013, 3399182.6855730377], [403552.7693963013, 3399182.6855730377], [403552.7693963013, 3399182.1855730377], [403553.2693963013, 3399182.1855730377], [403553.2693963013, 3399181.6855730377], [403553.7693963013, 3399181.6855730377], [403553.7693963013, 3399181.1855730377], [403554.2693963013, 3399181.1855730377], [403554.2693963013, 3399180.6855730377], [403554.7693963013, 3399180.6855730377], [403554.7693963013, 3399180.1855730377], [403555.7693963013, 3399180.1855730377], [403555.7693963013, 3399179.1855730377], [403556.2693963013, 3399179.1855730377], [403556.2693963013, 3399178.6855730377], [403556.7693963013, 3399178.6855730377], [403556.7693963013, 3399178.1855730377], [403557.2693963013, 3399178.1855730377], [403557.2693963013, 3399177.6855730377], [403557.7693963013, 3399177.6855730377], [403557.7693963013, 3399177.1855730377], [403558.7693963013, 3399177.1855730377], [403558.7693963013, 3399176.6855730377], [403559.2693963013, 3399176.6855730377], [403559.2693963013, 3399176.1855730377], [403560.2693963013, 3399176.1855730377], [403560.2693963013, 3399175.6855730377], [403560.7693963013, 3399175.6855730377], [403560.7693963013, 3399175.1855730377], [403561.7693963013, 3399175.1855730377], [403561.7693963013, 3399174.6855730377], [403562.2693963013, 3399174.6855730377], [403562.2693963013, 3399174.1855730377], [403563.2693963013, 3399174.1855730377], [403563.2693963013, 3399173.6855730377], [403564.2693963013, 3399173.6855730377], [403564.2693963013, 3399173.1855730377], [403565.2693963013, 3399173.1855730377], [403565.2693963013, 3399172.6855730377], [403566.2693963013, 3399172.6855730377], [403566.2693963013, 3399172.1855730377], [403567.2693963013, 3399172.1855730377], [403567.2693963013, 3399171.6855730377], [403567.7693963013, 3399171.6855730377], [403567.7693963013, 3399171.1855730377], [403568.7693963013, 3399171.1855730377], [403568.7693963013, 3399170.6855730377], [403569.2693963013, 3399170.6855730377], [403569.2693963013, 3399170.1855730377], [403570.2693963013, 3399170.1855730377], [403570.2693963013, 3399169.6855730377], [403571.2693963013, 3399169.6855730377], [403571.2693963013, 3399169.1855730377], [403571.7693963013, 3399169.1855730377], [403571.7693963013, 3399168.6855730377], [403572.7693963013, 3399168.6855730377], [403572.7693963013, 3399168.1855730377], [403573.7693963013, 3399168.1855730377], [403573.7693963013, 3399167.6855730377], [403574.2693963013, 3399167.6855730377], [403574.2693963013, 3399167.1855730377], [403574.7693963013, 3399167.1855730377], [403574.7693963013, 3399166.6855730377], [403575.2693963013, 3399166.6855730377], [403575.2693963013, 3399166.1855730377], [403575.7693963013, 3399166.1855730377], [403575.7693963013, 3399165.6855730377], [403576.7693963013, 3399165.6855730377], [403576.7693963013, 3399165.1855730377], [403577.2693963013, 3399165.1855730377], [403577.2693963013, 3399164.6855730377], [403577.7693963013, 3399164.6855730377], [403577.7693963013, 3399164.1855730377], [403578.2693963013, 3399164.1855730377], [403578.2693963013, 3399163.6855730377], [403579.2693963013, 3399163.6855730377], [403579.2693963013, 3399163.1855730377], [403579.7693963013, 3399163.1855730377], [403579.7693963013, 3399162.6855730377], [403580.2693963013, 3399162.6855730377], [403580.2693963013, 3399162.1855730377], [403581.2693963013, 3399162.1855730377], [403581.2693963013, 3399161.6855730377], [403581.7693963013, 3399161.6855730377], [403581.7693963013, 3399161.1855730377], [403582.7693963013, 3399161.1855730377], [403582.7693963013, 3399160.6855730377], [403583.7693963013, 3399160.6855730377], [403583.7693963013, 3399160.1855730377], [403586.7693963013, 3399160.1855730377], [403586.7693963013, 3399159.6855730377], [403587.7693963013, 3399159.6855730377], [403587.7693963013, 3399160.1855730377], [403589.2693963013, 3399160.1855730377], [403589.2693963013, 3399160.6855730377], [403589.7693963013, 3399160.6855730377], [403589.7693963013, 3399161.1855730377], [403590.2693963013, 3399161.1855730377], [403590.2693963013, 3399162.6855730377], [403590.7693963013, 3399162.6855730377], [403590.7693963013, 3399164.1855730377], [403590.2693963013, 3399164.1855730377], [403590.2693963013, 3399166.1855730377], [403589.7693963013, 3399166.1855730377], [403589.7693963013, 3399167.1855730377], [403589.2693963013, 3399167.1855730377], [403589.2693963013, 3399168.6855730377], [403588.7693963013, 3399168.6855730377], [403588.7693963013, 3399170.1855730377], [403588.2693963013, 3399170.1855730377], [403588.2693963013, 3399172.1855730377], [403587.7693963013, 3399172.1855730377], [403587.7693963013, 3399173.6855730377], [403587.2693963013, 3399173.6855730377], [403587.2693963013, 3399180.6855730377], [403587.7693963013, 3399180.6855730377], [403587.7693963013, 3399182.1855730377], [403588.2693963013, 3399182.1855730377], [403588.2693963013, 3399187.6855730377], [403588.7693963013, 3399187.6855730377], [403588.7693963013, 3399188.6855730377], [403589.2693963013, 3399188.6855730377], [403589.2693963013, 3399189.6855730377], [403589.7693963013, 3399189.6855730377], [403589.7693963013, 3399190.1855730377], [403590.2693963013, 3399190.1855730377], [403590.2693963013, 3399190.6855730377], [403590.7693963013, 3399190.6855730377], [403590.7693963013, 3399191.1855730377], [403591.2693963013, 3399191.1855730377], [403591.2693963013, 3399191.6855730377], [403591.7693963013, 3399191.6855730377], [403591.7693963013, 3399192.1855730377], [403592.2693963013, 3399192.1855730377], [403592.2693963013, 3399193.1855730377], [403592.7693963013, 3399193.1855730377], [403592.7693963013, 3399193.6855730377], [403593.2693963013, 3399193.6855730377], [403593.2693963013, 3399194.1855730377], [403593.7693963013, 3399194.1855730377], [403593.7693963013, 3399195.1855730377], [403594.2693963013, 3399195.1855730377], [403594.2693963013, 3399196.6855730377], [403593.7693963013, 3399196.6855730377], [403593.7693963013, 3399198.1855730377], [403593.2693963013, 3399198.1855730377], [403593.2693963013, 3399199.6855730377], [403592.7693963013, 3399199.6855730377], [403592.7693963013, 3399200.6855730377], [403592.2693963013, 3399200.6855730377], [403592.2693963013, 3399201.1855730377], [403591.7693963013, 3399201.1855730377], [403591.7693963013, 3399201.6855730377], [403591.2693963013, 3399201.6855730377], [403591.2693963013, 3399202.1855730377], [403590.7693963013, 3399202.1855730377], [403590.7693963013, 3399202.6855730377], [403590.2693963013, 3399202.6855730377], [403590.2693963013, 3399203.1855730377], [403589.2693963013, 3399203.1855730377], [403589.2693963013, 3399203.6855730377], [403588.7693963013, 3399203.6855730377], [403588.7693963013, 3399204.1855730377], [403588.2693963013, 3399204.1855730377], [403588.2693963013, 3399204.6855730377], [403587.7693963013, 3399204.6855730377], [403587.7693963013, 3399205.1855730377], [403586.7693963013, 3399205.1855730377], [403586.7693963013, 3399206.1855730377], [403586.2693963013, 3399206.1855730377], [403586.2693963013, 3399206.6855730377], [403585.7693963013, 3399206.6855730377], [403585.7693963013, 3399207.1855730377], [403585.2693963013, 3399207.1855730377], [403585.2693963013, 3399207.6855730377], [403584.7693963013, 3399207.6855730377], [403584.7693963013, 3399208.1855730377], [403584.2693963013, 3399208.1855730377], [403584.2693963013, 3399208.6855730377], [403583.7693963013, 3399208.6855730377], [403583.7693963013, 3399209.1855730377], [403583.2693963013, 3399209.1855730377], [403583.2693963013, 3399209.6855730377], [403582.2693963013, 3399209.6855730377], [403582.2693963013, 3399210.1855730377], [403581.7693963013, 3399210.1855730377], [403581.7693963013, 3399210.6855730377], [403581.2693963013, 3399210.6855730377], [403581.2693963013, 3399211.1855730377], [403580.7693963013, 3399211.1855730377], [403580.7693963013, 3399211.6855730377], [403580.2693963013, 3399211.6855730377], [403580.2693963013, 3399212.1855730377], [403579.2693963013, 3399212.1855730377], [403579.2693963013, 3399212.6855730377], [403578.7693963013, 3399212.6855730377], [403578.7693963013, 3399213.1855730377], [403578.2693963013, 3399213.1855730377], [403578.2693963013, 3399213.6855730377], [403577.7693963013, 3399213.6855730377], [403577.7693963013, 3399214.1855730377], [403577.2693963013, 3399214.1855730377], [403577.2693963013, 3399214.6855730377], [403576.2693963013, 3399214.6855730377], [403576.2693963013, 3399215.1855730377], [403575.7693963013, 3399215.1855730377], [403575.7693963013, 3399215.6855730377], [403574.7693963013, 3399215.6855730377], [403574.7693963013, 3399216.1855730377], [403573.7693963013, 3399216.1855730377], [403573.7693963013, 3399216.6855730377], [403573.2693963013, 3399216.6855730377], [403573.2693963013, 3399217.1855730377], [403572.7693963013, 3399217.1855730377], [403572.7693963013, 3399217.6855730377], [403572.2693963013, 3399217.6855730377], [403572.2693963013, 3399218.1855730377], [403571.7693963013, 3399218.1855730377], [403571.7693963013, 3399218.6855730377], [403571.2693963013, 3399218.6855730377], [403571.2693963013, 3399219.1855730377], [403570.7693963013, 3399219.1855730377], [403570.7693963013, 3399220.1855730377], [403570.2693963013, 3399220.1855730377], [403570.2693963013, 3399220.6855730377], [403569.7693963013, 3399220.6855730377], [403569.7693963013, 3399221.1855730377], [403569.2693963013, 3399221.1855730377], [403569.2693963013, 3399221.6855730377], [403568.7693963013, 3399221.6855730377], [403568.7693963013, 3399222.1855730377], [403567.7693963013, 3399222.1855730377], [403567.7693963013, 3399222.6855730377], [403561.7693963013, 3399222.6855730377]]]}, "properties": {"id": "seg_006", "source": "seg", "area_m2": 1838.2, "layout": "垂直式", "coef_m2": 28, "capacity": 66, "cap_min": 55, "cap_max": 82, "cx": 403568.8, "cy": 3399191.4}}, {"type": "Feature", "geometry": {"type": "Polygon", "coordinates": [[[404685.7693963013, 3399147.6855730377], [404685.7693963013, 3399147.1855730377], [404685.2693963013, 3399147.1855730377], [404685.2693963013, 3399146.6855730377], [404684.7693963013, 3399146.6855730377], [404684.7693963013, 3399146.1855730377], [404683.7693963013, 3399146.1855730377], [404683.7693963013, 3399145.6855730377], [404682.7693963013, 3399145.6855730377], [404682.7693963013, 3399145.1855730377], [404682.2693963013, 3399145.1855730377], [404682.2693963013, 3399144.6855730377], [404681.2693963013, 3399144.6855730377], [404681.2693963013, 3399144.1855730377], [404680.7693963013, 3399144.1855730377], [404680.7693963013, 3399143.6855730377], [404680.2693963013, 3399143.6855730377], [404680.2693963013, 3399143.1855730377], [404679.2693963013, 3399143.1855730377], [404679.2693963013, 3399142.6855730377], [404678.7693963013, 3399142.6855730377], [404678.7693963013, 3399142.1855730377], [404677.7693963013, 3399142.1855730377], [404677.7693963013, 3399141.6855730377], [404676.7693963013, 3399141.6855730377], [404676.7693963013, 3399141.1855730377], [404676.2693963013, 3399141.1855730377], [404676.2693963013, 3399140.6855730377], [404674.7693963013, 3399140.6855730377], [404674.7693963013, 3399140.1855730377], [404673.7693963013, 3399140.1855730377], [404673.7693963013, 3399139.6855730377], [404672.2693963013, 3399139.6855730377], [404672.2693963013, 3399139.1855730377], [404670.7693963013, 3399139.1855730377], [404670.7693963013, 3399138.6855730377], [404668.7693963013, 3399138.6855730377], [404668.7693963013, 3399138.1855730377], [404667.7693963013, 3399138.1855730377], [404667.7693963013, 3399137.6855730377], [404666.7693963013, 3399137.6855730377], [404666.7693963013, 3399137.1855730377], [404665.7693963013, 3399137.1855730377], [404665.7693963013, 3399136.6855730377], [404664.7693963013, 3399136.6855730377], [404664.7693963013, 3399136.1855730377], [404663.7693963013, 3399136.1855730377], [404663.7693963013, 3399135.6855730377], [404663.2693963013, 3399135.6855730377], [404663.2693963013, 3399135.1855730377], [404662.2693963013, 3399135.1855730377], [404662.2693963013, 3399134.6855730377], [404661.7693963013, 3399134.6855730377], [404661.7693963013, 3399134.1855730377], [404661.2693963013, 3399134.1855730377], [404661.2693963013, 3399133.6855730377], [404660.7693963013, 3399133.6855730377], [404660.7693963013, 3399133.1855730377], [404660.2693963013, 3399133.1855730377], [404660.2693963013, 3399132.6855730377], [404659.7693963013, 3399132.6855730377], [404659.7693963013, 3399131.6855730377], [404659.2693963013, 3399131.6855730377], [404659.2693963013, 3399131.1855730377], [404658.7693963013, 3399131.1855730377], [404658.7693963013, 3399130.6855730377], [404658.2693963013, 3399130.6855730377], [404658.2693963013, 3399130.1855730377], [404657.7693963013, 3399130.1855730377], [404657.7693963013, 3399129.6855730377], [404657.2693963013, 3399129.6855730377], [404657.2693963013, 3399128.6855730377], [404656.7693963013, 3399128.6855730377], [404656.7693963013, 3399128.1855730377], [404656.2693963013, 3399128.1855730377], [404656.2693963013, 3399127.6855730377], [404655.7693963013, 3399127.6855730377], [404655.7693963013, 3399127.1855730377], [404655.2693963013, 3399127.1855730377], [404655.2693963013, 3399126.1855730377], [404654.7693963013, 3399126.1855730377], [404654.7693963013, 3399125.1855730377], [404654.2693963013, 3399125.1855730377], [404654.2693963013, 3399122.1855730377], [404654.7693963013, 3399122.1855730377], [404654.7693963013, 3399121.1855730377], [404655.2693963013, 3399121.1855730377], [404655.2693963013, 3399120.6855730377], [404655.7693963013, 3399120.6855730377], [404655.7693963013, 3399120.1855730377], [404656.2693963013, 3399120.1855730377], [404656.2693963013, 3399119.6855730377], [404656.7693963013, 3399119.6855730377], [404656.7693963013, 3399119.1855730377], [404657.2693963013, 3399119.1855730377], [404657.2693963013, 3399118.6855730377], [404657.7693963013, 3399118.6855730377], [404657.7693963013, 3399118.1855730377], [404658.2693963013, 3399118.1855730377], [404658.2693963013, 3399117.6855730377], [404658.7693963013, 3399117.6855730377], [404658.7693963013, 3399117.1855730377], [404659.2693963013, 3399117.1855730377], [404659.2693963013, 3399116.6855730377], [404659.7693963013, 3399116.6855730377], [404659.7693963013, 3399116.1855730377], [404660.2693963013, 3399116.1855730377], [404660.2693963013, 3399115.6855730377], [404660.7693963013, 3399115.6855730377], [404660.7693963013, 3399114.6855730377], [404661.2693963013, 3399114.6855730377], [404661.2693963013, 3399114.1855730377], [404661.7693963013, 3399114.1855730377], [404661.7693963013, 3399113.1855730377], [404662.2693963013, 3399113.1855730377], [404662.2693963013, 3399112.6855730377], [404662.7693963013, 3399112.6855730377], [404662.7693963013, 3399112.1855730377], [404663.2693963013, 3399112.1855730377], [404663.2693963013, 3399111.6855730377], [404663.7693963013, 3399111.6855730377], [404663.7693963013, 3399111.1855730377], [404664.2693963013, 3399111.1855730377], [404664.2693963013, 3399110.6855730377], [404664.7693963013, 3399110.6855730377], [404664.7693963013, 3399109.6855730377], [404665.2693963013, 3399109.6855730377], [404665.2693963013, 3399109.1855730377], [404665.7693963013, 3399109.1855730377], [404665.7693963013, 3399108.1855730377], [404666.2693963013, 3399108.1855730377], [404666.2693963013, 3399107.6855730377], [404666.7693963013, 3399107.6855730377], [404666.7693963013, 3399107.1855730377], [404667.2693963013, 3399107.1855730377], [404667.2693963013, 3399106.1855730377], [404667.7693963013, 3399106.1855730377], [404667.7693963013, 3399105.6855730377], [404668.2693963013, 3399105.6855730377], [404668.2693963013, 3399104.6855730377], [404668.7693963013, 3399104.6855730377], [404668.7693963013, 3399104.1855730377], [404669.2693963013, 3399104.1855730377], [404669.2693963013, 3399103.6855730377], [404669.7693963013, 3399103.6855730377], [404669.7693963013, 3399102.6855730377], [404670.2693963013, 3399102.6855730377], [404670.2693963013, 3399101.6855730377], [404670.7693963013, 3399101.6855730377], [404670.7693963013, 3399101.1855730377], [404671.2693963013, 3399101.1855730377], [404671.2693963013, 3399100.1855730377], [404671.7693963013, 3399100.1855730377], [404671.7693963013, 3399099.6855730377], [404672.2693963013, 3399099.6855730377], [404672.2693963013, 3399098.6855730377], [404672.7693963013, 3399098.6855730377], [404672.7693963013, 3399098.1855730377], [404673.2693963013, 3399098.1855730377], [404673.2693963013, 3399097.6855730377], [404673.7693963013, 3399097.6855730377], [404673.7693963013, 3399097.1855730377], [404674.2693963013, 3399097.1855730377], [404674.2693963013, 3399096.6855730377], [404674.7693963013, 3399096.6855730377], [404674.7693963013, 3399096.1855730377], [404675.7693963013, 3399096.1855730377], [404675.7693963013, 3399095.6855730377], [404676.7693963013, 3399095.6855730377], [404676.7693963013, 3399095.1855730377], [404677.7693963013, 3399095.1855730377], [404677.7693963013, 3399094.6855730377], [404678.7693963013, 3399094.6855730377], [404678.7693963013, 3399094.1855730377], [404679.7693963013, 3399094.1855730377], [404679.7693963013, 3399093.6855730377], [404680.7693963013, 3399093.6855730377], [404680.7693963013, 3399093.1855730377], [404681.2693963013, 3399093.1855730377], [404681.2693963013, 3399092.6855730377], [404681.7693963013, 3399092.6855730377], [404681.7693963013, 3399092.1855730377], [404682.2693963013, 3399092.1855730377], [404682.2693963013, 3399091.6855730377], [404682.7693963013, 3399091.6855730377], [404682.7693963013, 3399091.1855730377], [404683.2693963013, 3399091.1855730377], [404683.2693963013, 3399090.6855730377], [404683.7693963013, 3399090.6855730377], [404683.7693963013, 3399090.1855730377], [404684.2693963013, 3399090.1855730377], [404684.2693963013, 3399089.6855730377], [404684.7693963013, 3399089.6855730377], [404684.7693963013, 3399088.6855730377], [404685.2693963013, 3399088.6855730377], [404685.2693963013, 3399088.1855730377], [404685.7693963013, 3399088.1855730377], [404685.7693963013, 3399087.1855730377], [404686.2693963013, 3399087.1855730377], [404686.2693963013, 3399086.6855730377], [404686.7693963013, 3399086.6855730377], [404686.7693963013, 3399086.1855730377], [404687.2693963013, 3399086.1855730377], [404687.2693963013, 3399085.1855730377], [404687.7693963013, 3399085.1855730377], [404687.7693963013, 3399084.6855730377], [404688.2693963013, 3399084.6855730377], [404688.2693963013, 3399084.1855730377], [404688.7693963013, 3399084.1855730377], [404688.7693963013, 3399083.6855730377], [404689.2693963013, 3399083.6855730377], [404689.2693963013, 3399083.1855730377], [404689.7693963013, 3399083.1855730377], [404689.7693963013, 3399082.6855730377], [404690.2693963013, 3399082.6855730377], [404690.2693963013, 3399082.1855730377], [404690.7693963013, 3399082.1855730377], [404690.7693963013, 3399081.6855730377], [404691.7693963013, 3399081.6855730377], [404691.7693963013, 3399081.1855730377], [404693.2693963013, 3399081.1855730377], [404693.2693963013, 3399080.6855730377], [404694.2693963013, 3399080.6855730377], [404694.2693963013, 3399147.6855730377], [404685.7693963013, 3399147.6855730377]]]}, "properties": {"id": "seg_007", "source": "seg", "area_m2": 1619.8, "layout": "垂直式", "coef_m2": 28, "capacity": 58, "cap_min": 48, "cap_max": 72, "cx": 404677.8, "cy": 3399114.4}}, {"type": "Feature", "geometry": {"type": "Polygon", "coordinates": [[[402944.2693963013, 3399063.6855730377], [402944.2693963013, 3399046.6855730377], [402944.7693963013, 3399046.6855730377], [402944.7693963013, 3399045.6855730377], [402945.2693963013, 3399045.6855730377], [402945.2693963013, 3399045.1855730377], [402945.7693963013, 3399045.1855730377], [402945.7693963013, 3399044.6855730377], [402946.2693963013, 3399044.6855730377], [402946.2693963013, 3399043.6855730377], [402946.7693963013, 3399043.6855730377], [402946.7693963013, 3399042.6855730377], [402947.2693963013, 3399042.6855730377], [402947.2693963013, 3399042.1855730377], [402947.7693963013, 3399042.1855730377], [402947.7693963013, 3399041.6855730377], [402948.2693963013, 3399041.6855730377], [402948.2693963013, 3399040.6855730377], [402948.7693963013, 3399040.6855730377], [402948.7693963013, 3399040.1855730377], [402949.2693963013, 3399040.1855730377], [402949.2693963013, 3399039.6855730377], [402949.7693963013, 3399039.6855730377], [402949.7693963013, 3399038.6855730377], [402950.2693963013, 3399038.6855730377], [402950.2693963013, 3399038.1855730377], [402950.7693963013, 3399038.1855730377], [402950.7693963013, 3399037.6855730377], [402951.2693963013, 3399037.6855730377], [402951.2693963013, 3399037.1855730377], [402951.7693963013, 3399037.1855730377], [402951.7693963013, 3399036.1855730377], [402952.2693963013, 3399036.1855730377], [402952.2693963013, 3399035.6855730377], [402952.7693963013, 3399035.6855730377], [402952.7693963013, 3399035.1855730377], [402953.2693963013, 3399035.1855730377], [402953.2693963013, 3399034.6855730377], [402953.7693963013, 3399034.6855730377], [402953.7693963013, 3399034.1855730377], [402954.2693963013, 3399034.1855730377], [402954.2693963013, 3399033.6855730377], [402954.7693963013, 3399033.6855730377], [402954.7693963013, 3399033.1855730377], [402955.7693963013, 3399033.1855730377], [402955.7693963013, 3399032.6855730377], [402956.2693963013, 3399032.6855730377], [402956.2693963013, 3399032.1855730377], [402956.7693963013, 3399032.1855730377], [402956.7693963013, 3399031.6855730377], [402957.2693963013, 3399031.6855730377], [402957.2693963013, 3399031.1855730377], [402957.7693963013, 3399031.1855730377], [402957.7693963013, 3399030.6855730377], [402958.2693963013, 3399030.6855730377], [402958.2693963013, 3399030.1855730377], [402958.7693963013, 3399030.1855730377], [402958.7693963013, 3399029.6855730377], [402959.7693963013, 3399029.6855730377], [402959.7693963013, 3399029.1855730377], [402960.2693963013, 3399029.1855730377], [402960.2693963013, 3399028.6855730377], [402961.2693963013, 3399028.6855730377], [402961.2693963013, 3399028.1855730377], [402961.7693963013, 3399028.1855730377], [402961.7693963013, 3399027.6855730377], [402962.2693963013, 3399027.6855730377], [402962.2693963013, 3399027.1855730377], [402962.7693963013, 3399027.1855730377], [402962.7693963013, 3399026.6855730377], [402963.2693963013, 3399026.6855730377], [402963.2693963013, 3399026.1855730377], [402963.7693963013, 3399026.1855730377], [402963.7693963013, 3399025.6855730377], [402964.2693963013, 3399025.6855730377], [402964.2693963013, 3399025.1855730377], [402964.7693963013, 3399025.1855730377], [402964.7693963013, 3399024.6855730377], [402965.2693963013, 3399024.6855730377], [402965.2693963013, 3399024.1855730377], [402965.7693963013, 3399024.1855730377], [402965.7693963013, 3399023.6855730377], [402966.2693963013, 3399023.6855730377], [402966.2693963013, 3399022.6855730377], [402966.7693963013, 3399022.6855730377], [402966.7693963013, 3399022.1855730377], [402967.2693963013, 3399022.1855730377], [402967.2693963013, 3399021.6855730377], [402967.7693963013, 3399021.6855730377], [402967.7693963013, 3399021.1855730377], [402968.2693963013, 3399021.1855730377], [402968.2693963013, 3399020.6855730377], [402969.2693963013, 3399020.6855730377], [402969.2693963013, 3399020.1855730377], [402970.2693963013, 3399020.1855730377], [402970.2693963013, 3399019.6855730377], [402972.7693963013, 3399019.6855730377], [402972.7693963013, 3399019.1855730377], [402974.2693963013, 3399019.1855730377], [402974.2693963013, 3399019.6855730377], [402977.2693963013, 3399019.6855730377], [402977.2693963013, 3399020.1855730377], [402979.7693963013, 3399020.1855730377], [402979.7693963013, 3399020.6855730377], [402981.2693963013, 3399020.6855730377], [402981.2693963013, 3399021.1855730377], [402982.7693963013, 3399021.1855730377], [402982.7693963013, 3399021.6855730377], [402983.7693963013, 3399021.6855730377], [402983.7693963013, 3399022.1855730377], [402984.2693963013, 3399022.1855730377], [402984.2693963013, 3399022.6855730377], [402984.7693963013, 3399022.6855730377], [402984.7693963013, 3399023.1855730377], [402985.2693963013, 3399023.1855730377], [402985.2693963013, 3399023.6855730377], [402985.7693963013, 3399023.6855730377], [402985.7693963013, 3399024.1855730377], [402986.2693963013, 3399024.1855730377], [402986.2693963013, 3399025.1855730377], [402986.7693963013, 3399025.1855730377], [402986.7693963013, 3399025.6855730377], [402987.2693963013, 3399025.6855730377], [402987.2693963013, 3399026.6855730377], [402987.7693963013, 3399026.6855730377], [402987.7693963013, 3399028.1855730377], [402988.2693963013, 3399028.1855730377], [402988.2693963013, 3399030.1855730377], [402988.7693963013, 3399030.1855730377], [402988.7693963013, 3399032.1855730377], [402989.2693963013, 3399032.1855730377], [402989.2693963013, 3399033.1855730377], [402989.7693963013, 3399033.1855730377], [402989.7693963013, 3399034.1855730377], [402990.2693963013, 3399034.1855730377], [402990.2693963013, 3399034.6855730377], [402990.7693963013, 3399034.6855730377], [402990.7693963013, 3399035.1855730377], [402991.2693963013, 3399035.1855730377], [402991.2693963013, 3399036.1855730377], [402991.7693963013, 3399036.1855730377], [402991.7693963013, 3399037.6855730377], [402992.2693963013, 3399037.6855730377], [402992.2693963013, 3399039.6855730377], [402992.7693963013, 3399039.6855730377], [402992.7693963013, 3399054.6855730377], [402991.7693963013, 3399054.6855730377], [402991.7693963013, 3399055.1855730377], [402991.2693963013, 3399055.1855730377], [402991.2693963013, 3399055.6855730377], [402989.2693963013, 3399055.6855730377], [402989.2693963013, 3399056.1855730377], [402988.2693963013, 3399056.1855730377], [402988.2693963013, 3399056.6855730377], [402986.7693963013, 3399056.6855730377], [402986.7693963013, 3399057.1855730377], [402985.2693963013, 3399057.1855730377], [402985.2693963013, 3399057.6855730377], [402984.7693963013, 3399057.6855730377], [402984.7693963013, 3399058.1855730377], [402983.7693963013, 3399058.1855730377], [402983.7693963013, 3399058.6855730377], [402981.2693963013, 3399058.6855730377], [402981.2693963013, 3399059.1855730377], [402978.7693963013, 3399059.1855730377], [402978.7693963013, 3399058.6855730377], [402977.7693963013, 3399058.6855730377], [402977.7693963013, 3399058.1855730377], [402977.2693963013, 3399058.1855730377], [402977.2693963013, 3399057.6855730377], [402976.7693963013, 3399057.6855730377], [402976.7693963013, 3399056.6855730377], [402976.2693963013, 3399056.6855730377], [402976.2693963013, 3399052.6855730377], [402976.7693963013, 3399052.6855730377], [402976.7693963013, 3399051.6855730377], [402977.2693963013, 3399051.6855730377], [402977.2693963013, 3399051.1855730377], [402977.7693963013, 3399051.1855730377], [402977.7693963013, 3399049.6855730377], [402978.2693963013, 3399049.6855730377], [402978.2693963013, 3399048.6855730377], [402978.7693963013, 3399048.6855730377], [402978.7693963013, 3399048.1855730377], [402979.2693963013, 3399048.1855730377], [402979.2693963013, 3399047.6855730377], [402979.7693963013, 3399047.6855730377], [402979.7693963013, 3399045.1855730377], [402977.7693963013, 3399045.1855730377], [402977.7693963013, 3399045.6855730377], [402976.7693963013, 3399045.6855730377], [402976.7693963013, 3399046.6855730377], [402976.2693963013, 3399046.6855730377], [402976.2693963013, 3399047.1855730377], [402975.7693963013, 3399047.1855730377], [402975.7693963013, 3399047.6855730377], [402975.2693963013, 3399047.6855730377], [402975.2693963013, 3399049.1855730377], [402974.7693963013, 3399049.1855730377], [402974.7693963013, 3399051.1855730377], [402974.2693963013, 3399051.1855730377], [402974.2693963013, 3399052.6855730377], [402973.7693963013, 3399052.6855730377], [402973.7693963013, 3399053.1855730377], [402973.2693963013, 3399053.1855730377], [402973.2693963013, 3399053.6855730377], [402972.7693963013, 3399053.6855730377], [402972.7693963013, 3399054.6855730377], [402972.2693963013, 3399054.6855730377], [402972.2693963013, 3399055.6855730377], [402971.2693963013, 3399055.6855730377], [402971.2693963013, 3399056.6855730377], [402970.7693963013, 3399056.6855730377], [402970.7693963013, 3399057.1855730377], [402970.2693963013, 3399057.1855730377], [402970.2693963013, 3399057.6855730377], [402969.7693963013, 3399057.6855730377], [402969.7693963013, 3399058.1855730377], [402969.2693963013, 3399058.1855730377], [402969.2693963013, 3399058.6855730377], [402968.7693963013, 3399058.6855730377], [402968.7693963013, 3399059.6855730377], [402968.2693963013, 3399059.6855730377], [402968.2693963013, 3399060.6855730377], [402967.7693963013, 3399060.6855730377], [402967.7693963013, 3399061.1855730377], [402967.2693963013, 3399061.1855730377], [402967.2693963013, 3399062.6855730377], [402966.7693963013, 3399062.6855730377], [402966.7693963013, 3399063.6855730377], [402944.2693963013, 3399063.6855730377]]]}, "properties": {"id": "seg_008", "source": "seg", "area_m2": 1520.0, "layout": "垂直式", "coef_m2": 28, "capacity": 54, "cap_min": 45, "cap_max": 68, "cx": 402970.5, "cy": 3399041.2}}, {"type": "Feature", "geometry": {"type": "Polygon", "coordinates": [[[403611.2693963013, 3399063.1855730377], [403611.2693963013, 3399061.6855730377], [403610.7693963013, 3399061.6855730377], [403610.7693963013, 3399060.1855730377], [403610.2693963013, 3399060.1855730377], [403610.2693963013, 3399059.1855730377], [403609.7693963013, 3399059.1855730377], [403609.7693963013, 3399058.6855730377], [403609.2693963013, 3399058.6855730377], [403609.2693963013, 3399058.1855730377], [403608.7693963013, 3399058.1855730377], [403608.7693963013, 3399057.6855730377], [403608.2693963013, 3399057.6855730377], [403608.2693963013, 3399057.1855730377], [403607.7693963013, 3399057.1855730377], [403607.7693963013, 3399056.6855730377], [403607.2693963013, 3399056.6855730377], [403607.2693963013, 3399056.1855730377], [403606.7693963013, 3399056.1855730377], [403606.7693963013, 3399055.1855730377], [403606.2693963013, 3399055.1855730377], [403606.2693963013, 3399054.6855730377], [403605.7693963013, 3399054.6855730377], [403605.7693963013, 3399053.6855730377], [403605.2693963013, 3399053.6855730377], [403605.2693963013, 3399053.1855730377], [403604.7693963013, 3399053.1855730377], [403604.7693963013, 3399052.1855730377], [403604.2693963013, 3399052.1855730377], [403604.2693963013, 3399051.1855730377], [403603.7693963013, 3399051.1855730377], [403603.7693963013, 3399049.6855730377], [403603.2693963013, 3399049.6855730377], [403603.2693963013, 3399048.6855730377], [403602.7693963013, 3399048.6855730377], [403602.7693963013, 3399047.6855730377], [403602.2693963013, 3399047.6855730377], [403602.2693963013, 3399046.1855730377], [403601.7693963013, 3399046.1855730377], [403601.7693963013, 3399045.6855730377], [403601.2693963013, 3399045.6855730377], [403601.2693963013, 3399044.6855730377], [403600.7693963013, 3399044.6855730377], [403600.7693963013, 3399043.6855730377], [403600.2693963013, 3399043.6855730377], [403600.2693963013, 3399043.1855730377], [403599.7693963013, 3399043.1855730377], [403599.7693963013, 3399042.1855730377], [403599.2693963013, 3399042.1855730377], [403599.2693963013, 3399041.6855730377], [403598.7693963013, 3399041.6855730377], [403598.7693963013, 3399040.6855730377], [403598.2693963013, 3399040.6855730377], [403598.2693963013, 3399040.1855730377], [403597.7693963013, 3399040.1855730377], [403597.7693963013, 3399039.1855730377], [403597.2693963013, 3399039.1855730377], [403597.2693963013, 3399038.6855730377], [403596.7693963013, 3399038.6855730377], [403596.7693963013, 3399038.1855730377], [403596.2693963013, 3399038.1855730377], [403596.2693963013, 3399037.6855730377], [403595.7693963013, 3399037.6855730377], [403595.7693963013, 3399036.6855730377], [403594.7693963013, 3399036.6855730377], [403594.7693963013, 3399036.1855730377], [403594.2693963013, 3399036.1855730377], [403594.2693963013, 3399035.6855730377], [403593.7693963013, 3399035.6855730377], [403593.7693963013, 3399035.1855730377], [403593.2693963013, 3399035.1855730377], [403593.2693963013, 3399034.6855730377], [403592.7693963013, 3399034.6855730377], [403592.7693963013, 3399034.1855730377], [403592.2693963013, 3399034.1855730377], [403592.2693963013, 3399033.6855730377], [403591.7693963013, 3399033.6855730377], [403591.7693963013, 3399033.1855730377], [403590.7693963013, 3399033.1855730377], [403590.7693963013, 3399032.6855730377], [403590.2693963013, 3399032.6855730377], [403590.2693963013, 3399032.1855730377], [403589.7693963013, 3399032.1855730377], [403589.7693963013, 3399031.6855730377], [403588.7693963013, 3399031.6855730377], [403588.7693963013, 3399031.1855730377], [403588.2693963013, 3399031.1855730377], [403588.2693963013, 3399030.6855730377], [403587.7693963013, 3399030.6855730377], [403587.7693963013, 3399030.1855730377], [403587.2693963013, 3399030.1855730377], [403587.2693963013, 3399029.6855730377], [403586.2693963013, 3399029.6855730377], [403586.2693963013, 3399029.1855730377], [403585.7693963013, 3399029.1855730377], [403585.7693963013, 3399028.6855730377], [403585.2693963013, 3399028.6855730377], [403585.2693963013, 3399028.1855730377], [403584.7693963013, 3399028.1855730377], [403584.7693963013, 3399027.6855730377], [403583.7693963013, 3399027.6855730377], [403583.7693963013, 3399026.6855730377], [403583.2693963013, 3399026.6855730377], [403583.2693963013, 3399026.1855730377], [403582.2693963013, 3399026.1855730377], [403582.2693963013, 3399024.6855730377], [403582.7693963013, 3399024.6855730377], [403582.7693963013, 3399023.1855730377], [403583.2693963013, 3399023.1855730377], [403583.2693963013, 3399022.1855730377], [403583.7693963013, 3399022.1855730377], [403583.7693963013, 3399021.1855730377], [403584.2693963013, 3399021.1855730377], [403584.2693963013, 3399020.6855730377], [403584.7693963013, 3399020.6855730377], [403584.7693963013, 3399020.1855730377], [403585.2693963013, 3399020.1855730377], [403585.2693963013, 3399019.6855730377], [403585.7693963013, 3399019.6855730377], [403585.7693963013, 3399019.1855730377], [403586.2693963013, 3399019.1855730377], [403586.2693963013, 3399018.6855730377], [403586.7693963013, 3399018.6855730377], [403586.7693963013, 3399018.1855730377], [403587.2693963013, 3399018.1855730377], [403587.2693963013, 3399017.6855730377], [403587.7693963013, 3399017.6855730377], [403587.7693963013, 3399017.1855730377], [403588.2693963013, 3399017.1855730377], [403588.2693963013, 3399016.6855730377], [403588.7693963013, 3399016.6855730377], [403588.7693963013, 3399016.1855730377], [403589.2693963013, 3399016.1855730377], [403589.2693963013, 3399015.6855730377], [403589.7693963013, 3399015.6855730377], [403589.7693963013, 3399015.1855730377], [403590.2693963013, 3399015.1855730377], [403590.2693963013, 3399014.6855730377], [403591.2693963013, 3399014.6855730377], [403591.2693963013, 3399014.1855730377], [403591.7693963013, 3399014.1855730377], [403591.7693963013, 3399013.6855730377], [403592.2693963013, 3399013.6855730377], [403592.2693963013, 3399013.1855730377], [403592.7693963013, 3399013.1855730377], [403592.7693963013, 3399012.6855730377], [403593.2693963013, 3399012.6855730377], [403593.2693963013, 3399012.1855730377], [403594.2693963013, 3399012.1855730377], [403594.2693963013, 3399011.6855730377], [403594.7693963013, 3399011.6855730377], [403594.7693963013, 3399011.1855730377], [403595.2693963013, 3399011.1855730377], [403595.2693963013, 3399010.6855730377], [403596.2693963013, 3399010.6855730377], [403596.2693963013, 3399010.1855730377], [403596.7693963013, 3399010.1855730377], [403596.7693963013, 3399009.6855730377], [403597.2693963013, 3399009.6855730377], [403597.2693963013, 3399009.1855730377], [403597.7693963013, 3399009.1855730377], [403597.7693963013, 3399008.6855730377], [403598.2693963013, 3399008.6855730377], [403598.2693963013, 3399008.1855730377], [403598.7693963013, 3399008.1855730377], [403598.7693963013, 3399007.6855730377], [403599.2693963013, 3399007.6855730377], [403599.2693963013, 3399007.1855730377], [403600.2693963013, 3399007.1855730377], [403600.2693963013, 3399006.6855730377], [403601.2693963013, 3399006.6855730377], [403601.2693963013, 3399006.1855730377], [403603.2693963013, 3399006.1855730377], [403603.2693963013, 3399006.6855730377], [403604.2693963013, 3399006.6855730377], [403604.2693963013, 3399007.1855730377], [403604.7693963013, 3399007.1855730377], [403604.7693963013, 3399007.6855730377], [403605.7693963013, 3399007.6855730377], [403605.7693963013, 3399008.6855730377], [403606.2693963013, 3399008.6855730377], [403606.2693963013, 3399009.1855730377], [403606.7693963013, 3399009.1855730377], [403606.7693963013, 3399009.6855730377], [403607.2693963013, 3399009.6855730377], [403607.2693963013, 3399010.1855730377], [403607.7693963013, 3399010.1855730377], [403607.7693963013, 3399010.6855730377], [403608.2693963013, 3399010.6855730377], [403608.2693963013, 3399011.1855730377], [403608.7693963013, 3399011.1855730377], [403608.7693963013, 3399011.6855730377], [403609.2693963013, 3399011.6855730377], [403609.2693963013, 3399012.6855730377], [403609.7693963013, 3399012.6855730377], [403609.7693963013, 3399013.6855730377], [403610.2693963013, 3399013.6855730377], [403610.2693963013, 3399015.1855730377], [403610.7693963013, 3399015.1855730377], [403610.7693963013, 3399017.1855730377], [403611.2693963013, 3399017.1855730377], [403611.2693963013, 3399018.6855730377], [403611.7693963013, 3399018.6855730377], [403611.7693963013, 3399020.1855730377], [403612.2693963013, 3399020.1855730377], [403612.2693963013, 3399021.1855730377], [403612.7693963013, 3399021.1855730377], [403612.7693963013, 3399022.1855730377], [403613.2693963013, 3399022.1855730377], [403613.2693963013, 3399023.1855730377], [403613.7693963013, 3399023.1855730377], [403613.7693963013, 3399023.6855730377], [403614.2693963013, 3399023.6855730377], [403614.2693963013, 3399024.1855730377], [403614.7693963013, 3399024.1855730377], [403614.7693963013, 3399025.1855730377], [403615.2693963013, 3399025.1855730377], [403615.2693963013, 3399025.6855730377], [403615.7693963013, 3399025.6855730377], [403615.7693963013, 3399026.1855730377], [403616.2693963013, 3399026.1855730377], [403616.2693963013, 3399026.6855730377], [403616.7693963013, 3399026.6855730377], [403616.7693963013, 3399027.1855730377], [403617.2693963013, 3399027.1855730377], [403617.2693963013, 3399027.6855730377], [403617.7693963013, 3399027.6855730377], [403617.7693963013, 3399028.1855730377], [403618.2693963013, 3399028.1855730377], [403618.2693963013, 3399029.1855730377], [403618.7693963013, 3399029.1855730377], [403618.7693963013, 3399029.6855730377], [403619.2693963013, 3399029.6855730377], [403619.2693963013, 3399030.1855730377], [403619.7693963013, 3399030.1855730377], [403619.7693963013, 3399030.6855730377], [403620.2693963013, 3399030.6855730377], [403620.2693963013, 3399031.1855730377], [403620.7693963013, 3399031.1855730377], [403620.7693963013, 3399032.1855730377], [403621.2693963013, 3399032.1855730377], [403621.2693963013, 3399033.1855730377], [403621.7693963013, 3399033.1855730377], [403621.7693963013, 3399033.6855730377], [403622.2693963013, 3399033.6855730377], [403622.2693963013, 3399034.1855730377], [403622.7693963013, 3399034.1855730377], [403622.7693963013, 3399035.1855730377], [403623.2693963013, 3399035.1855730377], [403623.2693963013, 3399035.6855730377], [403623.7693963013, 3399035.6855730377], [403623.7693963013, 3399036.6855730377], [403624.2693963013, 3399036.6855730377], [403624.2693963013, 3399037.1855730377], [403624.7693963013, 3399037.1855730377], [403624.7693963013, 3399038.1855730377], [403625.2693963013, 3399038.1855730377], [403625.2693963013, 3399039.1855730377], [403625.7693963013, 3399039.1855730377], [403625.7693963013, 3399040.6855730377], [403626.2693963013, 3399040.6855730377], [403626.2693963013, 3399045.6855730377], [403625.7693963013, 3399045.6855730377], [403625.7693963013, 3399049.1855730377], [403626.2693963013, 3399049.1855730377], [403626.2693963013, 3399050.1855730377], [403626.7693963013, 3399050.1855730377], [403626.7693963013, 3399050.6855730377], [403627.2693963013, 3399050.6855730377], [403627.2693963013, 3399051.6855730377], [403627.7693963013, 3399051.6855730377], [403627.7693963013, 3399053.1855730377], [403628.2693963013, 3399053.1855730377], [403628.2693963013, 3399058.6855730377], [403627.7693963013, 3399058.6855730377], [403627.7693963013, 3399059.6855730377], [403627.2693963013, 3399059.6855730377], [403627.2693963013, 3399060.1855730377], [403626.7693963013, 3399060.1855730377], [403626.7693963013, 3399060.6855730377], [403625.2693963013, 3399060.6855730377], [403625.2693963013, 3399061.1855730377], [403624.7693963013, 3399061.1855730377], [403624.7693963013, 3399062.1855730377], [403624.2693963013, 3399062.1855730377], [403624.2693963013, 3399063.1855730377], [403611.2693963013, 3399063.1855730377]]]}, "properties": {"id": "seg_009", "source": "seg", "area_m2": 1341.8, "layout": "垂直式", "coef_m2": 28, "capacity": 48, "cap_min": 40, "cap_max": 60, "cx": 403608.0, "cy": 3399034.9}}, {"type": "Feature", "geometry": {"type": "Polygon", "coordinates": [[[403290.7693963013, 3399080.1855730377], [403290.7693963013, 3399079.6855730377], [403290.2693963013, 3399079.6855730377], [403290.2693963013, 3399079.1855730377], [403289.2693963013, 3399079.1855730377], [403289.2693963013, 3399078.1855730377], [403288.7693963013, 3399078.1855730377], [403288.7693963013, 3399077.6855730377], [403288.2693963013, 3399077.6855730377], [403288.2693963013, 3399077.1855730377], [403287.7693963013, 3399077.1855730377], [403287.7693963013, 3399076.6855730377], [403287.2693963013, 3399076.6855730377], [403287.2693963013, 3399076.1855730377], [403286.7693963013, 3399076.1855730377], [403286.7693963013, 3399075.6855730377], [403285.7693963013, 3399075.6855730377], [403285.7693963013, 3399075.1855730377], [403285.2693963013, 3399075.1855730377], [403285.2693963013, 3399074.6855730377], [403284.2693963013, 3399074.6855730377], [403284.2693963013, 3399074.1855730377], [403283.7693963013, 3399074.1855730377], [403283.7693963013, 3399073.6855730377], [403283.2693963013, 3399073.6855730377], [403283.2693963013, 3399073.1855730377], [403282.7693963013, 3399073.1855730377], [403282.7693963013, 3399072.6855730377], [403282.2693963013, 3399072.6855730377], [403282.2693963013, 3399072.1855730377], [403281.7693963013, 3399072.1855730377], [403281.7693963013, 3399071.6855730377], [403281.2693963013, 3399071.6855730377], [403281.2693963013, 3399071.1855730377], [403280.7693963013, 3399071.1855730377], [403280.7693963013, 3399070.6855730377], [403280.2693963013, 3399070.6855730377], [403280.2693963013, 3399070.1855730377], [403279.7693963013, 3399070.1855730377], [403279.7693963013, 3399069.6855730377], [403279.2693963013, 3399069.6855730377], [403279.2693963013, 3399069.1855730377], [403278.7693963013, 3399069.1855730377], [403278.7693963013, 3399068.6855730377], [403278.2693963013, 3399068.6855730377], [403278.2693963013, 3399068.1855730377], [403277.7693963013, 3399068.1855730377], [403277.7693963013, 3399067.6855730377], [403277.2693963013, 3399067.6855730377], [403277.2693963013, 3399067.1855730377], [403276.7693963013, 3399067.1855730377], [403276.7693963013, 3399066.6855730377], [403276.2693963013, 3399066.6855730377], [403276.2693963013, 3399066.1855730377], [403275.7693963013, 3399066.1855730377], [403275.7693963013, 3399065.6855730377], [403275.2693963013, 3399065.6855730377], [403275.2693963013, 3399065.1855730377], [403274.7693963013, 3399065.1855730377], [403274.7693963013, 3399064.6855730377], [403242.2693963013, 3399064.6855730377], [403242.2693963013, 3399065.1855730377], [403241.7693963013, 3399065.1855730377], [403241.7693963013, 3399065.6855730377], [403241.2693963013, 3399065.6855730377], [403241.2693963013, 3399046.6855730377], [403241.7693963013, 3399046.6855730377], [403241.7693963013, 3399046.1855730377], [403242.7693963013, 3399046.1855730377], [403242.7693963013, 3399045.6855730377], [403243.2693963013, 3399045.6855730377], [403243.2693963013, 3399045.1855730377], [403244.7693963013, 3399045.1855730377], [403244.7693963013, 3399044.6855730377], [403245.2693963013, 3399044.6855730377], [403245.2693963013, 3399044.1855730377], [403246.2693963013, 3399044.1855730377], [403246.2693963013, 3399043.6855730377], [403247.2693963013, 3399043.6855730377], [403247.2693963013, 3399043.1855730377], [403248.2693963013, 3399043.1855730377], [403248.2693963013, 3399042.6855730377], [403250.2693963013, 3399042.6855730377], [403250.2693963013, 3399042.1855730377], [403258.2693963013, 3399042.1855730377], [403258.2693963013, 3399041.6855730377], [403259.7693963013, 3399041.6855730377], [403259.7693963013, 3399041.1855730377], [403261.2693963013, 3399041.1855730377], [403261.2693963013, 3399040.6855730377], [403261.7693963013, 3399040.6855730377], [403261.7693963013, 3399040.1855730377], [403262.2693963013, 3399040.1855730377], [403262.2693963013, 3399039.6855730377], [403262.7693963013, 3399039.6855730377], [403262.7693963013, 3399039.1855730377], [403263.7693963013, 3399039.1855730377], [403263.7693963013, 3399038.6855730377], [403264.7693963013, 3399038.6855730377], [403264.7693963013, 3399038.1855730377], [403265.7693963013, 3399038.1855730377], [403265.7693963013, 3399037.6855730377], [403267.2693963013, 3399037.6855730377], [403267.2693963013, 3399037.1855730377], [403270.2693963013, 3399037.1855730377], [403270.2693963013, 3399036.6855730377], [403274.7693963013, 3399036.6855730377], [403274.7693963013, 3399036.1855730377], [403276.2693963013, 3399036.1855730377], [403276.2693963013, 3399035.6855730377], [403277.2693963013, 3399035.6855730377], [403277.2693963013, 3399035.1855730377], [403278.2693963013, 3399035.1855730377], [403278.2693963013, 3399034.6855730377], [403278.7693963013, 3399034.6855730377], [403278.7693963013, 3399034.1855730377], [403279.2693963013, 3399034.1855730377], [403279.2693963013, 3399033.6855730377], [403279.7693963013, 3399033.6855730377], [403279.7693963013, 3399032.6855730377], [403280.2693963013, 3399032.6855730377], [403280.2693963013, 3399031.1855730377], [403280.7693963013, 3399031.1855730377], [403280.7693963013, 3399030.1855730377], [403281.2693963013, 3399030.1855730377], [403281.2693963013, 3399029.1855730377], [403281.7693963013, 3399029.1855730377], [403281.7693963013, 3399028.6855730377], [403282.2693963013, 3399028.6855730377], [403282.2693963013, 3399027.6855730377], [403282.7693963013, 3399027.6855730377], [403282.7693963013, 3399027.1855730377], [403283.7693963013, 3399027.1855730377], [403283.7693963013, 3399026.6855730377], [403284.7693963013, 3399026.6855730377], [403284.7693963013, 3399026.1855730377], [403285.7693963013, 3399026.1855730377], [403285.7693963013, 3399025.1855730377], [403286.2693963013, 3399025.1855730377], [403286.2693963013, 3399024.1855730377], [403286.7693963013, 3399024.1855730377], [403286.7693963013, 3399023.6855730377], [403287.2693963013, 3399023.6855730377], [403287.2693963013, 3399022.6855730377], [403287.7693963013, 3399022.6855730377], [403287.7693963013, 3399022.1855730377], [403288.2693963013, 3399022.1855730377], [403288.2693963013, 3399021.6855730377], [403288.7693963013, 3399021.6855730377], [403288.7693963013, 3399016.6855730377], [403289.2693963013, 3399016.6855730377], [403289.2693963013, 3399015.1855730377], [403289.7693963013, 3399015.1855730377], [403289.7693963013, 3399014.1855730377], [403290.2693963013, 3399014.1855730377], [403290.2693963013, 3399013.1855730377], [403290.7693963013, 3399013.1855730377], [403290.7693963013, 3399012.6855730377], [403291.2693963013, 3399012.6855730377], [403291.2693963013, 3399012.1855730377], [403291.7693963013, 3399012.1855730377], [403291.7693963013, 3399011.6855730377], [403292.2693963013, 3399011.6855730377], [403292.2693963013, 3399011.1855730377], [403292.7693963013, 3399011.1855730377], [403292.7693963013, 3399010.6855730377], [403293.7693963013, 3399010.6855730377], [403293.7693963013, 3399010.1855730377], [403294.7693963013, 3399010.1855730377], [403294.7693963013, 3399009.6855730377], [403295.7693963013, 3399009.6855730377], [403295.7693963013, 3399009.1855730377], [403296.7693963013, 3399009.1855730377], [403296.7693963013, 3399008.6855730377], [403297.2693963013, 3399008.6855730377], [403297.2693963013, 3399008.1855730377], [403298.2693963013, 3399008.1855730377], [403298.2693963013, 3399007.6855730377], [403299.7693963013, 3399007.6855730377], [403299.7693963013, 3399007.1855730377], [403301.2693963013, 3399007.1855730377], [403301.2693963013, 3399006.6855730377], [403302.7693963013, 3399006.6855730377], [403302.7693963013, 3399006.1855730377], [403305.2693963013, 3399006.1855730377], [403305.2693963013, 3399005.6855730377], [403305.7693963013, 3399005.6855730377], [403305.7693963013, 3399005.1855730377], [403306.2693963013, 3399005.1855730377], [403306.2693963013, 3399004.6855730377], [403306.7693963013, 3399004.6855730377], [403306.7693963013, 3399004.1855730377], [403307.2693963013, 3399004.1855730377], [403307.2693963013, 3399003.1855730377], [403307.7693963013, 3399003.1855730377], [403307.7693963013, 3399002.6855730377], [403308.2693963013, 3399002.6855730377], [403308.2693963013, 3399002.1855730377], [403308.7693963013, 3399002.1855730377], [403308.7693963013, 3399001.1855730377], [403309.7693963013, 3399001.1855730377], [403309.7693963013, 3399000.6855730377], [403310.2693963013, 3399000.6855730377], [403310.2693963013, 3399000.1855730377], [403310.7693963013, 3399000.1855730377], [403310.7693963013, 3398999.6855730377], [403311.2693963013, 3398999.6855730377], [403311.2693963013, 3398999.1855730377], [403312.2693963013, 3398999.1855730377], [403312.2693963013, 3398998.6855730377], [403312.7693963013, 3398998.6855730377], [403312.7693963013, 3398998.1855730377], [403313.7693963013, 3398998.1855730377], [403313.7693963013, 3398997.6855730377], [403314.7693963013, 3398997.6855730377], [403314.7693963013, 3398997.1855730377], [403317.2693963013, 3398997.1855730377], [403317.2693963013, 3398996.6855730377], [403322.2693963013, 3398996.6855730377], [403322.2693963013, 3398996.1855730377], [403325.7693963013, 3398996.1855730377], [403325.7693963013, 3398995.6855730377], [403326.7693963013, 3398995.6855730377], [403326.7693963013, 3398995.1855730377], [403328.7693963013, 3398995.1855730377], [403328.7693963013, 3398994.6855730377], [403331.2693963013, 3398994.6855730377], [403331.2693963013, 3398994.1855730377], [403332.2693963013, 3398994.1855730377], [403332.2693963013, 3398993.6855730377], [403333.2693963013, 3398993.6855730377], [403333.2693963013, 3398993.1855730377], [403335.2693963013, 3398993.1855730377], [403335.2693963013, 3398992.6855730377], [403337.7693963013, 3398992.6855730377], [403337.7693963013, 3398992.1855730377], [403338.2693963013, 3398992.1855730377], [403338.2693963013, 3398991.6855730377], [403338.7693963013, 3398991.6855730377], [403338.7693963013, 3398991.1855730377], [403339.7693963013, 3398991.1855730377], [403339.7693963013, 3398992.6855730377], [403340.2693963013, 3398992.6855730377], [403340.2693963013, 3398993.6855730377], [403340.7693963013, 3398993.6855730377], [403340.7693963013, 3398994.6855730377], [403341.7693963013, 3398994.6855730377], [403341.7693963013, 3398995.1855730377], [403342.2693963013, 3398995.1855730377], [403342.2693963013, 3398995.6855730377], [403343.2693963013, 3398995.6855730377], [403343.2693963013, 3398996.6855730377], [403343.7693963013, 3398996.6855730377], [403343.7693963013, 3398997.6855730377], [403344.2693963013, 3398997.6855730377], [403344.2693963013, 3398998.6855730377], [403344.7693963013, 3398998.6855730377], [403344.7693963013, 3399001.1855730377], [403344.2693963013, 3399001.1855730377], [403344.2693963013, 3399003.6855730377], [403344.7693963013, 3399003.6855730377], [403344.7693963013, 3399008.1855730377], [403344.2693963013, 3399008.1855730377], [403344.2693963013, 3399010.6855730377], [403343.7693963013, 3399010.6855730377], [403343.7693963013, 3399019.1855730377], [403343.2693963013, 3399019.1855730377], [403343.2693963013, 3399019.6855730377], [403343.7693963013, 3399019.6855730377], [403343.7693963013, 3399024.1855730377], [403344.2693963013, 3399024.1855730377], [403344.2693963013, 3399028.1855730377], [403344.7693963013, 3399028.1855730377], [403344.7693963013, 3399030.1855730377], [403344.2693963013, 3399030.1855730377], [403344.2693963013, 3399037.6855730377], [403343.7693963013, 3399037.6855730377], [403343.7693963013, 3399039.1855730377], [403343.2693963013, 3399039.1855730377], [403343.2693963013, 3399040.1855730377], [403342.2693963013, 3399040.1855730377], [403342.2693963013, 3399040.6855730377], [403341.7693963013, 3399040.6855730377], [403341.7693963013, 3399041.1855730377], [403341.2693963013, 3399041.1855730377], [403341.2693963013, 3399041.6855730377], [403340.7693963013, 3399041.6855730377], [403340.7693963013, 3399042.1855730377], [403340.2693963013, 3399042.1855730377], [403340.2693963013, 3399043.1855730377], [403339.7693963013, 3399043.1855730377], [403339.7693963013, 3399043.6855730377], [403339.2693963013, 3399043.6855730377], [403339.2693963013, 3399044.6855730377], [403338.7693963013, 3399044.6855730377], [403338.7693963013, 3399045.1855730377], [403338.2693963013, 3399045.1855730377], [403338.2693963013, 3399045.6855730377], [403337.2693963013, 3399045.6855730377], [403337.2693963013, 3399046.1855730377], [403336.7693963013, 3399046.1855730377], [403336.7693963013, 3399046.6855730377], [403335.7693963013, 3399046.6855730377], [403335.7693963013, 3399047.1855730377], [403328.2693963013, 3399047.1855730377], [403328.2693963013, 3399047.6855730377], [403323.2693963013, 3399047.6855730377], [403323.2693963013, 3399047.1855730377], [403322.2693963013, 3399047.1855730377], [403322.2693963013, 3399046.6855730377], [403321.7693963013, 3399046.6855730377], [403321.7693963013, 3399046.1855730377], [403317.2693963013, 3399046.1855730377], [403317.2693963013, 3399046.6855730377], [403316.7693963013, 3399046.6855730377], [403316.7693963013, 3399047.1855730377], [403316.2693963013, 3399047.1855730377], [403316.2693963013, 3399047.6855730377], [403315.7693963013, 3399047.6855730377], [403315.7693963013, 3399048.1855730377], [403315.2693963013, 3399048.1855730377], [403315.2693963013, 3399048.6855730377], [403314.7693963013, 3399048.6855730377], [403314.7693963013, 3399049.1855730377], [403314.2693963013, 3399049.1855730377], [403314.2693963013, 3399049.6855730377], [403313.7693963013, 3399049.6855730377], [403313.7693963013, 3399050.6855730377], [403313.2693963013, 3399050.6855730377], [403313.2693963013, 3399053.6855730377], [403313.7693963013, 3399053.6855730377], [403313.7693963013, 3399054.1855730377], [403314.2693963013, 3399054.1855730377], [403314.2693963013, 3399055.1855730377], [403314.7693963013, 3399055.1855730377], [403314.7693963013, 3399058.6855730377], [403314.2693963013, 3399058.6855730377], [403314.2693963013, 3399061.1855730377], [403313.7693963013, 3399061.1855730377], [403313.7693963013, 3399063.1855730377], [403313.2693963013, 3399063.1855730377], [403313.2693963013, 3399064.6855730377], [403312.7693963013, 3399064.6855730377], [403312.7693963013, 3399065.6855730377], [403312.2693963013, 3399065.6855730377], [403312.2693963013, 3399066.1855730377], [403311.7693963013, 3399066.1855730377], [403311.7693963013, 3399067.1855730377], [403311.2693963013, 3399067.1855730377], [403311.2693963013, 3399067.6855730377], [403310.7693963013, 3399067.6855730377], [403310.7693963013, 3399068.1855730377], [403309.7693963013, 3399068.1855730377], [403309.7693963013, 3399068.6855730377], [403309.2693963013, 3399068.6855730377], [403309.2693963013, 3399069.1855730377], [403308.7693963013, 3399069.1855730377], [403308.7693963013, 3399069.6855730377], [403308.2693963013, 3399069.6855730377], [403308.2693963013, 3399070.1855730377], [403307.7693963013, 3399070.1855730377], [403307.7693963013, 3399070.6855730377], [403307.2693963013, 3399070.6855730377], [403307.2693963013, 3399071.1855730377], [403306.7693963013, 3399071.1855730377], [403306.7693963013, 3399071.6855730377], [403305.7693963013, 3399071.6855730377], [403305.7693963013, 3399072.1855730377], [403305.2693963013, 3399072.1855730377], [403305.2693963013, 3399072.6855730377], [403304.7693963013, 3399072.6855730377], [403304.7693963013, 3399073.1855730377], [403304.2693963013, 3399073.1855730377], [403304.2693963013, 3399073.6855730377], [403303.7693963013, 3399073.6855730377], [403303.7693963013, 3399074.1855730377], [403302.7693963013, 3399074.1855730377], [403302.7693963013, 3399074.6855730377], [403301.7693963013, 3399074.6855730377], [403301.7693963013, 3399075.1855730377], [403301.2693963013, 3399075.1855730377], [403301.2693963013, 3399075.6855730377], [403300.2693963013, 3399075.6855730377], [403300.2693963013, 3399076.1855730377], [403299.2693963013, 3399076.1855730377], [403299.2693963013, 3399076.6855730377], [403298.2693963013, 3399076.6855730377], [403298.2693963013, 3399077.1855730377], [403297.2693963013, 3399077.1855730377], [403297.2693963013, 3399077.6855730377], [403296.2693963013, 3399077.6855730377], [403296.2693963013, 3399078.1855730377], [403295.2693963013, 3399078.1855730377], [403295.2693963013, 3399078.6855730377], [403294.2693963013, 3399078.6855730377], [403294.2693963013, 3399079.1855730377], [403293.7693963013, 3399079.1855730377], [403293.7693963013, 3399079.6855730377], [403291.7693963013, 3399079.6855730377], [403291.7693963013, 3399080.1855730377], [403290.7693963013, 3399080.1855730377]]]}, "properties": {"id": "seg_010", "source": "seg", "area_m2": 4631.5, "layout": "垂直式", "coef_m2": 28, "capacity": 165, "cap_min": 138, "cap_max": 207, "cx": 403310.3, "cy": 3399035.9}}, {"type": "Feature", "geometry": {"type": "Polygon", "coordinates": [[[403595.7693963013, 3398921.1855730377], [403595.7693963013, 3398920.1855730377], [403595.2693963013, 3398920.1855730377], [403595.2693963013, 3398919.1855730377], [403594.7693963013, 3398919.1855730377], [403594.7693963013, 3398918.1855730377], [403594.2693963013, 3398918.1855730377], [403594.2693963013, 3398917.1855730377], [403593.7693963013, 3398917.1855730377], [403593.7693963013, 3398916.1855730377], [403593.2693963013, 3398916.1855730377], [403593.2693963013, 3398914.6855730377], [403592.7693963013, 3398914.6855730377], [403592.7693963013, 3398912.1855730377], [403592.2693963013, 3398912.1855730377], [403592.2693963013, 3398911.1855730377], [403591.7693963013, 3398911.1855730377], [403591.7693963013, 3398909.1855730377], [403591.2693963013, 3398909.1855730377], [403591.2693963013, 3398907.6855730377], [403590.7693963013, 3398907.6855730377], [403590.7693963013, 3398904.6855730377], [403590.2693963013, 3398904.6855730377], [403590.2693963013, 3398902.1855730377], [403590.7693963013, 3398902.1855730377], [403590.7693963013, 3398899.1855730377], [403590.2693963013, 3398899.1855730377], [403590.2693963013, 3398897.1855730377], [403589.7693963013, 3398897.1855730377], [403589.7693963013, 3398895.6855730377], [403589.2693963013, 3398895.6855730377], [403589.2693963013, 3398894.6855730377], [403588.7693963013, 3398894.6855730377], [403588.7693963013, 3398893.1855730377], [403588.2693963013, 3398893.1855730377], [403588.2693963013, 3398892.1855730377], [403587.7693963013, 3398892.1855730377], [403587.7693963013, 3398891.1855730377], [403587.2693963013, 3398891.1855730377], [403587.2693963013, 3398890.6855730377], [403586.7693963013, 3398890.6855730377], [403586.7693963013, 3398889.6855730377], [403586.2693963013, 3398889.6855730377], [403586.2693963013, 3398889.1855730377], [403585.7693963013, 3398889.1855730377], [403585.7693963013, 3398887.6855730377], [403585.2693963013, 3398887.6855730377], [403585.2693963013, 3398887.1855730377], [403584.7693963013, 3398887.1855730377], [403584.7693963013, 3398886.6855730377], [403584.2693963013, 3398886.6855730377], [403584.2693963013, 3398885.6855730377], [403583.7693963013, 3398885.6855730377], [403583.7693963013, 3398885.1855730377], [403583.2693963013, 3398885.1855730377], [403583.2693963013, 3398884.6855730377], [403582.7693963013, 3398884.6855730377], [403582.7693963013, 3398884.1855730377], [403582.2693963013, 3398884.1855730377], [403582.2693963013, 3398883.6855730377], [403581.7693963013, 3398883.6855730377], [403581.7693963013, 3398883.1855730377], [403581.2693963013, 3398883.1855730377], [403581.2693963013, 3398882.6855730377], [403580.7693963013, 3398882.6855730377], [403580.7693963013, 3398882.1855730377], [403580.2693963013, 3398882.1855730377], [403580.2693963013, 3398881.6855730377], [403579.7693963013, 3398881.6855730377], [403579.7693963013, 3398881.1855730377], [403579.2693963013, 3398881.1855730377], [403579.2693963013, 3398880.1855730377], [403578.7693963013, 3398880.1855730377], [403578.7693963013, 3398879.6855730377], [403578.2693963013, 3398879.6855730377], [403578.2693963013, 3398879.1855730377], [403577.7693963013, 3398879.1855730377], [403577.7693963013, 3398878.6855730377], [403577.2693963013, 3398878.6855730377], [403577.2693963013, 3398877.6855730377], [403576.7693963013, 3398877.6855730377], [403576.7693963013, 3398876.6855730377], [403576.2693963013, 3398876.6855730377], [403576.2693963013, 3398875.6855730377], [403575.7693963013, 3398875.6855730377], [403575.7693963013, 3398874.6855730377], [403575.2693963013, 3398874.6855730377], [403575.2693963013, 3398874.1855730377], [403574.2693963013, 3398874.1855730377], [403574.2693963013, 3398873.6855730377], [403573.7693963013, 3398873.6855730377], [403573.7693963013, 3398873.1855730377], [403573.2693963013, 3398873.1855730377], [403573.2693963013, 3398872.6855730377], [403572.7693963013, 3398872.6855730377], [403572.7693963013, 3398872.1855730377], [403572.2693963013, 3398872.1855730377], [403572.2693963013, 3398871.6855730377], [403571.7693963013, 3398871.6855730377], [403571.7693963013, 3398871.1855730377], [403570.7693963013, 3398871.1855730377], [403570.7693963013, 3398870.6855730377], [403570.2693963013, 3398870.6855730377], [403570.2693963013, 3398870.1855730377], [403569.7693963013, 3398870.1855730377], [403569.7693963013, 3398869.6855730377], [403569.2693963013, 3398869.6855730377], [403569.2693963013, 3398869.1855730377], [403568.7693963013, 3398869.1855730377], [403568.7693963013, 3398868.6855730377], [403568.2693963013, 3398868.6855730377], [403568.2693963013, 3398868.1855730377], [403567.7693963013, 3398868.1855730377], [403567.7693963013, 3398867.6855730377], [403567.2693963013, 3398867.6855730377], [403567.2693963013, 3398867.1855730377], [403566.7693963013, 3398867.1855730377], [403566.7693963013, 3398866.6855730377], [403566.2693963013, 3398866.6855730377], [403566.2693963013, 3398866.1855730377], [403565.7693963013, 3398866.1855730377], [403565.7693963013, 3398865.6855730377], [403565.2693963013, 3398865.6855730377], [403565.2693963013, 3398865.1855730377], [403564.7693963013, 3398865.1855730377], [403564.7693963013, 3398864.6855730377], [403564.2693963013, 3398864.6855730377], [403564.2693963013, 3398864.1855730377], [403563.2693963013, 3398864.1855730377], [403563.2693963013, 3398863.6855730377], [403562.7693963013, 3398863.6855730377], [403562.7693963013, 3398862.6855730377], [403562.2693963013, 3398862.6855730377], [403562.2693963013, 3398862.1855730377], [403561.7693963013, 3398862.1855730377], [403561.7693963013, 3398861.6855730377], [403561.2693963013, 3398861.6855730377], [403561.2693963013, 3398861.1855730377], [403560.7693963013, 3398861.1855730377], [403560.7693963013, 3398860.1855730377], [403560.2693963013, 3398860.1855730377], [403560.2693963013, 3398859.6855730377], [403559.7693963013, 3398859.6855730377], [403559.7693963013, 3398859.1855730377], [403559.2693963013, 3398859.1855730377], [403559.2693963013, 3398858.6855730377], [403558.7693963013, 3398858.6855730377], [403558.7693963013, 3398857.6855730377], [403558.2693963013, 3398857.6855730377], [403558.2693963013, 3398857.1855730377], [403557.7693963013, 3398857.1855730377], [403557.7693963013, 3398856.6855730377], [403557.2693963013, 3398856.6855730377], [403557.2693963013, 3398856.1855730377], [403556.7693963013, 3398856.1855730377], [403556.7693963013, 3398855.6855730377], [403556.2693963013, 3398855.6855730377], [403556.2693963013, 3398855.1855730377], [403555.7693963013, 3398855.1855730377], [403555.7693963013, 3398854.1855730377], [403555.2693963013, 3398854.1855730377], [403555.2693963013, 3398853.6855730377], [403554.7693963013, 3398853.6855730377], [403554.7693963013, 3398853.1855730377], [403554.2693963013, 3398853.1855730377], [403554.2693963013, 3398852.6855730377], [403553.7693963013, 3398852.6855730377], [403553.7693963013, 3398851.6855730377], [403553.2693963013, 3398851.6855730377], [403553.2693963013, 3398850.6855730377], [403552.7693963013, 3398850.6855730377], [403552.7693963013, 3398850.1855730377], [403552.2693963013, 3398850.1855730377], [403552.2693963013, 3398849.6855730377], [403551.7693963013, 3398849.6855730377], [403551.7693963013, 3398848.6855730377], [403551.2693963013, 3398848.6855730377], [403551.2693963013, 3398847.6855730377], [403550.7693963013, 3398847.6855730377], [403550.7693963013, 3398847.1855730377], [403550.2693963013, 3398847.1855730377], [403550.2693963013, 3398846.6855730377], [403549.7693963013, 3398846.6855730377], [403549.7693963013, 3398845.6855730377], [403549.2693963013, 3398845.6855730377], [403549.2693963013, 3398844.6855730377], [403548.7693963013, 3398844.6855730377], [403548.7693963013, 3398843.6855730377], [403548.2693963013, 3398843.6855730377], [403548.2693963013, 3398843.1855730377], [403547.7693963013, 3398843.1855730377], [403547.7693963013, 3398842.1855730377], [403547.2693963013, 3398842.1855730377], [403547.2693963013, 3398841.6855730377], [403546.7693963013, 3398841.6855730377], [403546.7693963013, 3398841.1855730377], [403546.2693963013, 3398841.1855730377], [403546.2693963013, 3398840.6855730377], [403545.7693963013, 3398840.6855730377], [403545.7693963013, 3398840.1855730377], [403545.2693963013, 3398840.1855730377], [403545.2693963013, 3398839.6855730377], [403544.7693963013, 3398839.6855730377], [403544.7693963013, 3398838.6855730377], [403544.2693963013, 3398838.6855730377], [403544.2693963013, 3398837.6855730377], [403543.7693963013, 3398837.6855730377], [403543.7693963013, 3398836.6855730377], [403543.2693963013, 3398836.6855730377], [403543.2693963013, 3398835.6855730377], [403542.7693963013, 3398835.6855730377], [403542.7693963013, 3398833.6855730377], [403542.2693963013, 3398833.6855730377], [403542.2693963013, 3398832.1855730377], [403541.7693963013, 3398832.1855730377], [403541.7693963013, 3398831.1855730377], [403541.2693963013, 3398831.1855730377], [403541.2693963013, 3398830.1855730377], [403540.7693963013, 3398830.1855730377], [403540.7693963013, 3398829.1855730377], [403540.2693963013, 3398829.1855730377], [403540.2693963013, 3398828.6855730377], [403539.7693963013, 3398828.6855730377], [403539.7693963013, 3398827.6855730377], [403539.2693963013, 3398827.6855730377], [403539.2693963013, 3398827.1855730377], [403538.7693963013, 3398827.1855730377], [403538.7693963013, 3398826.6855730377], [403538.2693963013, 3398826.6855730377], [403538.2693963013, 3398826.1855730377], [403537.7693963013, 3398826.1855730377], [403537.7693963013, 3398825.1855730377], [403537.2693963013, 3398825.1855730377], [403537.2693963013, 3398824.6855730377], [403536.7693963013, 3398824.6855730377], [403536.7693963013, 3398823.6855730377], [403536.2693963013, 3398823.6855730377], [403536.2693963013, 3398823.1855730377], [403535.7693963013, 3398823.1855730377], [403535.7693963013, 3398822.1855730377], [403535.2693963013, 3398822.1855730377], [403535.2693963013, 3398821.1855730377], [403534.7693963013, 3398821.1855730377], [403534.7693963013, 3398820.1855730377], [403534.2693963013, 3398820.1855730377], [403534.2693963013, 3398818.6855730377], [403533.7693963013, 3398818.6855730377], [403533.7693963013, 3398816.6855730377], [403533.2693963013, 3398816.6855730377], [403533.2693963013, 3398815.1855730377], [403533.7693963013, 3398815.1855730377], [403533.7693963013, 3398814.1855730377], [403534.7693963013, 3398814.1855730377], [403534.7693963013, 3398813.6855730377], [403535.2693963013, 3398813.6855730377], [403535.2693963013, 3398813.1855730377], [403535.7693963013, 3398813.1855730377], [403535.7693963013, 3398811.6855730377], [403536.2693963013, 3398811.6855730377], [403536.2693963013, 3398810.6855730377], [403536.7693963013, 3398810.6855730377], [403536.7693963013, 3398810.1855730377], [403537.2693963013, 3398810.1855730377], [403537.2693963013, 3398807.1855730377], [403537.7693963013, 3398807.1855730377], [403537.7693963013, 3398805.6855730377], [403538.2693963013, 3398805.6855730377], [403538.2693963013, 3398804.6855730377], [403538.7693963013, 3398804.6855730377], [403538.7693963013, 3398803.6855730377], [403539.7693963013, 3398803.6855730377], [403539.7693963013, 3398803.1855730377], [403541.2693963013, 3398803.1855730377], [403541.2693963013, 3398802.6855730377], [403544.7693963013, 3398802.6855730377], [403544.7693963013, 3398803.1855730377], [403545.2693963013, 3398803.1855730377], [403545.2693963013, 3398803.6855730377], [403547.2693963013, 3398803.6855730377], [403547.2693963013, 3398804.1855730377], [403547.7693963013, 3398804.1855730377], [403547.7693963013, 3398805.1855730377], [403548.2693963013, 3398805.1855730377], [403548.2693963013, 3398805.6855730377], [403548.7693963013, 3398805.6855730377], [403548.7693963013, 3398806.1855730377], [403549.2693963013, 3398806.1855730377], [403549.2693963013, 3398806.6855730377], [403549.7693963013, 3398806.6855730377], [403549.7693963013, 3398807.1855730377], [403550.2693963013, 3398807.1855730377], [403550.2693963013, 3398807.6855730377], [403550.7693963013, 3398807.6855730377], [403550.7693963013, 3398808.1855730377], [403551.2693963013, 3398808.1855730377], [403551.2693963013, 3398808.6855730377], [403551.7693963013, 3398808.6855730377], [403551.7693963013, 3398809.6855730377], [403552.2693963013, 3398809.6855730377], [403552.2693963013, 3398810.1855730377], [403552.7693963013, 3398810.1855730377], [403552.7693963013, 3398811.1855730377], [403553.2693963013, 3398811.1855730377], [403553.2693963013, 3398812.1855730377], [403553.7693963013, 3398812.1855730377], [403553.7693963013, 3398812.6855730377], [403554.2693963013, 3398812.6855730377], [403554.2693963013, 3398813.1855730377], [403555.2693963013, 3398813.1855730377], [403555.2693963013, 3398814.1855730377], [403555.7693963013, 3398814.1855730377], [403555.7693963013, 3398815.1855730377], [403556.2693963013, 3398815.1855730377], [403556.2693963013, 3398816.1855730377], [403556.7693963013, 3398816.1855730377], [403556.7693963013, 3398817.1855730377], [403557.2693963013, 3398817.1855730377], [403557.2693963013, 3398818.1855730377], [403557.7693963013, 3398818.1855730377], [403557.7693963013, 3398818.6855730377], [403558.2693963013, 3398818.6855730377], [403558.2693963013, 3398819.1855730377], [403558.7693963013, 3398819.1855730377], [403558.7693963013, 3398819.6855730377], [403559.2693963013, 3398819.6855730377], [403559.2693963013, 3398820.1855730377], [403559.7693963013, 3398820.1855730377], [403559.7693963013, 3398820.6855730377], [403560.2693963013, 3398820.6855730377], [403560.2693963013, 3398821.1855730377], [403560.7693963013, 3398821.1855730377], [403560.7693963013, 3398821.6855730377], [403562.7693963013, 3398821.6855730377], [403562.7693963013, 3398822.1855730377], [403563.2693963013, 3398822.1855730377], [403563.2693963013, 3398821.6855730377], [403563.7693963013, 3398821.6855730377], [403563.7693963013, 3398821.1855730377], [403564.2693963013, 3398821.1855730377], [403564.2693963013, 3398820.6855730377], [403564.7693963013, 3398820.6855730377], [403564.7693963013, 3398817.6855730377], [403564.2693963013, 3398817.6855730377], [403564.2693963013, 3398817.1855730377], [403563.7693963013, 3398817.1855730377], [403563.7693963013, 3398816.1855730377], [403563.2693963013, 3398816.1855730377], [403563.2693963013, 3398815.6855730377], [403562.7693963013, 3398815.6855730377], [403562.7693963013, 3398815.1855730377], [403562.2693963013, 3398815.1855730377], [403562.2693963013, 3398814.1855730377], [403561.7693963013, 3398814.1855730377], [403561.7693963013, 3398813.6855730377], [403561.2693963013, 3398813.6855730377], [403561.2693963013, 3398813.1855730377], [403560.7693963013, 3398813.1855730377], [403560.7693963013, 3398812.6855730377], [403560.2693963013, 3398812.6855730377], [403560.2693963013, 3398812.1855730377], [403559.7693963013, 3398812.1855730377], [403559.7693963013, 3398811.6855730377], [403559.2693963013, 3398811.6855730377], [403559.2693963013, 3398810.6855730377], [403558.7693963013, 3398810.6855730377], [403558.7693963013, 3398809.6855730377], [403558.2693963013, 3398809.6855730377], [403558.2693963013, 3398809.1855730377], [403557.7693963013, 3398809.1855730377], [403557.7693963013, 3398808.1855730377], [403557.2693963013, 3398808.1855730377], [403557.2693963013, 3398807.6855730377], [403556.7693963013, 3398807.6855730377], [403556.7693963013, 3398807.1855730377], [403556.2693963013, 3398807.1855730377], [403556.2693963013, 3398806.1855730377], [403555.7693963013, 3398806.1855730377], [403555.7693963013, 3398805.1855730377], [403555.2693963013, 3398805.1855730377], [403555.2693963013, 3398804.1855730377], [403554.7693963013, 3398804.1855730377], [403554.7693963013, 3398801.1855730377], [403554.2693963013, 3398801.1855730377], [403554.2693963013, 3398796.6855730377], [403553.7693963013, 3398796.6855730377], [403553.7693963013, 3398794.6855730377], [403554.2693963013, 3398794.6855730377], [403554.2693963013, 3398794.1855730377], [403555.2693963013, 3398794.1855730377], [403555.2693963013, 3398792.6855730377], [403555.7693963013, 3398792.6855730377], [403555.7693963013, 3398790.6855730377], [403556.2693963013, 3398790.6855730377], [403556.2693963013, 3398789.1855730377], [403556.7693963013, 3398789.1855730377], [403556.7693963013, 3398787.6855730377], [403557.2693963013, 3398787.6855730377], [403557.2693963013, 3398786.6855730377], [403557.7693963013, 3398786.6855730377], [403557.7693963013, 3398785.6855730377], [403558.2693963013, 3398785.6855730377], [403558.2693963013, 3398784.6855730377], [403558.7693963013, 3398784.6855730377], [403558.7693963013, 3398784.1855730377], [403559.2693963013, 3398784.1855730377], [403559.2693963013, 3398783.6855730377], [403559.7693963013, 3398783.6855730377], [403559.7693963013, 3398783.1855730377], [403560.2693963013, 3398783.1855730377], [403560.2693963013, 3398782.6855730377], [403560.7693963013, 3398782.6855730377], [403560.7693963013, 3398782.1855730377], [403561.7693963013, 3398782.1855730377], [403561.7693963013, 3398781.6855730377], [403562.2693963013, 3398781.6855730377], [403562.2693963013, 3398781.1855730377], [403562.7693963013, 3398781.1855730377], [403562.7693963013, 3398780.6855730377], [403563.2693963013, 3398780.6855730377], [403563.2693963013, 3398780.1855730377], [403564.2693963013, 3398780.1855730377], [403564.2693963013, 3398779.6855730377], [403564.7693963013, 3398779.6855730377], [403564.7693963013, 3398779.1855730377], [403565.2693963013, 3398779.1855730377], [403565.2693963013, 3398778.6855730377], [403566.2693963013, 3398778.6855730377], [403566.2693963013, 3398778.1855730377], [403566.7693963013, 3398778.1855730377], [403566.7693963013, 3398777.6855730377], [403567.2693963013, 3398777.6855730377], [403567.2693963013, 3398777.1855730377], [403568.7693963013, 3398777.1855730377], [403568.7693963013, 3398776.6855730377], [403569.7693963013, 3398776.6855730377], [403569.7693963013, 3398776.1855730377], [403570.7693963013, 3398776.1855730377], [403570.7693963013, 3398775.6855730377], [403573.7693963013, 3398775.6855730377], [403573.7693963013, 3398775.1855730377], [403576.2693963013, 3398775.1855730377], [403576.2693963013, 3398774.6855730377], [403577.7693963013, 3398774.6855730377], [403577.7693963013, 3398774.1855730377], [403579.2693963013, 3398774.1855730377], [403579.2693963013, 3398773.6855730377], [403581.7693963013, 3398773.6855730377], [403581.7693963013, 3398773.1855730377], [403584.2693963013, 3398773.1855730377], [403584.2693963013, 3398773.6855730377], [403587.7693963013, 3398773.6855730377], [403587.7693963013, 3398773.1855730377], [403588.7693963013, 3398773.1855730377], [403588.7693963013, 3398772.6855730377], [403590.2693963013, 3398772.6855730377], [403590.2693963013, 3398772.1855730377], [403591.2693963013, 3398772.1855730377], [403591.2693963013, 3398772.6855730377], [403592.2693963013, 3398772.6855730377], [403592.2693963013, 3398773.1855730377], [403593.2693963013, 3398773.1855730377], [403593.2693963013, 3398773.6855730377], [403594.2693963013, 3398773.6855730377], [403594.2693963013, 3398774.1855730377], [403595.2693963013, 3398774.1855730377], [403595.2693963013, 3398774.6855730377], [403595.7693963013, 3398774.6855730377], [403595.7693963013, 3398775.1855730377], [403596.7693963013, 3398775.1855730377], [403596.7693963013, 3398775.6855730377], [403597.2693963013, 3398775.6855730377], [403597.2693963013, 3398776.6855730377], [403597.7693963013, 3398776.6855730377], [403597.7693963013, 3398777.1855730377], [403598.2693963013, 3398777.1855730377], [403598.2693963013, 3398777.6855730377], [403598.7693963013, 3398777.6855730377], [403598.7693963013, 3398778.1855730377], [403599.2693963013, 3398778.1855730377], [403599.2693963013, 3398778.6855730377], [403599.7693963013, 3398778.6855730377], [403599.7693963013, 3398779.6855730377], [403600.2693963013, 3398779.6855730377], [403600.2693963013, 3398780.6855730377], [403600.7693963013, 3398780.6855730377], [403600.7693963013, 3398781.6855730377], [403601.2693963013, 3398781.6855730377], [403601.2693963013, 3398782.1855730377], [403601.7693963013, 3398782.1855730377], [403601.7693963013, 3398782.6855730377], [403602.7693963013, 3398782.6855730377], [403602.7693963013, 3398783.1855730377], [403603.2693963013, 3398783.1855730377], [403603.2693963013, 3398783.6855730377], [403603.7693963013, 3398783.6855730377], [403603.7693963013, 3398784.1855730377], [403604.7693963013, 3398784.1855730377], [403604.7693963013, 3398784.6855730377], [403605.2693963013, 3398784.6855730377], [403605.2693963013, 3398785.1855730377], [403606.2693963013, 3398785.1855730377], [403606.2693963013, 3398785.6855730377], [403607.2693963013, 3398785.6855730377], [403607.2693963013, 3398786.1855730377], [403607.7693963013, 3398786.1855730377], [403607.7693963013, 3398786.6855730377], [403608.2693963013, 3398786.6855730377], [403608.2693963013, 3398787.1855730377], [403608.7693963013, 3398787.1855730377], [403608.7693963013, 3398787.6855730377], [403609.2693963013, 3398787.6855730377], [403609.2693963013, 3398788.1855730377], [403609.7693963013, 3398788.1855730377], [403609.7693963013, 3398788.6855730377], [403610.7693963013, 3398788.6855730377], [403610.7693963013, 3398789.1855730377], [403611.2693963013, 3398789.1855730377], [403611.2693963013, 3398789.6855730377], [403611.7693963013, 3398789.6855730377], [403611.7693963013, 3398790.1855730377], [403612.2693963013, 3398790.1855730377], [403612.2693963013, 3398790.6855730377], [403612.7693963013, 3398790.6855730377], [403612.7693963013, 3398791.1855730377], [403615.7693963013, 3398791.1855730377], [403615.7693963013, 3398791.6855730377], [403616.7693963013, 3398791.6855730377], [403616.7693963013, 3398792.1855730377], [403617.2693963013, 3398792.1855730377], [403617.2693963013, 3398792.6855730377], [403618.7693963013, 3398792.6855730377], [403618.7693963013, 3398793.1855730377], [403620.2693963013, 3398793.1855730377], [403620.2693963013, 3398793.6855730377], [403620.7693963013, 3398793.6855730377], [403620.7693963013, 3398794.1855730377], [403622.2693963013, 3398794.1855730377], [403622.2693963013, 3398793.1855730377], [403622.7693963013, 3398793.1855730377], [403622.7693963013, 3398791.1855730377], [403624.7693963013, 3398791.1855730377], [403624.7693963013, 3398791.6855730377], [403624.2693963013, 3398791.6855730377], [403624.2693963013, 3398792.6855730377], [403623.7693963013, 3398792.6855730377], [403623.7693963013, 3398794.1855730377], [403624.2693963013, 3398794.1855730377], [403624.2693963013, 3398795.1855730377], [403624.7693963013, 3398795.1855730377], [403624.7693963013, 3398796.1855730377], [403625.7693963013, 3398796.1855730377], [403625.7693963013, 3398796.6855730377], [403627.2693963013, 3398796.6855730377], [403627.2693963013, 3398797.1855730377], [403627.7693963013, 3398797.1855730377], [403627.7693963013, 3398798.1855730377], [403628.2693963013, 3398798.1855730377], [403628.2693963013, 3398799.1855730377], [403628.7693963013, 3398799.1855730377], [403628.7693963013, 3398800.1855730377], [403629.2693963013, 3398800.1855730377], [403629.2693963013, 3398801.1855730377], [403629.7693963013, 3398801.1855730377], [403629.7693963013, 3398801.6855730377], [403630.2693963013, 3398801.6855730377], [403630.2693963013, 3398802.1855730377], [403630.7693963013, 3398802.1855730377], [403630.7693963013, 3398802.6855730377], [403631.2693963013, 3398802.6855730377], [403631.2693963013, 3398803.1855730377], [403631.7693963013, 3398803.1855730377], [403631.7693963013, 3398804.6855730377], [403632.2693963013, 3398804.6855730377], [403632.2693963013, 3398805.6855730377], [403632.7693963013, 3398805.6855730377], [403632.7693963013, 3398806.6855730377], [403633.2693963013, 3398806.6855730377], [403633.2693963013, 3398807.1855730377], [403633.7693963013, 3398807.1855730377], [403633.7693963013, 3398807.6855730377], [403634.2693963013, 3398807.6855730377], [403634.2693963013, 3398808.1855730377], [403634.7693963013, 3398808.1855730377], [403634.7693963013, 3398808.6855730377], [403635.2693963013, 3398808.6855730377], [403635.2693963013, 3398810.1855730377], [403635.7693963013, 3398810.1855730377], [403635.7693963013, 3398811.1855730377], [403636.2693963013, 3398811.1855730377], [403636.2693963013, 3398812.6855730377], [403636.7693963013, 3398812.6855730377], [403636.7693963013, 3398814.1855730377], [403637.2693963013, 3398814.1855730377], [403637.2693963013, 3398814.6855730377], [403638.2693963013, 3398814.6855730377], [403638.2693963013, 3398815.1855730377], [403638.7693963013, 3398815.1855730377], [403638.7693963013, 3398815.6855730377], [403639.2693963013, 3398815.6855730377], [403639.2693963013, 3398816.6855730377], [403639.7693963013, 3398816.6855730377], [403639.7693963013, 3398818.6855730377], [403640.2693963013, 3398818.6855730377], [403640.2693963013, 3398821.1855730377], [403640.7693963013, 3398821.1855730377], [403640.7693963013, 3398822.6855730377], [403641.2693963013, 3398822.6855730377], [403641.2693963013, 3398823.1855730377], [403641.7693963013, 3398823.1855730377], [403641.7693963013, 3398823.6855730377], [403642.7693963013, 3398823.6855730377], [403642.7693963013, 3398824.1855730377], [403643.7693963013, 3398824.1855730377], [403643.7693963013, 3398824.6855730377], [403644.7693963013, 3398824.6855730377], [403644.7693963013, 3398825.1855730377], [403645.7693963013, 3398825.1855730377], [403645.7693963013, 3398824.6855730377], [403646.7693963013, 3398824.6855730377], [403646.7693963013, 3398824.1855730377], [403647.7693963013, 3398824.1855730377], [403647.7693963013, 3398823.6855730377], [403648.2693963013, 3398823.6855730377], [403648.2693963013, 3398823.1855730377], [403648.7693963013, 3398823.1855730377], [403648.7693963013, 3398822.6855730377], [403649.2693963013, 3398822.6855730377], [403649.2693963013, 3398822.1855730377], [403649.7693963013, 3398822.1855730377], [403649.7693963013, 3398821.6855730377], [403650.2693963013, 3398821.6855730377], [403650.2693963013, 3398821.1855730377], [403650.7693963013, 3398821.1855730377], [403650.7693963013, 3398820.6855730377], [403651.2693963013, 3398820.6855730377], [403651.2693963013, 3398820.1855730377], [403653.2693963013, 3398820.1855730377], [403653.2693963013, 3398819.6855730377], [403656.7693963013, 3398819.6855730377], [403656.7693963013, 3398820.1855730377], [403657.7693963013, 3398820.1855730377], [403657.7693963013, 3398819.6855730377], [403658.2693963013, 3398819.6855730377], [403658.2693963013, 3398819.1855730377], [403658.7693963013, 3398819.1855730377], [403658.7693963013, 3398818.1855730377], [403659.2693963013, 3398818.1855730377], [403659.2693963013, 3398817.1855730377], [403659.7693963013, 3398817.1855730377], [403659.7693963013, 3398813.6855730377], [403659.2693963013, 3398813.6855730377], [403659.2693963013, 3398813.1855730377], [403658.7693963013, 3398813.1855730377], [403658.7693963013, 3398812.1855730377], [403658.2693963013, 3398812.1855730377], [403658.2693963013, 3398811.1855730377], [403657.2693963013, 3398811.1855730377], [403657.2693963013, 3398810.6855730377], [403656.2693963013, 3398810.6855730377], [403656.2693963013, 3398810.1855730377], [403655.2693963013, 3398810.1855730377], [403655.2693963013, 3398809.6855730377], [403652.7693963013, 3398809.6855730377], [403652.7693963013, 3398809.1855730377], [403651.7693963013, 3398809.1855730377], [403651.7693963013, 3398808.6855730377], [403651.2693963013, 3398808.6855730377], [403651.2693963013, 3398808.1855730377], [403650.7693963013, 3398808.1855730377], [403650.7693963013, 3398807.6855730377], [403650.2693963013, 3398807.6855730377], [403650.2693963013, 3398807.1855730377], [403649.7693963013, 3398807.1855730377], [403649.7693963013, 3398806.6855730377], [403649.2693963013, 3398806.6855730377], [403649.2693963013, 3398806.1855730377], [403648.7693963013, 3398806.1855730377], [403648.7693963013, 3398805.6855730377], [403647.7693963013, 3398805.6855730377], [403647.7693963013, 3398805.1855730377], [403647.2693963013, 3398805.1855730377], [403647.2693963013, 3398804.6855730377], [403646.7693963013, 3398804.6855730377], [403646.7693963013, 3398804.1855730377], [403646.2693963013, 3398804.1855730377], [403646.2693963013, 3398803.6855730377], [403645.7693963013, 3398803.6855730377], [403645.7693963013, 3398803.1855730377], [403645.2693963013, 3398803.1855730377], [403645.2693963013, 3398802.6855730377], [403644.7693963013, 3398802.6855730377], [403644.7693963013, 3398802.1855730377], [403644.2693963013, 3398802.1855730377], [403644.2693963013, 3398801.6855730377], [403643.7693963013, 3398801.6855730377], [403643.7693963013, 3398801.1855730377], [403643.2693963013, 3398801.1855730377], [403643.2693963013, 3398800.6855730377], [403642.7693963013, 3398800.6855730377], [403642.7693963013, 3398800.1855730377], [403641.7693963013, 3398800.1855730377], [403641.7693963013, 3398799.6855730377], [403641.2693963013, 3398799.6855730377], [403641.2693963013, 3398799.1855730377], [403640.7693963013, 3398799.1855730377], [403640.7693963013, 3398798.6855730377], [403640.2693963013, 3398798.6855730377], [403640.2693963013, 3398798.1855730377], [403639.7693963013, 3398798.1855730377], [403639.7693963013, 3398797.6855730377], [403639.2693963013, 3398797.6855730377], [403639.2693963013, 3398797.1855730377], [403638.7693963013, 3398797.1855730377], [403638.7693963013, 3398796.6855730377], [403638.2693963013, 3398796.6855730377], [403638.2693963013, 3398796.1855730377], [403637.7693963013, 3398796.1855730377], [403637.7693963013, 3398792.6855730377], [403638.2693963013, 3398792.6855730377], [403638.2693963013, 3398792.1855730377], [403638.7693963013, 3398792.1855730377], [403638.7693963013, 3398791.1855730377], [403639.2693963013, 3398791.1855730377], [403639.2693963013, 3398790.6855730377], [403639.7693963013, 3398790.6855730377], [403639.7693963013, 3398790.1855730377], [403640.2693963013, 3398790.1855730377], [403640.2693963013, 3398789.6855730377], [403640.7693963013, 3398789.6855730377], [403640.7693963013, 3398789.1855730377], [403641.2693963013, 3398789.1855730377], [403641.2693963013, 3398788.6855730377], [403641.7693963013, 3398788.6855730377], [403641.7693963013, 3398788.1855730377], [403642.2693963013, 3398788.1855730377], [403642.2693963013, 3398787.6855730377], [403642.7693963013, 3398787.6855730377], [403642.7693963013, 3398786.6855730377], [403643.2693963013, 3398786.6855730377], [403643.2693963013, 3398785.6855730377], [403643.7693963013, 3398785.6855730377], [403643.7693963013, 3398784.6855730377], [403644.2693963013, 3398784.6855730377], [403644.2693963013, 3398782.6855730377], [403644.7693963013, 3398782.6855730377], [403644.7693963013, 3398779.1855730377], [403645.2693963013, 3398779.1855730377], [403645.2693963013, 3398777.6855730377], [403645.7693963013, 3398777.6855730377], [403645.7693963013, 3398777.1855730377], [403646.7693963013, 3398777.1855730377], [403646.7693963013, 3398776.6855730377], [403652.2693963013, 3398776.6855730377], [403652.2693963013, 3398777.1855730377], [403652.7693963013, 3398777.1855730377], [403652.7693963013, 3398777.6855730377], [403653.7693963013, 3398777.6855730377], [403653.7693963013, 3398777.1855730377], [403654.7693963013, 3398777.1855730377], [403654.7693963013, 3398776.6855730377], [403655.7693963013, 3398776.6855730377], [403655.7693963013, 3398776.1855730377], [403656.7693963013, 3398776.1855730377], [403656.7693963013, 3398775.6855730377], [403657.7693963013, 3398775.6855730377], [403657.7693963013, 3398775.1855730377], [403663.2693963013, 3398775.1855730377], [403663.2693963013, 3398775.6855730377], [403663.7693963013, 3398775.6855730377], [403663.7693963013, 3398776.1855730377], [403664.2693963013, 3398776.1855730377], [403664.2693963013, 3398776.6855730377], [403664.7693963013, 3398776.6855730377], [403664.7693963013, 3398777.1855730377], [403665.2693963013, 3398777.1855730377], [403665.2693963013, 3398777.6855730377], [403665.7693963013, 3398777.6855730377], [403665.7693963013, 3398778.1855730377], [403666.7693963013, 3398778.1855730377], [403666.7693963013, 3398778.6855730377], [403667.2693963013, 3398778.6855730377], [403667.2693963013, 3398779.1855730377], [403667.7693963013, 3398779.1855730377], [403667.7693963013, 3398780.6855730377], [403668.2693963013, 3398780.6855730377], [403668.2693963013, 3398782.6855730377], [403668.7693963013, 3398782.6855730377], [403668.7693963013, 3398785.6855730377], [403669.2693963013, 3398785.6855730377], [403669.2693963013, 3398786.1855730377], [403669.7693963013, 3398786.1855730377], [403669.7693963013, 3398786.6855730377], [403670.2693963013, 3398786.6855730377], [403670.2693963013, 3398787.1855730377], [403670.7693963013, 3398787.1855730377], [403670.7693963013, 3398788.1855730377], [403671.2693963013, 3398788.1855730377], [403671.2693963013, 3398789.6855730377], [403671.7693963013, 3398789.6855730377], [403671.7693963013, 3398794.1855730377], [403671.2693963013, 3398794.1855730377], [403671.2693963013, 3398798.1855730377], [403670.7693963013, 3398798.1855730377], [403670.7693963013, 3398800.1855730377], [403671.2693963013, 3398800.1855730377], [403671.2693963013, 3398801.1855730377], [403671.7693963013, 3398801.1855730377], [403671.7693963013, 3398801.6855730377], [403672.2693963013, 3398801.6855730377], [403672.2693963013, 3398802.1855730377], [403673.2693963013, 3398802.1855730377], [403673.2693963013, 3398802.6855730377], [403675.2693963013, 3398802.6855730377], [403675.2693963013, 3398803.1855730377], [403675.7693963013, 3398803.1855730377], [403675.7693963013, 3398803.6855730377], [403676.2693963013, 3398803.6855730377], [403676.2693963013, 3398804.6855730377], [403676.7693963013, 3398804.6855730377], [403676.7693963013, 3398805.1855730377], [403677.2693963013, 3398805.1855730377], [403677.2693963013, 3398805.6855730377], [403677.7693963013, 3398805.6855730377], [403677.7693963013, 3398806.1855730377], [403678.2693963013, 3398806.1855730377], [403678.2693963013, 3398806.6855730377], [403678.7693963013, 3398806.6855730377], [403678.7693963013, 3398807.1855730377], [403679.7693963013, 3398807.1855730377], [403679.7693963013, 3398807.6855730377], [403680.2693963013, 3398807.6855730377], [403680.2693963013, 3398808.6855730377], [403680.7693963013, 3398808.6855730377], [403680.7693963013, 3398809.1855730377], [403681.7693963013, 3398809.1855730377], [403681.7693963013, 3398808.6855730377], [403682.7693963013, 3398808.6855730377], [403682.7693963013, 3398808.1855730377], [403687.2693963013, 3398808.1855730377], [403687.2693963013, 3398808.6855730377], [403687.7693963013, 3398808.6855730377], [403687.7693963013, 3398808.1855730377], [403689.2693963013, 3398808.1855730377], [403689.2693963013, 3398807.6855730377], [403689.7693963013, 3398807.6855730377], [403689.7693963013, 3398807.1855730377], [403690.2693963013, 3398807.1855730377], [403690.2693963013, 3398806.1855730377], [403690.7693963013, 3398806.1855730377], [403690.7693963013, 3398805.1855730377], [403691.2693963013, 3398805.1855730377], [403691.2693963013, 3398804.1855730377], [403691.7693963013, 3398804.1855730377], [403691.7693963013, 3398803.6855730377], [403692.2693963013, 3398803.6855730377], [403692.2693963013, 3398802.6855730377], [403693.2693963013, 3398802.6855730377], [403693.2693963013, 3398801.1855730377], [403693.7693963013, 3398801.1855730377], [403693.7693963013, 3398800.6855730377], [403694.2693963013, 3398800.6855730377], [403694.2693963013, 3398799.1855730377], [403694.7693963013, 3398799.1855730377], [403694.7693963013, 3398797.6855730377], [403695.2693963013, 3398797.6855730377], [403695.2693963013, 3398797.1855730377], [403697.2693963013, 3398797.1855730377], [403697.2693963013, 3398797.6855730377], [403698.7693963013, 3398797.6855730377], [403698.7693963013, 3398798.1855730377], [403699.2693963013, 3398798.1855730377], [403699.2693963013, 3398798.6855730377], [403699.7693963013, 3398798.6855730377], [403699.7693963013, 3398799.1855730377], [403700.7693963013, 3398799.1855730377], [403700.7693963013, 3398799.6855730377], [403701.7693963013, 3398799.6855730377], [403701.7693963013, 3398799.1855730377], [403702.7693963013, 3398799.1855730377], [403702.7693963013, 3398798.6855730377], [403704.7693963013, 3398798.6855730377], [403704.7693963013, 3398798.1855730377], [403705.7693963013, 3398798.1855730377], [403705.7693963013, 3398797.6855730377], [403706.2693963013, 3398797.6855730377], [403706.2693963013, 3398797.1855730377], [403706.7693963013, 3398797.1855730377], [403706.7693963013, 3398796.6855730377], [403708.7693963013, 3398796.6855730377], [403708.7693963013, 3398796.1855730377], [403709.2693963013, 3398796.1855730377], [403709.2693963013, 3398796.6855730377], [403710.2693963013, 3398796.6855730377], [403710.2693963013, 3398797.1855730377], [403711.2693963013, 3398797.1855730377], [403711.2693963013, 3398797.6855730377], [403711.7693963013, 3398797.6855730377], [403711.7693963013, 3398798.1855730377], [403712.2693963013, 3398798.1855730377], [403712.2693963013, 3398798.6855730377], [403713.2693963013, 3398798.6855730377], [403713.2693963013, 3398799.1855730377], [403713.7693963013, 3398799.1855730377], [403713.7693963013, 3398799.6855730377], [403714.2693963013, 3398799.6855730377], [403714.2693963013, 3398800.1855730377], [403714.7693963013, 3398800.1855730377], [403714.7693963013, 3398800.6855730377], [403715.2693963013, 3398800.6855730377], [403715.2693963013, 3398801.1855730377], [403715.7693963013, 3398801.1855730377], [403715.7693963013, 3398801.6855730377], [403716.2693963013, 3398801.6855730377], [403716.2693963013, 3398802.1855730377], [403716.7693963013, 3398802.1855730377], [403716.7693963013, 3398802.6855730377], [403717.7693963013, 3398802.6855730377], [403717.7693963013, 3398803.1855730377], [403718.2693963013, 3398803.1855730377], [403718.2693963013, 3398803.6855730377], [403718.7693963013, 3398803.6855730377], [403718.7693963013, 3398804.1855730377], [403719.2693963013, 3398804.1855730377], [403719.2693963013, 3398804.6855730377], [403719.7693963013, 3398804.6855730377], [403719.7693963013, 3398805.1855730377], [403720.2693963013, 3398805.1855730377], [403720.2693963013, 3398805.6855730377], [403720.7693963013, 3398805.6855730377], [403720.7693963013, 3398806.1855730377], [403721.2693963013, 3398806.1855730377], [403721.2693963013, 3398806.6855730377], [403721.7693963013, 3398806.6855730377], [403721.7693963013, 3398807.1855730377], [403722.2693963013, 3398807.1855730377], [403722.2693963013, 3398807.6855730377], [403722.7693963013, 3398807.6855730377], [403722.7693963013, 3398808.1855730377], [403723.2693963013, 3398808.1855730377], [403723.2693963013, 3398808.6855730377], [403723.7693963013, 3398808.6855730377], [403723.7693963013, 3398809.1855730377], [403724.2693963013, 3398809.1855730377], [403724.2693963013, 3398809.6855730377], [403724.7693963013, 3398809.6855730377], [403724.7693963013, 3398810.1855730377], [403725.2693963013, 3398810.1855730377], [403725.2693963013, 3398811.1855730377], [403725.7693963013, 3398811.1855730377], [403725.7693963013, 3398811.6855730377], [403726.2693963013, 3398811.6855730377], [403726.2693963013, 3398812.1855730377], [403726.7693963013, 3398812.1855730377], [403726.7693963013, 3398812.6855730377], [403727.2693963013, 3398812.6855730377], [403727.2693963013, 3398813.1855730377], [403728.2693963013, 3398813.1855730377], [403728.2693963013, 3398813.6855730377], [403728.7693963013, 3398813.6855730377], [403728.7693963013, 3398814.1855730377], [403729.2693963013, 3398814.1855730377], [403729.2693963013, 3398814.6855730377], [403729.7693963013, 3398814.6855730377], [403729.7693963013, 3398815.1855730377], [403730.2693963013, 3398815.1855730377], [403730.2693963013, 3398815.6855730377], [403730.7693963013, 3398815.6855730377], [403730.7693963013, 3398816.1855730377], [403731.2693963013, 3398816.1855730377], [403731.2693963013, 3398816.6855730377], [403731.7693963013, 3398816.6855730377], [403731.7693963013, 3398817.1855730377], [403732.2693963013, 3398817.1855730377], [403732.2693963013, 3398818.1855730377], [403732.7693963013, 3398818.1855730377], [403732.7693963013, 3398822.1855730377], [403732.2693963013, 3398822.1855730377], [403732.2693963013, 3398823.1855730377], [403731.7693963013, 3398823.1855730377], [403731.7693963013, 3398823.6855730377], [403731.2693963013, 3398823.6855730377], [403731.2693963013, 3398824.1855730377], [403728.7693963013, 3398824.1855730377], [403728.7693963013, 3398824.6855730377], [403727.7693963013, 3398824.6855730377], [403727.7693963013, 3398825.1855730377], [403727.2693963013, 3398825.1855730377], [403727.2693963013, 3398825.6855730377], [403726.2693963013, 3398825.6855730377], [403726.2693963013, 3398826.1855730377], [403725.7693963013, 3398826.1855730377], [403725.7693963013, 3398826.6855730377], [403725.2693963013, 3398826.6855730377], [403725.2693963013, 3398827.6855730377], [403724.7693963013, 3398827.6855730377], [403724.7693963013, 3398829.6855730377], [403724.2693963013, 3398829.6855730377], [403724.2693963013, 3398836.1855730377], [403723.7693963013, 3398836.1855730377], [403723.7693963013, 3398837.6855730377], [403723.2693963013, 3398837.6855730377], [403723.2693963013, 3398838.1855730377], [403722.7693963013, 3398838.1855730377], [403722.7693963013, 3398838.6855730377], [403722.2693963013, 3398838.6855730377], [403722.2693963013, 3398839.1855730377], [403721.2693963013, 3398839.1855730377], [403721.2693963013, 3398839.6855730377], [403720.7693963013, 3398839.6855730377], [403720.7693963013, 3398840.1855730377], [403720.2693963013, 3398840.1855730377], [403720.2693963013, 3398841.1855730377], [403719.7693963013, 3398841.1855730377], [403719.7693963013, 3398842.1855730377], [403719.2693963013, 3398842.1855730377], [403719.2693963013, 3398842.6855730377], [403718.7693963013, 3398842.6855730377], [403718.7693963013, 3398843.6855730377], [403718.2693963013, 3398843.6855730377], [403718.2693963013, 3398844.6855730377], [403717.7693963013, 3398844.6855730377], [403717.7693963013, 3398845.6855730377], [403717.2693963013, 3398845.6855730377], [403717.2693963013, 3398846.1855730377], [403716.7693963013, 3398846.1855730377], [403716.7693963013, 3398846.6855730377], [403716.2693963013, 3398846.6855730377], [403716.2693963013, 3398847.1855730377], [403715.7693963013, 3398847.1855730377], [403715.7693963013, 3398847.6855730377], [403714.7693963013, 3398847.6855730377], [403714.7693963013, 3398848.1855730377], [403713.2693963013, 3398848.1855730377], [403713.2693963013, 3398848.6855730377], [403712.7693963013, 3398848.6855730377], [403712.7693963013, 3398849.1855730377], [403712.2693963013, 3398849.1855730377], [403712.2693963013, 3398849.6855730377], [403711.7693963013, 3398849.6855730377], [403711.7693963013, 3398850.1855730377], [403711.2693963013, 3398850.1855730377], [403711.2693963013, 3398850.6855730377], [403710.7693963013, 3398850.6855730377], [403710.7693963013, 3398851.6855730377], [403710.2693963013, 3398851.6855730377], [403710.2693963013, 3398852.1855730377], [403709.7693963013, 3398852.1855730377], [403709.7693963013, 3398852.6855730377], [403709.2693963013, 3398852.6855730377], [403709.2693963013, 3398853.6855730377], [403708.7693963013, 3398853.6855730377], [403708.7693963013, 3398854.1855730377], [403708.2693963013, 3398854.1855730377], [403708.2693963013, 3398854.6855730377], [403707.7693963013, 3398854.6855730377], [403707.7693963013, 3398855.1855730377], [403707.2693963013, 3398855.1855730377], [403707.2693963013, 3398855.6855730377], [403706.2693963013, 3398855.6855730377], [403706.2693963013, 3398856.1855730377], [403705.7693963013, 3398856.1855730377], [403705.7693963013, 3398856.6855730377], [403704.7693963013, 3398856.6855730377], [403704.7693963013, 3398857.1855730377], [403703.7693963013, 3398857.1855730377], [403703.7693963013, 3398857.6855730377], [403700.7693963013, 3398857.6855730377], [403700.7693963013, 3398858.1855730377], [403699.7693963013, 3398858.1855730377], [403699.7693963013, 3398858.6855730377], [403699.2693963013, 3398858.6855730377], [403699.2693963013, 3398859.6855730377], [403698.7693963013, 3398859.6855730377], [403698.7693963013, 3398861.1855730377], [403698.2693963013, 3398861.1855730377], [403698.2693963013, 3398862.1855730377], [403697.7693963013, 3398862.1855730377], [403697.7693963013, 3398863.1855730377], [403697.2693963013, 3398863.1855730377], [403697.2693963013, 3398864.1855730377], [403696.7693963013, 3398864.1855730377], [403696.7693963013, 3398864.6855730377], [403696.2693963013, 3398864.6855730377], [403696.2693963013, 3398865.6855730377], [403695.7693963013, 3398865.6855730377], [403695.7693963013, 3398867.1855730377], [403695.2693963013, 3398867.1855730377], [403695.2693963013, 3398868.6855730377], [403695.7693963013, 3398868.6855730377], [403695.7693963013, 3398873.1855730377], [403695.2693963013, 3398873.1855730377], [403695.2693963013, 3398876.6855730377], [403694.7693963013, 3398876.6855730377], [403694.7693963013, 3398877.6855730377], [403694.2693963013, 3398877.6855730377], [403694.2693963013, 3398878.1855730377], [403693.7693963013, 3398878.1855730377], [403693.7693963013, 3398878.6855730377], [403693.2693963013, 3398878.6855730377], [403693.2693963013, 3398879.6855730377], [403692.7693963013, 3398879.6855730377], [403692.7693963013, 3398880.1855730377], [403692.2693963013, 3398880.1855730377], [403692.2693963013, 3398880.6855730377], [403691.7693963013, 3398880.6855730377], [403691.7693963013, 3398881.1855730377], [403691.2693963013, 3398881.1855730377], [403691.2693963013, 3398881.6855730377], [403690.2693963013, 3398881.6855730377], [403690.2693963013, 3398882.1855730377], [403689.7693963013, 3398882.1855730377], [403689.7693963013, 3398882.6855730377], [403689.2693963013, 3398882.6855730377], [403689.2693963013, 3398883.1855730377], [403688.7693963013, 3398883.1855730377], [403688.7693963013, 3398883.6855730377], [403688.2693963013, 3398883.6855730377], [403688.2693963013, 3398884.1855730377], [403687.7693963013, 3398884.1855730377], [403687.7693963013, 3398884.6855730377], [403687.2693963013, 3398884.6855730377], [403687.2693963013, 3398885.6855730377], [403686.2693963013, 3398885.6855730377], [403686.2693963013, 3398886.1855730377], [403685.7693963013, 3398886.1855730377], [403685.7693963013, 3398886.6855730377], [403685.2693963013, 3398886.6855730377], [403685.2693963013, 3398887.1855730377], [403684.7693963013, 3398887.1855730377], [403684.7693963013, 3398887.6855730377], [403684.2693963013, 3398887.6855730377], [403684.2693963013, 3398888.1855730377], [403683.2693963013, 3398888.1855730377], [403683.2693963013, 3398888.6855730377], [403682.7693963013, 3398888.6855730377], [403682.7693963013, 3398889.1855730377], [403681.7693963013, 3398889.1855730377], [403681.7693963013, 3398889.6855730377], [403681.2693963013, 3398889.6855730377], [403681.2693963013, 3398890.1855730377], [403680.7693963013, 3398890.1855730377], [403680.7693963013, 3398890.6855730377], [403680.2693963013, 3398890.6855730377], [403680.2693963013, 3398891.1855730377], [403679.7693963013, 3398891.1855730377], [403679.7693963013, 3398891.6855730377], [403679.2693963013, 3398891.6855730377], [403679.2693963013, 3398892.1855730377], [403678.7693963013, 3398892.1855730377], [403678.7693963013, 3398892.6855730377], [403678.2693963013, 3398892.6855730377], [403678.2693963013, 3398893.1855730377], [403677.7693963013, 3398893.1855730377], [403677.7693963013, 3398893.6855730377], [403677.2693963013, 3398893.6855730377], [403677.2693963013, 3398894.1855730377], [403676.7693963013, 3398894.1855730377], [403676.7693963013, 3398894.6855730377], [403676.2693963013, 3398894.6855730377], [403676.2693963013, 3398895.1855730377], [403675.7693963013, 3398895.1855730377], [403675.7693963013, 3398895.6855730377], [403675.2693963013, 3398895.6855730377], [403675.2693963013, 3398896.1855730377], [403674.7693963013, 3398896.1855730377], [403674.7693963013, 3398896.6855730377], [403674.2693963013, 3398896.6855730377], [403674.2693963013, 3398897.1855730377], [403673.7693963013, 3398897.1855730377], [403673.7693963013, 3398897.6855730377], [403673.2693963013, 3398897.6855730377], [403673.2693963013, 3398898.1855730377], [403672.7693963013, 3398898.1855730377], [403672.7693963013, 3398899.1855730377], [403672.2693963013, 3398899.1855730377], [403672.2693963013, 3398899.6855730377], [403671.7693963013, 3398899.6855730377], [403671.7693963013, 3398900.6855730377], [403671.2693963013, 3398900.6855730377], [403671.2693963013, 3398901.1855730377], [403670.7693963013, 3398901.1855730377], [403670.7693963013, 3398901.6855730377], [403670.2693963013, 3398901.6855730377], [403670.2693963013, 3398902.6855730377], [403669.7693963013, 3398902.6855730377], [403669.7693963013, 3398903.1855730377], [403669.2693963013, 3398903.1855730377], [403669.2693963013, 3398904.1855730377], [403668.7693963013, 3398904.1855730377], [403668.7693963013, 3398905.1855730377], [403668.2693963013, 3398905.1855730377], [403668.2693963013, 3398905.6855730377], [403667.7693963013, 3398905.6855730377], [403667.7693963013, 3398906.6855730377], [403667.2693963013, 3398906.6855730377], [403667.2693963013, 3398907.1855730377], [403666.7693963013, 3398907.1855730377], [403666.7693963013, 3398907.6855730377], [403666.2693963013, 3398907.6855730377], [403666.2693963013, 3398908.1855730377], [403665.7693963013, 3398908.1855730377], [403665.7693963013, 3398908.6855730377], [403665.2693963013, 3398908.6855730377], [403665.2693963013, 3398909.6855730377], [403664.7693963013, 3398909.6855730377], [403664.7693963013, 3398910.1855730377], [403663.7693963013, 3398910.1855730377], [403663.7693963013, 3398910.6855730377], [403663.2693963013, 3398910.6855730377], [403663.2693963013, 3398911.1855730377], [403662.7693963013, 3398911.1855730377], [403662.7693963013, 3398911.6855730377], [403661.7693963013, 3398911.6855730377], [403661.7693963013, 3398912.1855730377], [403657.2693963013, 3398912.1855730377], [403657.2693963013, 3398911.6855730377], [403656.2693963013, 3398911.6855730377], [403656.2693963013, 3398911.1855730377], [403655.7693963013, 3398911.1855730377], [403655.7693963013, 3398910.6855730377], [403655.2693963013, 3398910.6855730377], [403655.2693963013, 3398910.1855730377], [403654.7693963013, 3398910.1855730377], [403654.7693963013, 3398909.1855730377], [403654.2693963013, 3398909.1855730377], [403654.2693963013, 3398908.6855730377], [403653.7693963013, 3398908.6855730377], [403653.7693963013, 3398907.6855730377], [403653.2693963013, 3398907.6855730377], [403653.2693963013, 3398906.1855730377], [403652.7693963013, 3398906.1855730377], [403652.7693963013, 3398904.6855730377], [403652.2693963013, 3398904.6855730377], [403652.2693963013, 3398903.6855730377], [403651.7693963013, 3398903.6855730377], [403651.7693963013, 3398899.1855730377], [403651.2693963013, 3398899.1855730377], [403651.2693963013, 3398897.1855730377], [403650.7693963013, 3398897.1855730377], [403650.7693963013, 3398896.1855730377], [403650.2693963013, 3398896.1855730377], [403650.2693963013, 3398895.1855730377], [403649.7693963013, 3398895.1855730377], [403649.7693963013, 3398894.1855730377], [403649.2693963013, 3398894.1855730377], [403649.2693963013, 3398893.1855730377], [403648.7693963013, 3398893.1855730377], [403648.7693963013, 3398892.6855730377], [403648.2693963013, 3398892.6855730377], [403648.2693963013, 3398892.1855730377], [403647.7693963013, 3398892.1855730377], [403647.7693963013, 3398891.6855730377], [403647.2693963013, 3398891.6855730377], [403647.2693963013, 3398891.1855730377], [403646.7693963013, 3398891.1855730377], [403646.7693963013, 3398890.6855730377], [403646.2693963013, 3398890.6855730377], [403646.2693963013, 3398890.1855730377], [403645.7693963013, 3398890.1855730377], [403645.7693963013, 3398889.6855730377], [403645.2693963013, 3398889.6855730377], [403645.2693963013, 3398889.1855730377], [403644.7693963013, 3398889.1855730377], [403644.7693963013, 3398888.6855730377], [403644.2693963013, 3398888.6855730377], [403644.2693963013, 3398888.1855730377], [403640.2693963013, 3398888.1855730377], [403640.2693963013, 3398888.6855730377], [403638.2693963013, 3398888.6855730377], [403638.2693963013, 3398889.1855730377], [403636.7693963013, 3398889.1855730377], [403636.7693963013, 3398889.6855730377], [403635.2693963013, 3398889.6855730377], [403635.2693963013, 3398890.1855730377], [403633.2693963013, 3398890.1855730377], [403633.2693963013, 3398890.6855730377], [403631.7693963013, 3398890.6855730377], [403631.7693963013, 3398891.1855730377], [403630.7693963013, 3398891.1855730377], [403630.7693963013, 3398891.6855730377], [403629.7693963013, 3398891.6855730377], [403629.7693963013, 3398892.1855730377], [403628.7693963013, 3398892.1855730377], [403628.7693963013, 3398892.6855730377], [403627.7693963013, 3398892.6855730377], [403627.7693963013, 3398893.1855730377], [403626.2693963013, 3398893.1855730377], [403626.2693963013, 3398893.6855730377], [403624.7693963013, 3398893.6855730377], [403624.7693963013, 3398894.6855730377], [403624.2693963013, 3398894.6855730377], [403624.2693963013, 3398895.1855730377], [403623.7693963013, 3398895.1855730377], [403623.7693963013, 3398900.1855730377], [403624.2693963013, 3398900.1855730377], [403624.2693963013, 3398901.6855730377], [403624.7693963013, 3398901.6855730377], [403624.7693963013, 3398902.1855730377], [403625.2693963013, 3398902.1855730377], [403625.2693963013, 3398902.6855730377], [403625.7693963013, 3398902.6855730377], [403625.7693963013, 3398902.1855730377], [403627.7693963013, 3398902.1855730377], [403627.7693963013, 3398902.6855730377], [403628.7693963013, 3398902.6855730377], [403628.7693963013, 3398903.1855730377], [403629.2693963013, 3398903.1855730377], [403629.2693963013, 3398903.6855730377], [403630.2693963013, 3398903.6855730377], [403630.2693963013, 3398904.1855730377], [403630.7693963013, 3398904.1855730377], [403630.7693963013, 3398904.6855730377], [403631.2693963013, 3398904.6855730377], [403631.2693963013, 3398905.1855730377], [403631.7693963013, 3398905.1855730377], [403631.7693963013, 3398905.6855730377], [403632.2693963013, 3398905.6855730377], [403632.2693963013, 3398906.1855730377], [403632.7693963013, 3398906.1855730377], [403632.7693963013, 3398906.6855730377], [403633.2693963013, 3398906.6855730377], [403633.2693963013, 3398907.1855730377], [403634.2693963013, 3398907.1855730377], [403634.2693963013, 3398907.6855730377], [403634.7693963013, 3398907.6855730377], [403634.7693963013, 3398908.1855730377], [403635.2693963013, 3398908.1855730377], [403635.2693963013, 3398908.6855730377], [403635.7693963013, 3398908.6855730377], [403635.7693963013, 3398909.1855730377], [403636.2693963013, 3398909.1855730377], [403636.2693963013, 3398909.6855730377], [403636.7693963013, 3398909.6855730377], [403636.7693963013, 3398910.1855730377], [403637.7693963013, 3398910.1855730377], [403637.7693963013, 3398910.6855730377], [403638.2693963013, 3398910.6855730377], [403638.2693963013, 3398911.1855730377], [403638.7693963013, 3398911.1855730377], [403638.7693963013, 3398911.6855730377], [403639.2693963013, 3398911.6855730377], [403639.2693963013, 3398912.6855730377], [403639.7693963013, 3398912.6855730377], [403639.7693963013, 3398913.6855730377], [403640.2693963013, 3398913.6855730377], [403640.2693963013, 3398917.1855730377], [403639.7693963013, 3398917.1855730377], [403639.7693963013, 3398919.1855730377], [403639.2693963013, 3398919.1855730377], [403639.2693963013, 3398920.1855730377], [403638.7693963013, 3398920.1855730377], [403638.7693963013, 3398921.1855730377], [403595.7693963013, 3398921.1855730377]], [[403606.7693963013, 3398862.6855730377], [403609.7693963013, 3398862.6855730377], [403609.7693963013, 3398862.1855730377], [403610.2693963013, 3398862.1855730377], [403610.2693963013, 3398861.6855730377], [403611.2693963013, 3398861.6855730377], [403611.2693963013, 3398861.1855730377], [403613.2693963013, 3398861.1855730377], [403613.2693963013, 3398860.6855730377], [403614.2693963013, 3398860.6855730377], [403614.2693963013, 3398860.1855730377], [403614.7693963013, 3398860.1855730377], [403614.7693963013, 3398859.6855730377], [403615.2693963013, 3398859.6855730377], [403615.2693963013, 3398859.1855730377], [403616.2693963013, 3398859.1855730377], [403616.2693963013, 3398858.6855730377], [403616.7693963013, 3398858.6855730377], [403616.7693963013, 3398858.1855730377], [403617.2693963013, 3398858.1855730377], [403617.2693963013, 3398857.6855730377], [403617.7693963013, 3398857.6855730377], [403617.7693963013, 3398857.1855730377], [403618.2693963013, 3398857.1855730377], [403618.2693963013, 3398856.6855730377], [403618.7693963013, 3398856.6855730377], [403618.7693963013, 3398856.1855730377], [403619.7693963013, 3398856.1855730377], [403619.7693963013, 3398855.6855730377], [403620.2693963013, 3398855.6855730377], [403620.2693963013, 3398855.1855730377], [403620.7693963013, 3398855.1855730377], [403620.7693963013, 3398851.1855730377], [403620.2693963013, 3398851.1855730377], [403620.2693963013, 3398849.6855730377], [403619.7693963013, 3398849.6855730377], [403619.7693963013, 3398849.1855730377], [403619.2693963013, 3398849.1855730377], [403619.2693963013, 3398848.1855730377], [403618.7693963013, 3398848.1855730377], [403618.7693963013, 3398847.6855730377], [403618.2693963013, 3398847.6855730377], [403618.2693963013, 3398847.1855730377], [403617.7693963013, 3398847.1855730377], [403617.7693963013, 3398846.6855730377], [403617.2693963013, 3398846.6855730377], [403617.2693963013, 3398846.1855730377], [403616.7693963013, 3398846.1855730377], [403616.7693963013, 3398845.1855730377], [403616.2693963013, 3398845.1855730377], [403616.2693963013, 3398844.6855730377], [403615.7693963013, 3398844.6855730377], [403615.7693963013, 3398844.1855730377], [403614.7693963013, 3398844.1855730377], [403614.7693963013, 3398843.6855730377], [403614.2693963013, 3398843.6855730377], [403614.2693963013, 3398843.1855730377], [403613.7693963013, 3398843.1855730377], [403613.7693963013, 3398842.6855730377], [403611.2693963013, 3398842.6855730377], [403611.2693963013, 3398843.1855730377], [403610.2693963013, 3398843.1855730377], [403610.2693963013, 3398843.6855730377], [403609.2693963013, 3398843.6855730377], [403609.2693963013, 3398844.1855730377], [403608.2693963013, 3398844.1855730377], [403608.2693963013, 3398844.6855730377], [403607.7693963013, 3398844.6855730377], [403607.7693963013, 3398845.1855730377], [403606.7693963013, 3398845.1855730377], [403606.7693963013, 3398845.6855730377], [403605.7693963013, 3398845.6855730377], [403605.7693963013, 3398846.1855730377], [403605.2693963013, 3398846.1855730377], [403605.2693963013, 3398846.6855730377], [403604.7693963013, 3398846.6855730377], [403604.7693963013, 3398847.1855730377], [403604.2693963013, 3398847.1855730377], [403604.2693963013, 3398847.6855730377], [403603.7693963013, 3398847.6855730377], [403603.7693963013, 3398848.6855730377], [403603.2693963013, 3398848.6855730377], [403603.2693963013, 3398849.6855730377], [403602.7693963013, 3398849.6855730377], [403602.7693963013, 3398850.6855730377], [403602.2693963013, 3398850.6855730377], [403602.2693963013, 3398852.6855730377], [403601.7693963013, 3398852.6855730377], [403601.7693963013, 3398854.1855730377], [403601.2693963013, 3398854.1855730377], [403601.2693963013, 3398855.6855730377], [403600.7693963013, 3398855.6855730377], [403600.7693963013, 3398857.6855730377], [403601.2693963013, 3398857.6855730377], [403601.2693963013, 3398858.1855730377], [403601.7693963013, 3398858.1855730377], [403601.7693963013, 3398858.6855730377], [403602.7693963013, 3398858.6855730377], [403602.7693963013, 3398859.1855730377], [403603.2693963013, 3398859.1855730377], [403603.2693963013, 3398859.6855730377], [403603.7693963013, 3398859.6855730377], [403603.7693963013, 3398860.1855730377], [403604.2693963013, 3398860.1855730377], [403604.2693963013, 3398860.6855730377], [403604.7693963013, 3398860.6855730377], [403604.7693963013, 3398861.1855730377], [403605.2693963013, 3398861.1855730377], [403605.2693963013, 3398861.6855730377], [403605.7693963013, 3398861.6855730377], [403605.7693963013, 3398862.1855730377], [403606.7693963013, 3398862.1855730377], [403606.7693963013, 3398862.6855730377]]]}, "properties": {"id": "seg_011", "source": "seg", "area_m2": 16988.8, "layout": "垂直式", "coef_m2": 28, "capacity": 607, "cap_min": 506, "cap_max": 758, "cx": 403667.0, "cy": 3398846.9}}, {"type": "Feature", "geometry": {"type": "Polygon", "coordinates": [[[403758.2693963013, 3398787.6855730377], [403758.2693963013, 3398787.1855730377], [403757.2693963013, 3398787.1855730377], [403757.2693963013, 3398786.1855730377], [403756.7693963013, 3398786.1855730377], [403756.7693963013, 3398785.6855730377], [403756.2693963013, 3398785.6855730377], [403756.2693963013, 3398785.1855730377], [403755.7693963013, 3398785.1855730377], [403755.7693963013, 3398784.1855730377], [403755.2693963013, 3398784.1855730377], [403755.2693963013, 3398783.6855730377], [403754.7693963013, 3398783.6855730377], [403754.7693963013, 3398783.1855730377], [403754.2693963013, 3398783.1855730377], [403754.2693963013, 3398782.6855730377], [403753.7693963013, 3398782.6855730377], [403753.7693963013, 3398782.1855730377], [403753.2693963013, 3398782.1855730377], [403753.2693963013, 3398781.6855730377], [403752.7693963013, 3398781.6855730377], [403752.7693963013, 3398781.1855730377], [403752.2693963013, 3398781.1855730377], [403752.2693963013, 3398780.6855730377], [403751.7693963013, 3398780.6855730377], [403751.7693963013, 3398780.1855730377], [403751.2693963013, 3398780.1855730377], [403751.2693963013, 3398779.6855730377], [403750.7693963013, 3398779.6855730377], [403750.7693963013, 3398779.1855730377], [403750.2693963013, 3398779.1855730377], [403750.2693963013, 3398778.6855730377], [403749.7693963013, 3398778.6855730377], [403749.7693963013, 3398778.1855730377], [403749.2693963013, 3398778.1855730377], [403749.2693963013, 3398777.6855730377], [403748.7693963013, 3398777.6855730377], [403748.7693963013, 3398777.1855730377], [403747.7693963013, 3398777.1855730377], [403747.7693963013, 3398776.6855730377], [403747.2693963013, 3398776.6855730377], [403747.2693963013, 3398776.1855730377], [403746.7693963013, 3398776.1855730377], [403746.7693963013, 3398775.6855730377], [403746.2693963013, 3398775.6855730377], [403746.2693963013, 3398774.1855730377], [403745.7693963013, 3398774.1855730377], [403745.7693963013, 3398773.6855730377], [403745.2693963013, 3398773.6855730377], [403745.2693963013, 3398773.1855730377], [403744.7693963013, 3398773.1855730377], [403744.7693963013, 3398772.1855730377], [403744.2693963013, 3398772.1855730377], [403744.2693963013, 3398771.6855730377], [403743.7693963013, 3398771.6855730377], [403743.7693963013, 3398771.1855730377], [403743.2693963013, 3398771.1855730377], [403743.2693963013, 3398770.1855730377], [403742.7693963013, 3398770.1855730377], [403742.7693963013, 3398769.6855730377], [403742.2693963013, 3398769.6855730377], [403742.2693963013, 3398769.1855730377], [403741.7693963013, 3398769.1855730377], [403741.7693963013, 3398768.1855730377], [403741.2693963013, 3398768.1855730377], [403741.2693963013, 3398767.6855730377], [403740.7693963013, 3398767.6855730377], [403740.7693963013, 3398766.6855730377], [403740.2693963013, 3398766.6855730377], [403740.2693963013, 3398766.1855730377], [403739.7693963013, 3398766.1855730377], [403739.7693963013, 3398765.1855730377], [403739.2693963013, 3398765.1855730377], [403739.2693963013, 3398764.6855730377], [403738.7693963013, 3398764.6855730377], [403738.7693963013, 3398764.1855730377], [403738.2693963013, 3398764.1855730377], [403738.2693963013, 3398763.6855730377], [403737.7693963013, 3398763.6855730377], [403737.7693963013, 3398763.1855730377], [403737.2693963013, 3398763.1855730377], [403737.2693963013, 3398762.1855730377], [403736.7693963013, 3398762.1855730377], [403736.7693963013, 3398761.6855730377], [403736.2693963013, 3398761.6855730377], [403736.2693963013, 3398761.1855730377], [403735.7693963013, 3398761.1855730377], [403735.7693963013, 3398760.1855730377], [403735.2693963013, 3398760.1855730377], [403735.2693963013, 3398759.6855730377], [403734.7693963013, 3398759.6855730377], [403734.7693963013, 3398758.6855730377], [403734.2693963013, 3398758.6855730377], [403734.2693963013, 3398758.1855730377], [403733.7693963013, 3398758.1855730377], [403733.7693963013, 3398757.6855730377], [403733.2693963013, 3398757.6855730377], [403733.2693963013, 3398756.6855730377], [403732.7693963013, 3398756.6855730377], [403732.7693963013, 3398756.1855730377], [403732.2693963013, 3398756.1855730377], [403732.2693963013, 3398755.1855730377], [403731.7693963013, 3398755.1855730377], [403731.7693963013, 3398754.6855730377], [403731.2693963013, 3398754.6855730377], [403731.2693963013, 3398754.1855730377], [403730.7693963013, 3398754.1855730377], [403730.7693963013, 3398753.6855730377], [403730.2693963013, 3398753.6855730377], [403730.2693963013, 3398752.6855730377], [403729.7693963013, 3398752.6855730377], [403729.7693963013, 3398752.1855730377], [403729.2693963013, 3398752.1855730377], [403729.2693963013, 3398738.1855730377], [403730.2693963013, 3398738.1855730377], [403730.2693963013, 3398737.6855730377], [403731.2693963013, 3398737.6855730377], [403731.2693963013, 3398737.1855730377], [403731.7693963013, 3398737.1855730377], [403731.7693963013, 3398736.6855730377], [403732.2693963013, 3398736.6855730377], [403732.2693963013, 3398736.1855730377], [403732.7693963013, 3398736.1855730377], [403732.7693963013, 3398735.6855730377], [403733.2693963013, 3398735.6855730377], [403733.2693963013, 3398735.1855730377], [403734.2693963013, 3398735.1855730377], [403734.2693963013, 3398734.6855730377], [403735.2693963013, 3398734.6855730377], [403735.2693963013, 3398734.1855730377], [403736.2693963013, 3398734.1855730377], [403736.2693963013, 3398733.6855730377], [403737.2693963013, 3398733.6855730377], [403737.2693963013, 3398733.1855730377], [403737.7693963013, 3398733.1855730377], [403737.7693963013, 3398732.6855730377], [403738.7693963013, 3398732.6855730377], [403738.7693963013, 3398732.1855730377], [403739.7693963013, 3398732.1855730377], [403739.7693963013, 3398731.6855730377], [403740.2693963013, 3398731.6855730377], [403740.2693963013, 3398731.1855730377], [403740.7693963013, 3398731.1855730377], [403740.7693963013, 3398730.6855730377], [403741.7693963013, 3398730.6855730377], [403741.7693963013, 3398730.1855730377], [403742.2693963013, 3398730.1855730377], [403742.2693963013, 3398729.6855730377], [403742.7693963013, 3398729.6855730377], [403742.7693963013, 3398729.1855730377], [403743.2693963013, 3398729.1855730377], [403743.2693963013, 3398728.1855730377], [403743.7693963013, 3398728.1855730377], [403743.7693963013, 3398727.1855730377], [403744.2693963013, 3398727.1855730377], [403744.2693963013, 3398725.6855730377], [403744.7693963013, 3398725.6855730377], [403744.7693963013, 3398724.6855730377], [403745.2693963013, 3398724.6855730377], [403745.2693963013, 3398723.6855730377], [403745.7693963013, 3398723.6855730377], [403745.7693963013, 3398722.1855730377], [403746.2693963013, 3398722.1855730377], [403746.2693963013, 3398721.1855730377], [403746.7693963013, 3398721.1855730377], [403746.7693963013, 3398719.6855730377], [403747.2693963013, 3398719.6855730377], [403747.2693963013, 3398717.6855730377], [403747.7693963013, 3398717.6855730377], [403747.7693963013, 3398715.6855730377], [403748.2693963013, 3398715.6855730377], [403748.2693963013, 3398711.1855730377], [403747.7693963013, 3398711.1855730377], [403747.7693963013, 3398709.6855730377], [403747.2693963013, 3398709.6855730377], [403747.2693963013, 3398708.1855730377], [403755.2693963013, 3398708.1855730377], [403755.2693963013, 3398708.6855730377], [403754.7693963013, 3398708.6855730377], [403754.7693963013, 3398710.6855730377], [403755.2693963013, 3398710.6855730377], [403755.2693963013, 3398712.1855730377], [403755.7693963013, 3398712.1855730377], [403755.7693963013, 3398713.6855730377], [403756.2693963013, 3398713.6855730377], [403756.2693963013, 3398714.1855730377], [403756.7693963013, 3398714.1855730377], [403756.7693963013, 3398715.1855730377], [403757.2693963013, 3398715.1855730377], [403757.2693963013, 3398715.6855730377], [403758.2693963013, 3398715.6855730377], [403758.2693963013, 3398716.1855730377], [403758.7693963013, 3398716.1855730377], [403758.7693963013, 3398716.6855730377], [403759.2693963013, 3398716.6855730377], [403759.2693963013, 3398717.6855730377], [403759.7693963013, 3398717.6855730377], [403759.7693963013, 3398718.6855730377], [403760.2693963013, 3398718.6855730377], [403760.2693963013, 3398719.6855730377], [403760.7693963013, 3398719.6855730377], [403760.7693963013, 3398720.1855730377], [403761.2693963013, 3398720.1855730377], [403761.2693963013, 3398721.1855730377], [403761.7693963013, 3398721.1855730377], [403761.7693963013, 3398722.1855730377], [403762.2693963013, 3398722.1855730377], [403762.2693963013, 3398723.1855730377], [403762.7693963013, 3398723.1855730377], [403762.7693963013, 3398724.1855730377], [403763.2693963013, 3398724.1855730377], [403763.2693963013, 3398725.1855730377], [403763.7693963013, 3398725.1855730377], [403763.7693963013, 3398726.6855730377], [403764.2693963013, 3398726.6855730377], [403764.2693963013, 3398727.6855730377], [403764.7693963013, 3398727.6855730377], [403764.7693963013, 3398728.6855730377], [403765.2693963013, 3398728.6855730377], [403765.2693963013, 3398729.1855730377], [403765.7693963013, 3398729.1855730377], [403765.7693963013, 3398729.6855730377], [403766.2693963013, 3398729.6855730377], [403766.2693963013, 3398730.1855730377], [403766.7693963013, 3398730.1855730377], [403766.7693963013, 3398730.6855730377], [403767.2693963013, 3398730.6855730377], [403767.2693963013, 3398731.1855730377], [403767.7693963013, 3398731.1855730377], [403767.7693963013, 3398731.6855730377], [403768.7693963013, 3398731.6855730377], [403768.7693963013, 3398732.1855730377], [403769.2693963013, 3398732.1855730377], [403769.2693963013, 3398732.6855730377], [403769.7693963013, 3398732.6855730377], [403769.7693963013, 3398733.1855730377], [403770.2693963013, 3398733.1855730377], [403770.2693963013, 3398733.6855730377], [403770.7693963013, 3398733.6855730377], [403770.7693963013, 3398734.1855730377], [403771.2693963013, 3398734.1855730377], [403771.2693963013, 3398734.6855730377], [403771.7693963013, 3398734.6855730377], [403771.7693963013, 3398735.1855730377], [403772.2693963013, 3398735.1855730377], [403772.2693963013, 3398735.6855730377], [403772.7693963013, 3398735.6855730377], [403772.7693963013, 3398736.1855730377], [403773.2693963013, 3398736.1855730377], [403773.2693963013, 3398736.6855730377], [403774.2693963013, 3398736.6855730377], [403774.2693963013, 3398737.1855730377], [403774.7693963013, 3398737.1855730377], [403774.7693963013, 3398737.6855730377], [403775.2693963013, 3398737.6855730377], [403775.2693963013, 3398738.1855730377], [403776.2693963013, 3398738.1855730377], [403776.2693963013, 3398738.6855730377], [403777.2693963013, 3398738.6855730377], [403777.2693963013, 3398739.1855730377], [403778.2693963013, 3398739.1855730377], [403778.2693963013, 3398739.6855730377], [403779.2693963013, 3398739.6855730377], [403779.2693963013, 3398740.1855730377], [403780.2693963013, 3398740.1855730377], [403780.2693963013, 3398740.6855730377], [403782.2693963013, 3398740.6855730377], [403782.2693963013, 3398741.1855730377], [403783.7693963013, 3398741.1855730377], [403783.7693963013, 3398741.6855730377], [403784.2693963013, 3398741.6855730377], [403784.2693963013, 3398742.1855730377], [403784.7693963013, 3398742.1855730377], [403784.7693963013, 3398742.6855730377], [403785.2693963013, 3398742.6855730377], [403785.2693963013, 3398743.6855730377], [403785.7693963013, 3398743.6855730377], [403785.7693963013, 3398744.6855730377], [403786.2693963013, 3398744.6855730377], [403786.2693963013, 3398745.6855730377], [403786.7693963013, 3398745.6855730377], [403786.7693963013, 3398746.6855730377], [403787.2693963013, 3398746.6855730377], [403787.2693963013, 3398747.6855730377], [403787.7693963013, 3398747.6855730377], [403787.7693963013, 3398749.1855730377], [403788.2693963013, 3398749.1855730377], [403788.2693963013, 3398752.1855730377], [403788.7693963013, 3398752.1855730377], [403788.7693963013, 3398756.6855730377], [403788.2693963013, 3398756.6855730377], [403788.2693963013, 3398758.1855730377], [403787.7693963013, 3398758.1855730377], [403787.7693963013, 3398759.6855730377], [403787.2693963013, 3398759.6855730377], [403787.2693963013, 3398760.1855730377], [403786.7693963013, 3398760.1855730377], [403786.7693963013, 3398760.6855730377], [403786.2693963013, 3398760.6855730377], [403786.2693963013, 3398761.6855730377], [403785.7693963013, 3398761.6855730377], [403785.7693963013, 3398762.1855730377], [403785.2693963013, 3398762.1855730377], [403785.2693963013, 3398762.6855730377], [403784.7693963013, 3398762.6855730377], [403784.7693963013, 3398763.6855730377], [403784.2693963013, 3398763.6855730377], [403784.2693963013, 3398764.1855730377], [403783.7693963013, 3398764.1855730377], [403783.7693963013, 3398764.6855730377], [403783.2693963013, 3398764.6855730377], [403783.2693963013, 3398765.1855730377], [403782.7693963013, 3398765.1855730377], [403782.7693963013, 3398766.1855730377], [403782.2693963013, 3398766.1855730377], [403782.2693963013, 3398766.6855730377], [403781.7693963013, 3398766.6855730377], [403781.7693963013, 3398767.1855730377], [403781.2693963013, 3398767.1855730377], [403781.2693963013, 3398768.1855730377], [403780.7693963013, 3398768.1855730377], [403780.7693963013, 3398769.1855730377], [403780.2693963013, 3398769.1855730377], [403780.2693963013, 3398770.1855730377], [403779.7693963013, 3398770.1855730377], [403779.7693963013, 3398771.1855730377], [403779.2693963013, 3398771.1855730377], [403779.2693963013, 3398772.1855730377], [403778.7693963013, 3398772.1855730377], [403778.7693963013, 3398773.1855730377], [403778.2693963013, 3398773.1855730377], [403778.2693963013, 3398773.6855730377], [403777.7693963013, 3398773.6855730377], [403777.7693963013, 3398774.6855730377], [403777.2693963013, 3398774.6855730377], [403777.2693963013, 3398775.6855730377], [403776.7693963013, 3398775.6855730377], [403776.7693963013, 3398776.6855730377], [403776.2693963013, 3398776.6855730377], [403776.2693963013, 3398777.1855730377], [403775.7693963013, 3398777.1855730377], [403775.7693963013, 3398777.6855730377], [403775.2693963013, 3398777.6855730377], [403775.2693963013, 3398778.1855730377], [403774.7693963013, 3398778.1855730377], [403774.7693963013, 3398778.6855730377], [403773.7693963013, 3398778.6855730377], [403773.7693963013, 3398779.1855730377], [403772.7693963013, 3398779.1855730377], [403772.7693963013, 3398779.6855730377], [403772.2693963013, 3398779.6855730377], [403772.2693963013, 3398780.1855730377], [403771.7693963013, 3398780.1855730377], [403771.7693963013, 3398780.6855730377], [403770.7693963013, 3398780.6855730377], [403770.7693963013, 3398781.1855730377], [403770.2693963013, 3398781.1855730377], [403770.2693963013, 3398781.6855730377], [403769.7693963013, 3398781.6855730377], [403769.7693963013, 3398782.1855730377], [403769.2693963013, 3398782.1855730377], [403769.2693963013, 3398782.6855730377], [403768.7693963013, 3398782.6855730377], [403768.7693963013, 3398783.1855730377], [403768.2693963013, 3398783.1855730377], [403768.2693963013, 3398783.6855730377], [403767.7693963013, 3398783.6855730377], [403767.7693963013, 3398784.1855730377], [403767.2693963013, 3398784.1855730377], [403767.2693963013, 3398784.6855730377], [403766.2693963013, 3398784.6855730377], [403766.2693963013, 3398785.1855730377], [403765.7693963013, 3398785.1855730377], [403765.7693963013, 3398785.6855730377], [403765.2693963013, 3398785.6855730377], [403765.2693963013, 3398786.1855730377], [403764.7693963013, 3398786.1855730377], [403764.7693963013, 3398786.6855730377], [403763.7693963013, 3398786.6855730377], [403763.7693963013, 3398787.1855730377], [403762.7693963013, 3398787.1855730377], [403762.7693963013, 3398787.6855730377], [403758.2693963013, 3398787.6855730377]]]}, "properties": {"id": "seg_012", "source": "seg", "area_m2": 2643.8, "layout": "垂直式", "coef_m2": 28, "capacity": 94, "cap_min": 79, "cap_max": 118, "cx": 403758.5, "cy": 3398748.4}}, {"type": "Feature", "geometry": {"type": "Polygon", "coordinates": [[[403521.2693963013, 3398798.6855730377], [403521.2693963013, 3398798.1855730377], [403520.7693963013, 3398798.1855730377], [403520.7693963013, 3398797.6855730377], [403520.2693963013, 3398797.6855730377], [403520.2693963013, 3398797.1855730377], [403519.7693963013, 3398797.1855730377], [403519.7693963013, 3398796.6855730377], [403519.2693963013, 3398796.6855730377], [403519.2693963013, 3398796.1855730377], [403518.7693963013, 3398796.1855730377], [403518.7693963013, 3398795.1855730377], [403518.2693963013, 3398795.1855730377], [403518.2693963013, 3398794.6855730377], [403517.7693963013, 3398794.6855730377], [403517.7693963013, 3398794.1855730377], [403517.2693963013, 3398794.1855730377], [403517.2693963013, 3398793.1855730377], [403516.7693963013, 3398793.1855730377], [403516.7693963013, 3398792.6855730377], [403516.2693963013, 3398792.6855730377], [403516.2693963013, 3398792.1855730377], [403515.7693963013, 3398792.1855730377], [403515.7693963013, 3398791.6855730377], [403515.2693963013, 3398791.6855730377], [403515.2693963013, 3398791.1855730377], [403514.7693963013, 3398791.1855730377], [403514.7693963013, 3398790.6855730377], [403514.2693963013, 3398790.6855730377], [403514.2693963013, 3398790.1855730377], [403513.7693963013, 3398790.1855730377], [403513.7693963013, 3398789.1855730377], [403513.2693963013, 3398789.1855730377], [403513.2693963013, 3398788.6855730377], [403512.7693963013, 3398788.6855730377], [403512.7693963013, 3398788.1855730377], [403512.2693963013, 3398788.1855730377], [403512.2693963013, 3398787.6855730377], [403511.7693963013, 3398787.6855730377], [403511.7693963013, 3398787.1855730377], [403511.2693963013, 3398787.1855730377], [403511.2693963013, 3398786.6855730377], [403510.7693963013, 3398786.6855730377], [403510.7693963013, 3398786.1855730377], [403510.2693963013, 3398786.1855730377], [403510.2693963013, 3398785.6855730377], [403509.7693963013, 3398785.6855730377], [403509.7693963013, 3398785.1855730377], [403509.2693963013, 3398785.1855730377], [403509.2693963013, 3398784.1855730377], [403508.7693963013, 3398784.1855730377], [403508.7693963013, 3398783.6855730377], [403508.2693963013, 3398783.6855730377], [403508.2693963013, 3398783.1855730377], [403507.7693963013, 3398783.1855730377], [403507.7693963013, 3398782.1855730377], [403507.2693963013, 3398782.1855730377], [403507.2693963013, 3398781.6855730377], [403506.2693963013, 3398781.6855730377], [403506.2693963013, 3398781.1855730377], [403505.7693963013, 3398781.1855730377], [403505.7693963013, 3398780.6855730377], [403505.2693963013, 3398780.6855730377], [403505.2693963013, 3398780.1855730377], [403504.7693963013, 3398780.1855730377], [403504.7693963013, 3398779.6855730377], [403504.2693963013, 3398779.6855730377], [403504.2693963013, 3398779.1855730377], [403503.7693963013, 3398779.1855730377], [403503.7693963013, 3398778.1855730377], [403503.2693963013, 3398778.1855730377], [403503.2693963013, 3398777.6855730377], [403502.7693963013, 3398777.6855730377], [403502.7693963013, 3398777.1855730377], [403502.2693963013, 3398777.1855730377], [403502.2693963013, 3398776.6855730377], [403501.7693963013, 3398776.6855730377], [403501.7693963013, 3398776.1855730377], [403501.2693963013, 3398776.1855730377], [403501.2693963013, 3398775.6855730377], [403500.7693963013, 3398775.6855730377], [403500.7693963013, 3398774.6855730377], [403500.2693963013, 3398774.6855730377], [403500.2693963013, 3398774.1855730377], [403499.7693963013, 3398774.1855730377], [403499.7693963013, 3398773.1855730377], [403499.2693963013, 3398773.1855730377], [403499.2693963013, 3398772.6855730377], [403498.7693963013, 3398772.6855730377], [403498.7693963013, 3398771.6855730377], [403498.2693963013, 3398771.6855730377], [403498.2693963013, 3398770.6855730377], [403497.7693963013, 3398770.6855730377], [403497.7693963013, 3398770.1855730377], [403497.2693963013, 3398770.1855730377], [403497.2693963013, 3398768.6855730377], [403496.7693963013, 3398768.6855730377], [403496.7693963013, 3398767.1855730377], [403496.2693963013, 3398767.1855730377], [403496.2693963013, 3398765.6855730377], [403495.7693963013, 3398765.6855730377], [403495.7693963013, 3398764.6855730377], [403495.2693963013, 3398764.6855730377], [403495.2693963013, 3398763.1855730377], [403494.7693963013, 3398763.1855730377], [403494.7693963013, 3398762.1855730377], [403494.2693963013, 3398762.1855730377], [403494.2693963013, 3398761.1855730377], [403493.7693963013, 3398761.1855730377], [403493.7693963013, 3398760.1855730377], [403493.2693963013, 3398760.1855730377], [403493.2693963013, 3398759.1855730377], [403492.7693963013, 3398759.1855730377], [403492.7693963013, 3398758.1855730377], [403492.2693963013, 3398758.1855730377], [403492.2693963013, 3398757.1855730377], [403491.7693963013, 3398757.1855730377], [403491.7693963013, 3398756.1855730377], [403491.2693963013, 3398756.1855730377], [403491.2693963013, 3398754.6855730377], [403490.7693963013, 3398754.6855730377], [403490.7693963013, 3398752.6855730377], [403490.2693963013, 3398752.6855730377], [403490.2693963013, 3398750.6855730377], [403489.7693963013, 3398750.6855730377], [403489.7693963013, 3398749.1855730377], [403489.2693963013, 3398749.1855730377], [403489.2693963013, 3398748.1855730377], [403488.7693963013, 3398748.1855730377], [403488.7693963013, 3398746.6855730377], [403488.2693963013, 3398746.6855730377], [403488.2693963013, 3398745.1855730377], [403487.7693963013, 3398745.1855730377], [403487.7693963013, 3398744.1855730377], [403487.2693963013, 3398744.1855730377], [403487.2693963013, 3398741.1855730377], [403486.7693963013, 3398741.1855730377], [403486.7693963013, 3398738.6855730377], [403487.2693963013, 3398738.6855730377], [403487.2693963013, 3398737.6855730377], [403487.7693963013, 3398737.6855730377], [403487.7693963013, 3398737.1855730377], [403488.2693963013, 3398737.1855730377], [403488.2693963013, 3398736.6855730377], [403489.2693963013, 3398736.6855730377], [403489.2693963013, 3398736.1855730377], [403491.7693963013, 3398736.1855730377], [403491.7693963013, 3398736.6855730377], [403492.7693963013, 3398736.6855730377], [403492.7693963013, 3398737.1855730377], [403493.7693963013, 3398737.1855730377], [403493.7693963013, 3398737.6855730377], [403495.2693963013, 3398737.6855730377], [403495.2693963013, 3398738.1855730377], [403496.2693963013, 3398738.1855730377], [403496.2693963013, 3398738.6855730377], [403497.2693963013, 3398738.6855730377], [403497.2693963013, 3398739.1855730377], [403498.2693963013, 3398739.1855730377], [403498.2693963013, 3398739.6855730377], [403499.2693963013, 3398739.6855730377], [403499.2693963013, 3398740.1855730377], [403500.7693963013, 3398740.1855730377], [403500.7693963013, 3398740.6855730377], [403504.2693963013, 3398740.6855730377], [403504.2693963013, 3398740.1855730377], [403505.7693963013, 3398740.1855730377], [403505.7693963013, 3398739.6855730377], [403507.2693963013, 3398739.6855730377], [403507.2693963013, 3398739.1855730377], [403509.2693963013, 3398739.1855730377], [403509.2693963013, 3398738.6855730377], [403510.7693963013, 3398738.6855730377], [403510.7693963013, 3398738.1855730377], [403511.7693963013, 3398738.1855730377], [403511.7693963013, 3398737.6855730377], [403512.2693963013, 3398737.6855730377], [403512.2693963013, 3398737.1855730377], [403512.7693963013, 3398737.1855730377], [403512.7693963013, 3398736.1855730377], [403513.2693963013, 3398736.1855730377], [403513.2693963013, 3398735.6855730377], [403513.7693963013, 3398735.6855730377], [403513.7693963013, 3398735.1855730377], [403514.2693963013, 3398735.1855730377], [403514.2693963013, 3398734.6855730377], [403514.7693963013, 3398734.6855730377], [403514.7693963013, 3398733.6855730377], [403515.2693963013, 3398733.6855730377], [403515.2693963013, 3398733.1855730377], [403515.7693963013, 3398733.1855730377], [403515.7693963013, 3398732.6855730377], [403516.2693963013, 3398732.6855730377], [403516.2693963013, 3398732.1855730377], [403516.7693963013, 3398732.1855730377], [403516.7693963013, 3398731.6855730377], [403517.2693963013, 3398731.6855730377], [403517.2693963013, 3398731.1855730377], [403517.7693963013, 3398731.1855730377], [403517.7693963013, 3398730.6855730377], [403519.2693963013, 3398730.6855730377], [403519.2693963013, 3398730.1855730377], [403519.7693963013, 3398730.1855730377], [403519.7693963013, 3398729.6855730377], [403520.2693963013, 3398729.6855730377], [403520.2693963013, 3398729.1855730377], [403520.7693963013, 3398729.1855730377], [403520.7693963013, 3398728.6855730377], [403521.2693963013, 3398728.6855730377], [403521.2693963013, 3398728.1855730377], [403521.7693963013, 3398728.1855730377], [403521.7693963013, 3398726.1855730377], [403522.2693963013, 3398726.1855730377], [403522.2693963013, 3398719.1855730377], [403522.7693963013, 3398719.1855730377], [403522.7693963013, 3398718.6855730377], [403525.7693963013, 3398718.6855730377], [403525.7693963013, 3398718.1855730377], [403526.2693963013, 3398718.1855730377], [403526.2693963013, 3398717.6855730377], [403526.7693963013, 3398717.6855730377], [403526.7693963013, 3398716.6855730377], [403527.2693963013, 3398716.6855730377], [403527.2693963013, 3398715.1855730377], [403527.7693963013, 3398715.1855730377], [403527.7693963013, 3398713.1855730377], [403528.2693963013, 3398713.1855730377], [403528.2693963013, 3398708.6855730377], [403527.7693963013, 3398708.6855730377], [403527.7693963013, 3398707.1855730377], [403527.2693963013, 3398707.1855730377], [403527.2693963013, 3398706.1855730377], [403526.7693963013, 3398706.1855730377], [403526.7693963013, 3398705.6855730377], [403526.2693963013, 3398705.6855730377], [403526.2693963013, 3398703.1855730377], [403527.2693963013, 3398703.1855730377], [403527.2693963013, 3398702.6855730377], [403528.2693963013, 3398702.6855730377], [403528.2693963013, 3398702.1855730377], [403529.2693963013, 3398702.1855730377], [403529.2693963013, 3398701.6855730377], [403530.2693963013, 3398701.6855730377], [403530.2693963013, 3398701.1855730377], [403531.2693963013, 3398701.1855730377], [403531.2693963013, 3398700.6855730377], [403531.7693963013, 3398700.6855730377], [403531.7693963013, 3398701.1855730377], [403537.7693963013, 3398701.1855730377], [403537.7693963013, 3398700.6855730377], [403538.2693963013, 3398700.6855730377], [403538.2693963013, 3398700.1855730377], [403539.2693963013, 3398700.1855730377], [403539.2693963013, 3398699.6855730377], [403541.2693963013, 3398699.6855730377], [403541.2693963013, 3398699.1855730377], [403542.2693963013, 3398699.1855730377], [403542.2693963013, 3398698.6855730377], [403542.7693963013, 3398698.6855730377], [403542.7693963013, 3398698.1855730377], [403543.7693963013, 3398698.1855730377], [403543.7693963013, 3398697.6855730377], [403544.2693963013, 3398697.6855730377], [403544.2693963013, 3398697.1855730377], [403544.7693963013, 3398697.1855730377], [403544.7693963013, 3398696.6855730377], [403545.2693963013, 3398696.6855730377], [403545.2693963013, 3398696.1855730377], [403545.7693963013, 3398696.1855730377], [403545.7693963013, 3398695.6855730377], [403546.2693963013, 3398695.6855730377], [403546.2693963013, 3398695.1855730377], [403546.7693963013, 3398695.1855730377], [403546.7693963013, 3398694.6855730377], [403547.2693963013, 3398694.6855730377], [403547.2693963013, 3398694.1855730377], [403548.7693963013, 3398694.1855730377], [403548.7693963013, 3398693.6855730377], [403550.2693963013, 3398693.6855730377], [403550.2693963013, 3398693.1855730377], [403551.7693963013, 3398693.1855730377], [403551.7693963013, 3398693.6855730377], [403553.2693963013, 3398693.6855730377], [403553.2693963013, 3398694.1855730377], [403554.7693963013, 3398694.1855730377], [403554.7693963013, 3398694.6855730377], [403555.7693963013, 3398694.6855730377], [403555.7693963013, 3398695.1855730377], [403556.2693963013, 3398695.1855730377], [403556.2693963013, 3398695.6855730377], [403556.7693963013, 3398695.6855730377], [403556.7693963013, 3398696.1855730377], [403557.2693963013, 3398696.1855730377], [403557.2693963013, 3398696.6855730377], [403557.7693963013, 3398696.6855730377], [403557.7693963013, 3398697.1855730377], [403558.2693963013, 3398697.1855730377], [403558.2693963013, 3398698.1855730377], [403558.7693963013, 3398698.1855730377], [403558.7693963013, 3398699.6855730377], [403559.2693963013, 3398699.6855730377], [403559.2693963013, 3398701.1855730377], [403559.7693963013, 3398701.1855730377], [403559.7693963013, 3398701.6855730377], [403560.2693963013, 3398701.6855730377], [403560.2693963013, 3398702.1855730377], [403560.7693963013, 3398702.1855730377], [403560.7693963013, 3398702.6855730377], [403561.7693963013, 3398702.6855730377], [403561.7693963013, 3398703.1855730377], [403563.7693963013, 3398703.1855730377], [403563.7693963013, 3398703.6855730377], [403564.2693963013, 3398703.6855730377], [403564.2693963013, 3398704.1855730377], [403564.7693963013, 3398704.1855730377], [403564.7693963013, 3398704.6855730377], [403565.7693963013, 3398704.6855730377], [403565.7693963013, 3398705.6855730377], [403566.2693963013, 3398705.6855730377], [403566.2693963013, 3398706.1855730377], [403566.7693963013, 3398706.1855730377], [403566.7693963013, 3398706.6855730377], [403567.2693963013, 3398706.6855730377], [403567.2693963013, 3398707.6855730377], [403567.7693963013, 3398707.6855730377], [403567.7693963013, 3398708.6855730377], [403568.2693963013, 3398708.6855730377], [403568.2693963013, 3398709.6855730377], [403568.7693963013, 3398709.6855730377], [403568.7693963013, 3398710.6855730377], [403569.2693963013, 3398710.6855730377], [403569.2693963013, 3398711.1855730377], [403570.2693963013, 3398711.1855730377], [403570.2693963013, 3398711.6855730377], [403570.7693963013, 3398711.6855730377], [403570.7693963013, 3398712.1855730377], [403571.2693963013, 3398712.1855730377], [403571.2693963013, 3398713.1855730377], [403571.7693963013, 3398713.1855730377], [403571.7693963013, 3398714.1855730377], [403572.2693963013, 3398714.1855730377], [403572.2693963013, 3398715.1855730377], [403572.7693963013, 3398715.1855730377], [403572.7693963013, 3398717.1855730377], [403573.2693963013, 3398717.1855730377], [403573.2693963013, 3398719.1855730377], [403573.7693963013, 3398719.1855730377], [403573.7693963013, 3398720.6855730377], [403574.2693963013, 3398720.6855730377], [403574.2693963013, 3398721.6855730377], [403574.7693963013, 3398721.6855730377], [403574.7693963013, 3398722.1855730377], [403575.2693963013, 3398722.1855730377], [403575.2693963013, 3398723.1855730377], [403575.7693963013, 3398723.1855730377], [403575.7693963013, 3398724.1855730377], [403576.2693963013, 3398724.1855730377], [403576.2693963013, 3398725.6855730377], [403576.7693963013, 3398725.6855730377], [403576.7693963013, 3398728.1855730377], [403576.2693963013, 3398728.1855730377], [403576.2693963013, 3398729.1855730377], [403575.7693963013, 3398729.1855730377], [403575.7693963013, 3398736.1855730377], [403576.2693963013, 3398736.1855730377], [403576.2693963013, 3398738.6855730377], [403576.7693963013, 3398738.6855730377], [403576.7693963013, 3398739.6855730377], [403577.2693963013, 3398739.6855730377], [403577.2693963013, 3398740.1855730377], [403577.7693963013, 3398740.1855730377], [403577.7693963013, 3398740.6855730377], [403578.2693963013, 3398740.6855730377], [403578.2693963013, 3398741.1855730377], [403578.7693963013, 3398741.1855730377], [403578.7693963013, 3398741.6855730377], [403579.2693963013, 3398741.6855730377], [403579.2693963013, 3398742.1855730377], [403579.7693963013, 3398742.1855730377], [403579.7693963013, 3398742.6855730377], [403580.2693963013, 3398742.6855730377], [403580.2693963013, 3398743.1855730377], [403580.7693963013, 3398743.1855730377], [403580.7693963013, 3398744.1855730377], [403581.2693963013, 3398744.1855730377], [403581.2693963013, 3398744.6855730377], [403582.2693963013, 3398744.6855730377], [403582.2693963013, 3398745.1855730377], [403582.7693963013, 3398745.1855730377], [403582.7693963013, 3398745.6855730377], [403583.2693963013, 3398745.6855730377], [403583.2693963013, 3398752.1855730377], [403582.7693963013, 3398752.1855730377], [403582.7693963013, 3398753.6855730377], [403582.2693963013, 3398753.6855730377], [403582.2693963013, 3398754.1855730377], [403581.7693963013, 3398754.1855730377], [403581.7693963013, 3398754.6855730377], [403581.2693963013, 3398754.6855730377], [403581.2693963013, 3398755.6855730377], [403580.7693963013, 3398755.6855730377], [403580.7693963013, 3398756.1855730377], [403580.2693963013, 3398756.1855730377], [403580.2693963013, 3398756.6855730377], [403579.7693963013, 3398756.6855730377], [403579.7693963013, 3398757.1855730377], [403579.2693963013, 3398757.1855730377], [403579.2693963013, 3398757.6855730377], [403578.7693963013, 3398757.6855730377], [403578.7693963013, 3398758.1855730377], [403578.2693963013, 3398758.1855730377], [403578.2693963013, 3398758.6855730377], [403577.7693963013, 3398758.6855730377], [403577.7693963013, 3398759.1855730377], [403576.7693963013, 3398759.1855730377], [403576.7693963013, 3398759.6855730377], [403576.2693963013, 3398759.6855730377], [403576.2693963013, 3398760.1855730377], [403575.7693963013, 3398760.1855730377], [403575.7693963013, 3398760.6855730377], [403575.2693963013, 3398760.6855730377], [403575.2693963013, 3398761.1855730377], [403574.2693963013, 3398761.1855730377], [403574.2693963013, 3398761.6855730377], [403573.7693963013, 3398761.6855730377], [403573.7693963013, 3398762.1855730377], [403572.7693963013, 3398762.1855730377], [403572.7693963013, 3398762.6855730377], [403572.2693963013, 3398762.6855730377], [403572.2693963013, 3398763.1855730377], [403571.2693963013, 3398763.1855730377], [403571.2693963013, 3398763.6855730377], [403570.7693963013, 3398763.6855730377], [403570.7693963013, 3398764.1855730377], [403569.7693963013, 3398764.1855730377], [403569.7693963013, 3398764.6855730377], [403569.2693963013, 3398764.6855730377], [403569.2693963013, 3398765.1855730377], [403568.2693963013, 3398765.1855730377], [403568.2693963013, 3398765.6855730377], [403567.7693963013, 3398765.6855730377], [403567.7693963013, 3398766.1855730377], [403567.2693963013, 3398766.1855730377], [403567.2693963013, 3398766.6855730377], [403566.2693963013, 3398766.6855730377], [403566.2693963013, 3398767.1855730377], [403565.2693963013, 3398767.1855730377], [403565.2693963013, 3398767.6855730377], [403564.7693963013, 3398767.6855730377], [403564.7693963013, 3398768.1855730377], [403563.7693963013, 3398768.1855730377], [403563.7693963013, 3398768.6855730377], [403563.2693963013, 3398768.6855730377], [403563.2693963013, 3398769.1855730377], [403562.2693963013, 3398769.1855730377], [403562.2693963013, 3398769.6855730377], [403561.2693963013, 3398769.6855730377], [403561.2693963013, 3398770.1855730377], [403560.2693963013, 3398770.1855730377], [403560.2693963013, 3398770.6855730377], [403559.2693963013, 3398770.6855730377], [403559.2693963013, 3398771.1855730377], [403558.2693963013, 3398771.1855730377], [403558.2693963013, 3398771.6855730377], [403556.7693963013, 3398771.6855730377], [403556.7693963013, 3398772.1855730377], [403556.2693963013, 3398772.1855730377], [403556.2693963013, 3398772.6855730377], [403555.2693963013, 3398772.6855730377], [403555.2693963013, 3398773.1855730377], [403554.7693963013, 3398773.1855730377], [403554.7693963013, 3398773.6855730377], [403554.2693963013, 3398773.6855730377], [403554.2693963013, 3398774.1855730377], [403553.2693963013, 3398774.1855730377], [403553.2693963013, 3398774.6855730377], [403552.7693963013, 3398774.6855730377], [403552.7693963013, 3398775.1855730377], [403552.2693963013, 3398775.1855730377], [403552.2693963013, 3398775.6855730377], [403551.2693963013, 3398775.6855730377], [403551.2693963013, 3398776.1855730377], [403550.2693963013, 3398776.1855730377], [403550.2693963013, 3398776.6855730377], [403549.7693963013, 3398776.6855730377], [403549.7693963013, 3398777.1855730377], [403548.7693963013, 3398777.1855730377], [403548.7693963013, 3398777.6855730377], [403548.2693963013, 3398777.6855730377], [403548.2693963013, 3398778.1855730377], [403547.7693963013, 3398778.1855730377], [403547.7693963013, 3398778.6855730377], [403547.2693963013, 3398778.6855730377], [403547.2693963013, 3398779.1855730377], [403546.7693963013, 3398779.1855730377], [403546.7693963013, 3398779.6855730377], [403546.2693963013, 3398779.6855730377], [403546.2693963013, 3398780.1855730377], [403545.7693963013, 3398780.1855730377], [403545.7693963013, 3398780.6855730377], [403545.2693963013, 3398780.6855730377], [403545.2693963013, 3398781.1855730377], [403544.7693963013, 3398781.1855730377], [403544.7693963013, 3398781.6855730377], [403544.2693963013, 3398781.6855730377], [403544.2693963013, 3398782.1855730377], [403543.7693963013, 3398782.1855730377], [403543.7693963013, 3398782.6855730377], [403542.7693963013, 3398782.6855730377], [403542.7693963013, 3398783.1855730377], [403542.2693963013, 3398783.1855730377], [403542.2693963013, 3398784.6855730377], [403539.7693963013, 3398784.6855730377], [403539.7693963013, 3398785.1855730377], [403539.2693963013, 3398785.1855730377], [403539.2693963013, 3398785.6855730377], [403538.2693963013, 3398785.6855730377], [403538.2693963013, 3398786.1855730377], [403537.2693963013, 3398786.1855730377], [403537.2693963013, 3398786.6855730377], [403536.7693963013, 3398786.6855730377], [403536.7693963013, 3398787.1855730377], [403536.2693963013, 3398787.1855730377], [403536.2693963013, 3398787.6855730377], [403535.2693963013, 3398787.6855730377], [403535.2693963013, 3398788.1855730377], [403534.7693963013, 3398788.1855730377], [403534.7693963013, 3398788.6855730377], [403534.2693963013, 3398788.6855730377], [403534.2693963013, 3398789.1855730377], [403533.2693963013, 3398789.1855730377], [403533.2693963013, 3398789.6855730377], [403532.7693963013, 3398789.6855730377], [403532.7693963013, 3398790.1855730377], [403532.2693963013, 3398790.1855730377], [403532.2693963013, 3398790.6855730377], [403531.7693963013, 3398790.6855730377], [403531.7693963013, 3398791.1855730377], [403531.2693963013, 3398791.1855730377], [403531.2693963013, 3398791.6855730377], [403530.7693963013, 3398791.6855730377], [403530.7693963013, 3398792.1855730377], [403530.2693963013, 3398792.1855730377], [403530.2693963013, 3398792.6855730377], [403529.2693963013, 3398792.6855730377], [403529.2693963013, 3398793.1855730377], [403528.7693963013, 3398793.1855730377], [403528.7693963013, 3398793.6855730377], [403528.2693963013, 3398793.6855730377], [403528.2693963013, 3398794.1855730377], [403527.7693963013, 3398794.1855730377], [403527.7693963013, 3398794.6855730377], [403527.2693963013, 3398794.6855730377], [403527.2693963013, 3398795.1855730377], [403526.7693963013, 3398795.1855730377], [403526.7693963013, 3398795.6855730377], [403526.2693963013, 3398795.6855730377], [403526.2693963013, 3398796.1855730377], [403525.7693963013, 3398796.1855730377], [403525.7693963013, 3398796.6855730377], [403525.2693963013, 3398796.6855730377], [403525.2693963013, 3398797.1855730377], [403524.7693963013, 3398797.1855730377], [403524.7693963013, 3398797.6855730377], [403524.2693963013, 3398797.6855730377], [403524.2693963013, 3398798.1855730377], [403523.2693963013, 3398798.1855730377], [403523.2693963013, 3398798.6855730377], [403521.2693963013, 3398798.6855730377]]]}, "properties": {"id": "seg_013", "source": "seg", "area_m2": 5550.8, "layout": "垂直式", "coef_m2": 28, "capacity": 198, "cap_min": 165, "cap_max": 248, "cx": 403535.8, "cy": 3398746.2}}, {"type": "Feature", "geometry": {"type": "Polygon", "coordinates": [[[403439.2693963013, 3398673.1855730377], [403439.2693963013, 3398672.6855730377], [403438.2693963013, 3398672.6855730377], [403438.2693963013, 3398672.1855730377], [403437.7693963013, 3398672.1855730377], [403437.7693963013, 3398671.6855730377], [403437.2693963013, 3398671.6855730377], [403437.2693963013, 3398671.1855730377], [403436.7693963013, 3398671.1855730377], [403436.7693963013, 3398670.6855730377], [403436.2693963013, 3398670.6855730377], [403436.2693963013, 3398670.1855730377], [403435.7693963013, 3398670.1855730377], [403435.7693963013, 3398669.6855730377], [403435.2693963013, 3398669.6855730377], [403435.2693963013, 3398669.1855730377], [403434.2693963013, 3398669.1855730377], [403434.2693963013, 3398668.6855730377], [403433.7693963013, 3398668.6855730377], [403433.7693963013, 3398668.1855730377], [403432.7693963013, 3398668.1855730377], [403432.7693963013, 3398667.6855730377], [403432.2693963013, 3398667.6855730377], [403432.2693963013, 3398667.1855730377], [403431.7693963013, 3398667.1855730377], [403431.7693963013, 3398666.6855730377], [403431.2693963013, 3398666.6855730377], [403431.2693963013, 3398666.1855730377], [403430.7693963013, 3398666.1855730377], [403430.7693963013, 3398665.6855730377], [403430.2693963013, 3398665.6855730377], [403430.2693963013, 3398665.1855730377], [403429.7693963013, 3398665.1855730377], [403429.7693963013, 3398664.6855730377], [403429.2693963013, 3398664.6855730377], [403429.2693963013, 3398663.6855730377], [403428.7693963013, 3398663.6855730377], [403428.7693963013, 3398663.1855730377], [403428.2693963013, 3398663.1855730377], [403428.2693963013, 3398662.6855730377], [403427.7693963013, 3398662.6855730377], [403427.7693963013, 3398662.1855730377], [403427.2693963013, 3398662.1855730377], [403427.2693963013, 3398661.1855730377], [403426.7693963013, 3398661.1855730377], [403426.7693963013, 3398660.6855730377], [403426.2693963013, 3398660.6855730377], [403426.2693963013, 3398659.6855730377], [403425.7693963013, 3398659.6855730377], [403425.7693963013, 3398659.1855730377], [403425.2693963013, 3398659.1855730377], [403425.2693963013, 3398658.1855730377], [403424.7693963013, 3398658.1855730377], [403424.7693963013, 3398657.6855730377], [403424.2693963013, 3398657.6855730377], [403424.2693963013, 3398656.6855730377], [403423.7693963013, 3398656.6855730377], [403423.7693963013, 3398656.1855730377], [403423.2693963013, 3398656.1855730377], [403423.2693963013, 3398655.1855730377], [403422.7693963013, 3398655.1855730377], [403422.7693963013, 3398654.6855730377], [403422.2693963013, 3398654.6855730377], [403422.2693963013, 3398653.6855730377], [403421.7693963013, 3398653.6855730377], [403421.7693963013, 3398653.1855730377], [403421.2693963013, 3398653.1855730377], [403421.2693963013, 3398652.1855730377], [403420.7693963013, 3398652.1855730377], [403420.7693963013, 3398651.6855730377], [403420.2693963013, 3398651.6855730377], [403420.2693963013, 3398650.6855730377], [403419.7693963013, 3398650.6855730377], [403419.7693963013, 3398649.6855730377], [403419.2693963013, 3398649.6855730377], [403419.2693963013, 3398649.1855730377], [403418.7693963013, 3398649.1855730377], [403418.7693963013, 3398648.1855730377], [403418.2693963013, 3398648.1855730377], [403418.2693963013, 3398647.6855730377], [403417.7693963013, 3398647.6855730377], [403417.7693963013, 3398646.6855730377], [403417.2693963013, 3398646.6855730377], [403417.2693963013, 3398645.6855730377], [403416.7693963013, 3398645.6855730377], [403416.7693963013, 3398645.1855730377], [403416.2693963013, 3398645.1855730377], [403416.2693963013, 3398644.6855730377], [403415.7693963013, 3398644.6855730377], [403415.7693963013, 3398644.1855730377], [403415.2693963013, 3398644.1855730377], [403415.2693963013, 3398643.1855730377], [403414.2693963013, 3398643.1855730377], [403414.2693963013, 3398641.1855730377], [403413.7693963013, 3398641.1855730377], [403413.7693963013, 3398640.6855730377], [403413.2693963013, 3398640.6855730377], [403413.2693963013, 3398639.6855730377], [403412.7693963013, 3398639.6855730377], [403412.7693963013, 3398639.1855730377], [403412.2693963013, 3398639.1855730377], [403412.2693963013, 3398638.1855730377], [403411.7693963013, 3398638.1855730377], [403411.7693963013, 3398637.6855730377], [403411.2693963013, 3398637.6855730377], [403411.2693963013, 3398636.6855730377], [403410.7693963013, 3398636.6855730377], [403410.7693963013, 3398635.6855730377], [403410.2693963013, 3398635.6855730377], [403410.2693963013, 3398635.1855730377], [403409.7693963013, 3398635.1855730377], [403409.7693963013, 3398634.6855730377], [403409.2693963013, 3398634.6855730377], [403409.2693963013, 3398633.6855730377], [403408.7693963013, 3398633.6855730377], [403408.7693963013, 3398632.6855730377], [403408.2693963013, 3398632.6855730377], [403408.2693963013, 3398631.6855730377], [403407.7693963013, 3398631.6855730377], [403407.7693963013, 3398630.6855730377], [403407.2693963013, 3398630.6855730377], [403407.2693963013, 3398630.1855730377], [403406.7693963013, 3398630.1855730377], [403406.7693963013, 3398629.1855730377], [403406.2693963013, 3398629.1855730377], [403406.2693963013, 3398628.6855730377], [403405.7693963013, 3398628.6855730377], [403405.7693963013, 3398627.6855730377], [403405.2693963013, 3398627.6855730377], [403405.2693963013, 3398626.6855730377], [403404.7693963013, 3398626.6855730377], [403404.7693963013, 3398626.1855730377], [403404.2693963013, 3398626.1855730377], [403404.2693963013, 3398625.1855730377], [403403.7693963013, 3398625.1855730377], [403403.7693963013, 3398624.1855730377], [403403.2693963013, 3398624.1855730377], [403403.2693963013, 3398623.6855730377], [403402.7693963013, 3398623.6855730377], [403402.7693963013, 3398618.6855730377], [403403.2693963013, 3398618.6855730377], [403403.2693963013, 3398618.1855730377], [403403.7693963013, 3398618.1855730377], [403403.7693963013, 3398617.6855730377], [403404.2693963013, 3398617.6855730377], [403404.2693963013, 3398617.1855730377], [403404.7693963013, 3398617.1855730377], [403404.7693963013, 3398616.6855730377], [403405.2693963013, 3398616.6855730377], [403405.2693963013, 3398616.1855730377], [403405.7693963013, 3398616.1855730377], [403405.7693963013, 3398615.6855730377], [403406.2693963013, 3398615.6855730377], [403406.2693963013, 3398615.1855730377], [403406.7693963013, 3398615.1855730377], [403406.7693963013, 3398614.6855730377], [403407.2693963013, 3398614.6855730377], [403407.2693963013, 3398614.1855730377], [403407.7693963013, 3398614.1855730377], [403407.7693963013, 3398613.6855730377], [403408.7693963013, 3398613.6855730377], [403408.7693963013, 3398613.1855730377], [403409.2693963013, 3398613.1855730377], [403409.2693963013, 3398612.6855730377], [403410.2693963013, 3398612.6855730377], [403410.2693963013, 3398612.1855730377], [403410.7693963013, 3398612.1855730377], [403410.7693963013, 3398611.6855730377], [403411.7693963013, 3398611.6855730377], [403411.7693963013, 3398611.1855730377], [403412.2693963013, 3398611.1855730377], [403412.2693963013, 3398610.6855730377], [403413.2693963013, 3398610.6855730377], [403413.2693963013, 3398610.1855730377], [403413.7693963013, 3398610.1855730377], [403413.7693963013, 3398609.6855730377], [403414.2693963013, 3398609.6855730377], [403414.2693963013, 3398605.6855730377], [403415.2693963013, 3398605.6855730377], [403415.2693963013, 3398603.1855730377], [403417.2693963013, 3398603.1855730377], [403417.2693963013, 3398602.6855730377], [403417.7693963013, 3398602.6855730377], [403417.7693963013, 3398602.1855730377], [403418.2693963013, 3398602.1855730377], [403418.2693963013, 3398600.1855730377], [403417.7693963013, 3398600.1855730377], [403417.7693963013, 3398598.1855730377], [403417.2693963013, 3398598.1855730377], [403417.2693963013, 3398597.1855730377], [403416.2693963013, 3398597.1855730377], [403416.2693963013, 3398596.6855730377], [403415.2693963013, 3398596.6855730377], [403415.2693963013, 3398590.6855730377], [403418.2693963013, 3398590.6855730377], [403418.2693963013, 3398591.6855730377], [403418.7693963013, 3398591.6855730377], [403418.7693963013, 3398594.1855730377], [403423.7693963013, 3398594.1855730377], [403423.7693963013, 3398593.6855730377], [403424.2693963013, 3398593.6855730377], [403424.2693963013, 3398592.6855730377], [403424.7693963013, 3398592.6855730377], [403424.7693963013, 3398591.1855730377], [403425.2693963013, 3398591.1855730377], [403425.2693963013, 3398589.6855730377], [403425.7693963013, 3398589.6855730377], [403425.7693963013, 3398588.1855730377], [403430.2693963013, 3398588.1855730377], [403430.2693963013, 3398589.1855730377], [403430.7693963013, 3398589.1855730377], [403430.7693963013, 3398593.1855730377], [403430.2693963013, 3398593.1855730377], [403430.2693963013, 3398593.6855730377], [403430.7693963013, 3398593.6855730377], [403430.7693963013, 3398594.1855730377], [403433.7693963013, 3398594.1855730377], [403433.7693963013, 3398593.6855730377], [403434.7693963013, 3398593.6855730377], [403434.7693963013, 3398593.1855730377], [403435.7693963013, 3398593.1855730377], [403435.7693963013, 3398592.6855730377], [403437.7693963013, 3398592.6855730377], [403437.7693963013, 3398592.1855730377], [403439.2693963013, 3398592.1855730377], [403439.2693963013, 3398591.6855730377], [403441.2693963013, 3398591.6855730377], [403441.2693963013, 3398592.1855730377], [403444.2693963013, 3398592.1855730377], [403444.2693963013, 3398592.6855730377], [403445.2693963013, 3398592.6855730377], [403445.2693963013, 3398593.1855730377], [403445.7693963013, 3398593.1855730377], [403445.7693963013, 3398593.6855730377], [403446.2693963013, 3398593.6855730377], [403446.2693963013, 3398594.1855730377], [403446.7693963013, 3398594.1855730377], [403446.7693963013, 3398594.6855730377], [403447.2693963013, 3398594.6855730377], [403447.2693963013, 3398595.1855730377], [403447.7693963013, 3398595.1855730377], [403447.7693963013, 3398595.6855730377], [403448.2693963013, 3398595.6855730377], [403448.2693963013, 3398596.6855730377], [403448.7693963013, 3398596.6855730377], [403448.7693963013, 3398597.1855730377], [403449.2693963013, 3398597.1855730377], [403449.2693963013, 3398597.6855730377], [403449.7693963013, 3398597.6855730377], [403449.7693963013, 3398598.6855730377], [403450.2693963013, 3398598.6855730377], [403450.2693963013, 3398599.1855730377], [403450.7693963013, 3398599.1855730377], [403450.7693963013, 3398600.1855730377], [403451.2693963013, 3398600.1855730377], [403451.2693963013, 3398601.6855730377], [403451.7693963013, 3398601.6855730377], [403451.7693963013, 3398602.6855730377], [403452.2693963013, 3398602.6855730377], [403452.2693963013, 3398603.6855730377], [403452.7693963013, 3398603.6855730377], [403452.7693963013, 3398604.6855730377], [403453.2693963013, 3398604.6855730377], [403453.2693963013, 3398605.6855730377], [403453.7693963013, 3398605.6855730377], [403453.7693963013, 3398606.6855730377], [403454.2693963013, 3398606.6855730377], [403454.2693963013, 3398607.1855730377], [403454.7693963013, 3398607.1855730377], [403454.7693963013, 3398607.6855730377], [403455.2693963013, 3398607.6855730377], [403455.2693963013, 3398608.6855730377], [403455.7693963013, 3398608.6855730377], [403455.7693963013, 3398609.6855730377], [403456.2693963013, 3398609.6855730377], [403456.2693963013, 3398610.1855730377], [403456.7693963013, 3398610.1855730377], [403456.7693963013, 3398610.6855730377], [403457.2693963013, 3398610.6855730377], [403457.2693963013, 3398611.6855730377], [403457.7693963013, 3398611.6855730377], [403457.7693963013, 3398612.1855730377], [403458.2693963013, 3398612.1855730377], [403458.2693963013, 3398612.6855730377], [403458.7693963013, 3398612.6855730377], [403458.7693963013, 3398613.1855730377], [403459.2693963013, 3398613.1855730377], [403459.2693963013, 3398613.6855730377], [403459.7693963013, 3398613.6855730377], [403459.7693963013, 3398614.6855730377], [403460.2693963013, 3398614.6855730377], [403460.2693963013, 3398615.1855730377], [403461.2693963013, 3398615.1855730377], [403461.2693963013, 3398616.1855730377], [403461.7693963013, 3398616.1855730377], [403461.7693963013, 3398616.6855730377], [403462.2693963013, 3398616.6855730377], [403462.2693963013, 3398617.1855730377], [403462.7693963013, 3398617.1855730377], [403462.7693963013, 3398617.6855730377], [403463.2693963013, 3398617.6855730377], [403463.2693963013, 3398618.1855730377], [403463.7693963013, 3398618.1855730377], [403463.7693963013, 3398618.6855730377], [403464.2693963013, 3398618.6855730377], [403464.2693963013, 3398619.6855730377], [403464.7693963013, 3398619.6855730377], [403464.7693963013, 3398620.1855730377], [403465.2693963013, 3398620.1855730377], [403465.2693963013, 3398620.6855730377], [403465.7693963013, 3398620.6855730377], [403465.7693963013, 3398621.6855730377], [403466.2693963013, 3398621.6855730377], [403466.2693963013, 3398622.1855730377], [403466.7693963013, 3398622.1855730377], [403466.7693963013, 3398622.6855730377], [403467.2693963013, 3398622.6855730377], [403467.2693963013, 3398623.6855730377], [403467.7693963013, 3398623.6855730377], [403467.7693963013, 3398624.6855730377], [403468.2693963013, 3398624.6855730377], [403468.2693963013, 3398625.1855730377], [403468.7693963013, 3398625.1855730377], [403468.7693963013, 3398626.1855730377], [403469.2693963013, 3398626.1855730377], [403469.2693963013, 3398626.6855730377], [403469.7693963013, 3398626.6855730377], [403469.7693963013, 3398627.1855730377], [403470.2693963013, 3398627.1855730377], [403470.2693963013, 3398627.6855730377], [403470.7693963013, 3398627.6855730377], [403470.7693963013, 3398628.1855730377], [403471.2693963013, 3398628.1855730377], [403471.2693963013, 3398629.1855730377], [403471.7693963013, 3398629.1855730377], [403471.7693963013, 3398629.6855730377], [403472.7693963013, 3398629.6855730377], [403472.7693963013, 3398630.1855730377], [403473.2693963013, 3398630.1855730377], [403473.2693963013, 3398630.6855730377], [403474.7693963013, 3398630.6855730377], [403474.7693963013, 3398631.1855730377], [403479.2693963013, 3398631.1855730377], [403479.2693963013, 3398630.6855730377], [403480.7693963013, 3398630.6855730377], [403480.7693963013, 3398630.1855730377], [403481.7693963013, 3398630.1855730377], [403481.7693963013, 3398629.6855730377], [403482.7693963013, 3398629.6855730377], [403482.7693963013, 3398629.1855730377], [403483.2693963013, 3398629.1855730377], [403483.2693963013, 3398628.6855730377], [403484.2693963013, 3398628.6855730377], [403484.2693963013, 3398628.1855730377], [403484.7693963013, 3398628.1855730377], [403484.7693963013, 3398627.6855730377], [403485.2693963013, 3398627.6855730377], [403485.2693963013, 3398627.1855730377], [403485.7693963013, 3398627.1855730377], [403485.7693963013, 3398626.6855730377], [403486.7693963013, 3398626.6855730377], [403486.7693963013, 3398626.1855730377], [403487.2693963013, 3398626.1855730377], [403487.2693963013, 3398625.6855730377], [403488.2693963013, 3398625.6855730377], [403488.2693963013, 3398625.1855730377], [403488.7693963013, 3398625.1855730377], [403488.7693963013, 3398624.6855730377], [403489.7693963013, 3398624.6855730377], [403489.7693963013, 3398624.1855730377], [403490.7693963013, 3398624.1855730377], [403490.7693963013, 3398623.6855730377], [403494.2693963013, 3398623.6855730377], [403494.2693963013, 3398624.1855730377], [403495.2693963013, 3398624.1855730377], [403495.2693963013, 3398625.1855730377], [403495.7693963013, 3398625.1855730377], [403495.7693963013, 3398626.1855730377], [403496.2693963013, 3398626.1855730377], [403496.2693963013, 3398627.1855730377], [403496.7693963013, 3398627.1855730377], [403496.7693963013, 3398628.1855730377], [403497.2693963013, 3398628.1855730377], [403497.2693963013, 3398628.6855730377], [403497.7693963013, 3398628.6855730377], [403497.7693963013, 3398629.6855730377], [403498.2693963013, 3398629.6855730377], [403498.2693963013, 3398630.1855730377], [403498.7693963013, 3398630.1855730377], [403498.7693963013, 3398631.1855730377], [403499.2693963013, 3398631.1855730377], [403499.2693963013, 3398634.1855730377], [403498.7693963013, 3398634.1855730377], [403498.7693963013, 3398634.6855730377], [403498.2693963013, 3398634.6855730377], [403498.2693963013, 3398635.6855730377], [403497.7693963013, 3398635.6855730377], [403497.7693963013, 3398636.1855730377], [403497.2693963013, 3398636.1855730377], [403497.2693963013, 3398636.6855730377], [403496.7693963013, 3398636.6855730377], [403496.7693963013, 3398637.1855730377], [403496.2693963013, 3398637.1855730377], [403496.2693963013, 3398637.6855730377], [403495.7693963013, 3398637.6855730377], [403495.7693963013, 3398638.6855730377], [403495.2693963013, 3398638.6855730377], [403495.2693963013, 3398639.6855730377], [403494.2693963013, 3398639.6855730377], [403494.2693963013, 3398640.1855730377], [403493.7693963013, 3398640.1855730377], [403493.7693963013, 3398640.6855730377], [403493.2693963013, 3398640.6855730377], [403493.2693963013, 3398641.1855730377], [403492.7693963013, 3398641.1855730377], [403492.7693963013, 3398641.6855730377], [403492.2693963013, 3398641.6855730377], [403492.2693963013, 3398642.1855730377], [403491.7693963013, 3398642.1855730377], [403491.7693963013, 3398642.6855730377], [403490.7693963013, 3398642.6855730377], [403490.7693963013, 3398643.1855730377], [403489.7693963013, 3398643.1855730377], [403489.7693963013, 3398643.6855730377], [403489.2693963013, 3398643.6855730377], [403489.2693963013, 3398644.1855730377], [403488.7693963013, 3398644.1855730377], [403488.7693963013, 3398644.6855730377], [403488.2693963013, 3398644.6855730377], [403488.2693963013, 3398645.1855730377], [403487.7693963013, 3398645.1855730377], [403487.7693963013, 3398646.1855730377], [403487.2693963013, 3398646.1855730377], [403487.2693963013, 3398646.6855730377], [403486.7693963013, 3398646.6855730377], [403486.7693963013, 3398647.1855730377], [403486.2693963013, 3398647.1855730377], [403486.2693963013, 3398647.6855730377], [403485.7693963013, 3398647.6855730377], [403485.7693963013, 3398648.6855730377], [403485.2693963013, 3398648.6855730377], [403485.2693963013, 3398649.1855730377], [403484.7693963013, 3398649.1855730377], [403484.7693963013, 3398649.6855730377], [403484.2693963013, 3398649.6855730377], [403484.2693963013, 3398650.1855730377], [403483.7693963013, 3398650.1855730377], [403483.7693963013, 3398650.6855730377], [403483.2693963013, 3398650.6855730377], [403483.2693963013, 3398651.1855730377], [403481.7693963013, 3398651.1855730377], [403481.7693963013, 3398651.6855730377], [403480.7693963013, 3398651.6855730377], [403480.7693963013, 3398652.1855730377], [403479.7693963013, 3398652.1855730377], [403479.7693963013, 3398652.6855730377], [403478.7693963013, 3398652.6855730377], [403478.7693963013, 3398653.1855730377], [403477.2693963013, 3398653.1855730377], [403477.2693963013, 3398653.6855730377], [403475.7693963013, 3398653.6855730377], [403475.7693963013, 3398654.1855730377], [403474.2693963013, 3398654.1855730377], [403474.2693963013, 3398654.6855730377], [403472.7693963013, 3398654.6855730377], [403472.7693963013, 3398655.1855730377], [403471.2693963013, 3398655.1855730377], [403471.2693963013, 3398655.6855730377], [403468.2693963013, 3398655.6855730377], [403468.2693963013, 3398656.1855730377], [403464.7693963013, 3398656.1855730377], [403464.7693963013, 3398656.6855730377], [403464.2693963013, 3398656.6855730377], [403464.2693963013, 3398657.6855730377], [403463.7693963013, 3398657.6855730377], [403463.7693963013, 3398658.1855730377], [403462.2693963013, 3398658.1855730377], [403462.2693963013, 3398658.6855730377], [403461.2693963013, 3398658.6855730377], [403461.2693963013, 3398659.1855730377], [403460.7693963013, 3398659.1855730377], [403460.7693963013, 3398659.6855730377], [403459.7693963013, 3398659.6855730377], [403459.7693963013, 3398660.1855730377], [403458.7693963013, 3398660.1855730377], [403458.7693963013, 3398660.6855730377], [403458.2693963013, 3398660.6855730377], [403458.2693963013, 3398661.1855730377], [403457.7693963013, 3398661.1855730377], [403457.7693963013, 3398661.6855730377], [403457.2693963013, 3398661.6855730377], [403457.2693963013, 3398662.1855730377], [403456.7693963013, 3398662.1855730377], [403456.7693963013, 3398662.6855730377], [403455.7693963013, 3398662.6855730377], [403455.7693963013, 3398663.1855730377], [403455.2693963013, 3398663.1855730377], [403455.2693963013, 3398663.6855730377], [403454.7693963013, 3398663.6855730377], [403454.7693963013, 3398664.1855730377], [403453.7693963013, 3398664.1855730377], [403453.7693963013, 3398664.6855730377], [403453.2693963013, 3398664.6855730377], [403453.2693963013, 3398665.1855730377], [403452.2693963013, 3398665.1855730377], [403452.2693963013, 3398665.6855730377], [403451.7693963013, 3398665.6855730377], [403451.7693963013, 3398666.1855730377], [403450.7693963013, 3398666.1855730377], [403450.7693963013, 3398666.6855730377], [403449.2693963013, 3398666.6855730377], [403449.2693963013, 3398667.1855730377], [403448.7693963013, 3398667.1855730377], [403448.7693963013, 3398667.6855730377], [403448.2693963013, 3398667.6855730377], [403448.2693963013, 3398668.1855730377], [403447.7693963013, 3398668.1855730377], [403447.7693963013, 3398668.6855730377], [403447.2693963013, 3398668.6855730377], [403447.2693963013, 3398669.1855730377], [403446.7693963013, 3398669.1855730377], [403446.7693963013, 3398669.6855730377], [403446.2693963013, 3398669.6855730377], [403446.2693963013, 3398670.6855730377], [403445.7693963013, 3398670.6855730377], [403445.7693963013, 3398671.1855730377], [403445.2693963013, 3398671.1855730377], [403445.2693963013, 3398672.1855730377], [403444.7693963013, 3398672.1855730377], [403444.7693963013, 3398673.1855730377], [403439.2693963013, 3398673.1855730377]]]}, "properties": {"id": "seg_014", "source": "seg", "area_m2": 4208.5, "layout": "垂直式", "coef_m2": 28, "capacity": 150, "cap_min": 125, "cap_max": 188, "cx": 403441.3, "cy": 3398630.9}}, {"type": "Feature", "geometry": {"type": "Polygon", "coordinates": [[[402989.7693963013, 3398603.1855730377], [402989.7693963013, 3398602.6855730377], [402989.2693963013, 3398602.6855730377], [402989.2693963013, 3398602.1855730377], [402987.7693963013, 3398602.1855730377], [402987.7693963013, 3398601.6855730377], [402986.2693963013, 3398601.6855730377], [402986.2693963013, 3398601.1855730377], [402982.7693963013, 3398601.1855730377], [402982.7693963013, 3398600.6855730377], [402976.7693963013, 3398600.6855730377], [402976.7693963013, 3398600.1855730377], [402976.2693963013, 3398600.1855730377], [402976.2693963013, 3398599.6855730377], [402975.2693963013, 3398599.6855730377], [402975.2693963013, 3398599.1855730377], [402974.2693963013, 3398599.1855730377], [402974.2693963013, 3398598.6855730377], [402973.2693963013, 3398598.6855730377], [402973.2693963013, 3398598.1855730377], [402972.7693963013, 3398598.1855730377], [402972.7693963013, 3398597.6855730377], [402971.7693963013, 3398597.6855730377], [402971.7693963013, 3398597.1855730377], [402971.2693963013, 3398597.1855730377], [402971.2693963013, 3398596.6855730377], [402970.7693963013, 3398596.6855730377], [402970.7693963013, 3398596.1855730377], [402970.2693963013, 3398596.1855730377], [402970.2693963013, 3398595.6855730377], [402969.7693963013, 3398595.6855730377], [402969.7693963013, 3398595.1855730377], [402969.2693963013, 3398595.1855730377], [402969.2693963013, 3398594.6855730377], [402968.7693963013, 3398594.6855730377], [402968.7693963013, 3398594.1855730377], [402968.2693963013, 3398594.1855730377], [402968.2693963013, 3398593.6855730377], [402967.7693963013, 3398593.6855730377], [402967.7693963013, 3398593.1855730377], [402967.2693963013, 3398593.1855730377], [402967.2693963013, 3398592.6855730377], [402966.7693963013, 3398592.6855730377], [402966.7693963013, 3398592.1855730377], [402966.2693963013, 3398592.1855730377], [402966.2693963013, 3398591.1855730377], [402965.7693963013, 3398591.1855730377], [402965.7693963013, 3398590.6855730377], [402965.2693963013, 3398590.6855730377], [402965.2693963013, 3398590.1855730377], [402964.7693963013, 3398590.1855730377], [402964.7693963013, 3398589.6855730377], [402964.2693963013, 3398589.6855730377], [402964.2693963013, 3398588.6855730377], [402963.7693963013, 3398588.6855730377], [402963.7693963013, 3398588.1855730377], [402963.2693963013, 3398588.1855730377], [402963.2693963013, 3398587.6855730377], [402962.7693963013, 3398587.6855730377], [402962.7693963013, 3398586.6855730377], [402962.2693963013, 3398586.6855730377], [402962.2693963013, 3398586.1855730377], [402961.7693963013, 3398586.1855730377], [402961.7693963013, 3398585.6855730377], [402961.2693963013, 3398585.6855730377], [402961.2693963013, 3398584.6855730377], [402960.7693963013, 3398584.6855730377], [402960.7693963013, 3398584.1855730377], [402960.2693963013, 3398584.1855730377], [402960.2693963013, 3398583.6855730377], [402959.7693963013, 3398583.6855730377], [402959.7693963013, 3398582.6855730377], [402959.2693963013, 3398582.6855730377], [402959.2693963013, 3398582.1855730377], [402958.7693963013, 3398582.1855730377], [402958.7693963013, 3398581.6855730377], [402958.2693963013, 3398581.6855730377], [402958.2693963013, 3398581.1855730377], [402957.7693963013, 3398581.1855730377], [402957.7693963013, 3398580.6855730377], [402957.2693963013, 3398580.6855730377], [402957.2693963013, 3398580.1855730377], [402956.7693963013, 3398580.1855730377], [402956.7693963013, 3398579.6855730377], [402956.2693963013, 3398579.6855730377], [402956.2693963013, 3398578.6855730377], [402955.7693963013, 3398578.6855730377], [402955.7693963013, 3398578.1855730377], [402954.7693963013, 3398578.1855730377], [402954.7693963013, 3398577.6855730377], [402954.2693963013, 3398577.6855730377], [402954.2693963013, 3398577.1855730377], [402953.7693963013, 3398577.1855730377], [402953.7693963013, 3398576.6855730377], [402953.2693963013, 3398576.6855730377], [402953.2693963013, 3398573.1855730377], [402953.7693963013, 3398573.1855730377], [402953.7693963013, 3398572.6855730377], [402954.2693963013, 3398572.6855730377], [402954.2693963013, 3398572.1855730377], [402954.7693963013, 3398572.1855730377], [402954.7693963013, 3398571.6855730377], [402955.2693963013, 3398571.6855730377], [402955.2693963013, 3398571.1855730377], [402955.7693963013, 3398571.1855730377], [402955.7693963013, 3398570.6855730377], [402956.2693963013, 3398570.6855730377], [402956.2693963013, 3398570.1855730377], [402956.7693963013, 3398570.1855730377], [402956.7693963013, 3398569.6855730377], [402957.7693963013, 3398569.6855730377], [402957.7693963013, 3398569.1855730377], [402958.7693963013, 3398569.1855730377], [402958.7693963013, 3398568.6855730377], [402959.2693963013, 3398568.6855730377], [402959.2693963013, 3398568.1855730377], [402960.2693963013, 3398568.1855730377], [402960.2693963013, 3398567.6855730377], [402960.7693963013, 3398567.6855730377], [402960.7693963013, 3398567.1855730377], [402961.2693963013, 3398567.1855730377], [402961.2693963013, 3398566.6855730377], [402961.7693963013, 3398566.6855730377], [402961.7693963013, 3398566.1855730377], [402962.2693963013, 3398566.1855730377], [402962.2693963013, 3398565.6855730377], [402962.7693963013, 3398565.6855730377], [402962.7693963013, 3398565.1855730377], [402963.7693963013, 3398565.1855730377], [402963.7693963013, 3398564.6855730377], [402964.2693963013, 3398564.6855730377], [402964.2693963013, 3398564.1855730377], [402964.7693963013, 3398564.1855730377], [402964.7693963013, 3398563.6855730377], [402965.7693963013, 3398563.6855730377], [402965.7693963013, 3398563.1855730377], [402966.2693963013, 3398563.1855730377], [402966.2693963013, 3398562.6855730377], [402966.7693963013, 3398562.6855730377], [402966.7693963013, 3398562.1855730377], [402967.2693963013, 3398562.1855730377], [402967.2693963013, 3398561.6855730377], [402967.7693963013, 3398561.6855730377], [402967.7693963013, 3398561.1855730377], [402968.2693963013, 3398561.1855730377], [402968.2693963013, 3398560.6855730377], [402968.7693963013, 3398560.6855730377], [402968.7693963013, 3398560.1855730377], [402969.2693963013, 3398560.1855730377], [402969.2693963013, 3398559.6855730377], [402969.7693963013, 3398559.6855730377], [402969.7693963013, 3398559.1855730377], [402970.2693963013, 3398559.1855730377], [402970.2693963013, 3398558.6855730377], [402970.7693963013, 3398558.6855730377], [402970.7693963013, 3398558.1855730377], [402971.2693963013, 3398558.1855730377], [402971.2693963013, 3398557.1855730377], [402971.7693963013, 3398557.1855730377], [402971.7693963013, 3398556.6855730377], [402972.2693963013, 3398556.6855730377], [402972.2693963013, 3398555.6855730377], [402972.7693963013, 3398555.6855730377], [402972.7693963013, 3398555.1855730377], [402973.2693963013, 3398555.1855730377], [402973.2693963013, 3398554.1855730377], [402973.7693963013, 3398554.1855730377], [402973.7693963013, 3398553.6855730377], [402974.2693963013, 3398553.6855730377], [402974.2693963013, 3398552.6855730377], [403000.2693963013, 3398552.6855730377], [403000.2693963013, 3398564.6855730377], [402999.2693963013, 3398564.6855730377], [402999.2693963013, 3398565.1855730377], [402998.7693963013, 3398565.1855730377], [402998.7693963013, 3398565.6855730377], [402998.2693963013, 3398565.6855730377], [402998.2693963013, 3398566.1855730377], [402997.2693963013, 3398566.1855730377], [402997.2693963013, 3398566.6855730377], [402996.7693963013, 3398566.6855730377], [402996.7693963013, 3398567.1855730377], [402995.7693963013, 3398567.1855730377], [402995.7693963013, 3398567.6855730377], [402995.2693963013, 3398567.6855730377], [402995.2693963013, 3398568.1855730377], [402994.2693963013, 3398568.1855730377], [402994.2693963013, 3398568.6855730377], [402993.7693963013, 3398568.6855730377], [402993.7693963013, 3398569.1855730377], [402992.7693963013, 3398569.1855730377], [402992.7693963013, 3398569.6855730377], [402991.2693963013, 3398569.6855730377], [402991.2693963013, 3398570.1855730377], [402989.7693963013, 3398570.1855730377], [402989.7693963013, 3398570.6855730377], [402987.7693963013, 3398570.6855730377], [402987.7693963013, 3398571.1855730377], [402986.2693963013, 3398571.1855730377], [402986.2693963013, 3398571.6855730377], [402985.2693963013, 3398571.6855730377], [402985.2693963013, 3398572.1855730377], [402984.2693963013, 3398572.1855730377], [402984.2693963013, 3398572.6855730377], [402983.2693963013, 3398572.6855730377], [402983.2693963013, 3398573.1855730377], [402982.7693963013, 3398573.1855730377], [402982.7693963013, 3398573.6855730377], [402981.7693963013, 3398573.6855730377], [402981.7693963013, 3398574.1855730377], [402981.2693963013, 3398574.1855730377], [402981.2693963013, 3398575.1855730377], [402980.7693963013, 3398575.1855730377], [402980.7693963013, 3398575.6855730377], [402980.2693963013, 3398575.6855730377], [402980.2693963013, 3398577.1855730377], [402979.7693963013, 3398577.1855730377], [402979.7693963013, 3398578.6855730377], [402979.2693963013, 3398578.6855730377], [402979.2693963013, 3398580.1855730377], [402979.7693963013, 3398580.1855730377], [402979.7693963013, 3398582.1855730377], [402980.2693963013, 3398582.1855730377], [402980.2693963013, 3398583.1855730377], [402980.7693963013, 3398583.1855730377], [402980.7693963013, 3398583.6855730377], [402981.2693963013, 3398583.6855730377], [402981.2693963013, 3398584.1855730377], [402981.7693963013, 3398584.1855730377], [402981.7693963013, 3398584.6855730377], [402982.2693963013, 3398584.6855730377], [402982.2693963013, 3398585.1855730377], [402983.2693963013, 3398585.1855730377], [402983.2693963013, 3398585.6855730377], [402983.7693963013, 3398585.6855730377], [402983.7693963013, 3398586.1855730377], [402984.2693963013, 3398586.1855730377], [402984.2693963013, 3398586.6855730377], [402984.7693963013, 3398586.6855730377], [402984.7693963013, 3398587.1855730377], [402985.2693963013, 3398587.1855730377], [402985.2693963013, 3398587.6855730377], [402985.7693963013, 3398587.6855730377], [402985.7693963013, 3398588.1855730377], [402986.2693963013, 3398588.1855730377], [402986.2693963013, 3398588.6855730377], [402987.2693963013, 3398588.6855730377], [402987.2693963013, 3398589.1855730377], [402987.7693963013, 3398589.1855730377], [402987.7693963013, 3398590.1855730377], [402988.2693963013, 3398590.1855730377], [402988.2693963013, 3398590.6855730377], [402988.7693963013, 3398590.6855730377], [402988.7693963013, 3398591.6855730377], [402989.2693963013, 3398591.6855730377], [402989.2693963013, 3398592.1855730377], [402989.7693963013, 3398592.1855730377], [402989.7693963013, 3398592.6855730377], [402990.2693963013, 3398592.6855730377], [402990.2693963013, 3398593.1855730377], [402990.7693963013, 3398593.1855730377], [402990.7693963013, 3398593.6855730377], [402991.2693963013, 3398593.6855730377], [402991.2693963013, 3398594.6855730377], [402991.7693963013, 3398594.6855730377], [402991.7693963013, 3398595.1855730377], [402992.2693963013, 3398595.1855730377], [402992.2693963013, 3398596.1855730377], [402992.7693963013, 3398596.1855730377], [402992.7693963013, 3398597.1855730377], [402993.2693963013, 3398597.1855730377], [402993.2693963013, 3398598.6855730377], [402993.7693963013, 3398598.6855730377], [402993.7693963013, 3398600.6855730377], [402993.2693963013, 3398600.6855730377], [402993.2693963013, 3398601.6855730377], [402992.7693963013, 3398601.6855730377], [402992.7693963013, 3398602.1855730377], [402992.2693963013, 3398602.1855730377], [402992.2693963013, 3398602.6855730377], [402991.7693963013, 3398602.6855730377], [402991.7693963013, 3398603.1855730377], [402989.7693963013, 3398603.1855730377]]]}, "properties": {"id": "seg_015", "source": "seg", "area_m2": 1290.8, "layout": "垂直式", "coef_m2": 28, "capacity": 46, "cap_min": 38, "cap_max": 58, "cx": 402967.3, "cy": 3398577.9}}, {"type": "Feature", "geometry": {"type": "Polygon", "coordinates": [[[403743.7693963013, 3398563.1855730377], [403743.7693963013, 3398562.6855730377], [403741.7693963013, 3398562.6855730377], [403741.7693963013, 3398562.1855730377], [403740.7693963013, 3398562.1855730377], [403740.7693963013, 3398561.6855730377], [403739.7693963013, 3398561.6855730377], [403739.7693963013, 3398561.1855730377], [403739.2693963013, 3398561.1855730377], [403739.2693963013, 3398560.6855730377], [403738.2693963013, 3398560.6855730377], [403738.2693963013, 3398560.1855730377], [403737.2693963013, 3398560.1855730377], [403737.2693963013, 3398559.6855730377], [403736.7693963013, 3398559.6855730377], [403736.7693963013, 3398559.1855730377], [403735.7693963013, 3398559.1855730377], [403735.7693963013, 3398558.6855730377], [403734.7693963013, 3398558.6855730377], [403734.7693963013, 3398558.1855730377], [403733.7693963013, 3398558.1855730377], [403733.7693963013, 3398557.6855730377], [403733.2693963013, 3398557.6855730377], [403733.2693963013, 3398557.1855730377], [403732.7693963013, 3398557.1855730377], [403732.7693963013, 3398556.6855730377], [403732.2693963013, 3398556.6855730377], [403732.2693963013, 3398556.1855730377], [403731.7693963013, 3398556.1855730377], [403731.7693963013, 3398555.6855730377], [403731.2693963013, 3398555.6855730377], [403731.2693963013, 3398555.1855730377], [403730.7693963013, 3398555.1855730377], [403730.7693963013, 3398554.6855730377], [403730.2693963013, 3398554.6855730377], [403730.2693963013, 3398554.1855730377], [403729.7693963013, 3398554.1855730377], [403729.7693963013, 3398553.6855730377], [403729.2693963013, 3398553.6855730377], [403729.2693963013, 3398553.1855730377], [403728.7693963013, 3398553.1855730377], [403728.7693963013, 3398552.6855730377], [403728.2693963013, 3398552.6855730377], [403728.2693963013, 3398551.6855730377], [403727.7693963013, 3398551.6855730377], [403727.7693963013, 3398551.1855730377], [403727.2693963013, 3398551.1855730377], [403727.2693963013, 3398550.6855730377], [403726.7693963013, 3398550.6855730377], [403726.7693963013, 3398550.1855730377], [403726.2693963013, 3398550.1855730377], [403726.2693963013, 3398549.6855730377], [403725.7693963013, 3398549.6855730377], [403725.7693963013, 3398549.1855730377], [403725.2693963013, 3398549.1855730377], [403725.2693963013, 3398548.6855730377], [403724.7693963013, 3398548.6855730377], [403724.7693963013, 3398548.1855730377], [403724.2693963013, 3398548.1855730377], [403724.2693963013, 3398547.6855730377], [403723.7693963013, 3398547.6855730377], [403723.7693963013, 3398547.1855730377], [403723.2693963013, 3398547.1855730377], [403723.2693963013, 3398546.1855730377], [403722.7693963013, 3398546.1855730377], [403722.7693963013, 3398545.6855730377], [403722.2693963013, 3398545.6855730377], [403722.2693963013, 3398544.6855730377], [403721.7693963013, 3398544.6855730377], [403721.7693963013, 3398543.6855730377], [403721.2693963013, 3398543.6855730377], [403721.2693963013, 3398540.6855730377], [403721.7693963013, 3398540.6855730377], [403721.7693963013, 3398540.1855730377], [403723.2693963013, 3398540.1855730377], [403723.2693963013, 3398539.6855730377], [403724.2693963013, 3398539.6855730377], [403724.2693963013, 3398539.1855730377], [403725.2693963013, 3398539.1855730377], [403725.2693963013, 3398538.6855730377], [403725.7693963013, 3398538.6855730377], [403725.7693963013, 3398538.1855730377], [403727.2693963013, 3398538.1855730377], [403727.2693963013, 3398537.6855730377], [403728.2693963013, 3398537.6855730377], [403728.2693963013, 3398537.1855730377], [403730.2693963013, 3398537.1855730377], [403730.2693963013, 3398536.6855730377], [403731.7693963013, 3398536.6855730377], [403731.7693963013, 3398536.1855730377], [403732.7693963013, 3398536.1855730377], [403732.7693963013, 3398535.6855730377], [403733.2693963013, 3398535.6855730377], [403733.2693963013, 3398535.1855730377], [403734.2693963013, 3398535.1855730377], [403734.2693963013, 3398534.6855730377], [403734.7693963013, 3398534.6855730377], [403734.7693963013, 3398534.1855730377], [403735.2693963013, 3398534.1855730377], [403735.2693963013, 3398533.6855730377], [403735.7693963013, 3398533.6855730377], [403735.7693963013, 3398533.1855730377], [403736.2693963013, 3398533.1855730377], [403736.2693963013, 3398532.6855730377], [403737.2693963013, 3398532.6855730377], [403737.2693963013, 3398532.1855730377], [403737.7693963013, 3398532.1855730377], [403737.7693963013, 3398531.6855730377], [403738.2693963013, 3398531.6855730377], [403738.2693963013, 3398531.1855730377], [403738.7693963013, 3398531.1855730377], [403738.7693963013, 3398530.1855730377], [403739.2693963013, 3398530.1855730377], [403739.2693963013, 3398529.6855730377], [403739.7693963013, 3398529.6855730377], [403739.7693963013, 3398529.1855730377], [403740.2693963013, 3398529.1855730377], [403740.2693963013, 3398528.6855730377], [403740.7693963013, 3398528.6855730377], [403740.7693963013, 3398528.1855730377], [403741.2693963013, 3398528.1855730377], [403741.2693963013, 3398527.6855730377], [403741.7693963013, 3398527.6855730377], [403741.7693963013, 3398527.1855730377], [403742.2693963013, 3398527.1855730377], [403742.2693963013, 3398526.6855730377], [403742.7693963013, 3398526.6855730377], [403742.7693963013, 3398526.1855730377], [403743.2693963013, 3398526.1855730377], [403743.2693963013, 3398525.6855730377], [403743.7693963013, 3398525.6855730377], [403743.7693963013, 3398525.1855730377], [403744.2693963013, 3398525.1855730377], [403744.2693963013, 3398524.6855730377], [403744.7693963013, 3398524.6855730377], [403744.7693963013, 3398524.1855730377], [403745.2693963013, 3398524.1855730377], [403745.2693963013, 3398523.6855730377], [403745.7693963013, 3398523.6855730377], [403745.7693963013, 3398523.1855730377], [403746.2693963013, 3398523.1855730377], [403746.2693963013, 3398522.6855730377], [403746.7693963013, 3398522.6855730377], [403746.7693963013, 3398522.1855730377], [403747.2693963013, 3398522.1855730377], [403747.2693963013, 3398521.6855730377], [403747.7693963013, 3398521.6855730377], [403747.7693963013, 3398521.1855730377], [403748.2693963013, 3398521.1855730377], [403748.2693963013, 3398520.6855730377], [403748.7693963013, 3398520.6855730377], [403748.7693963013, 3398520.1855730377], [403749.2693963013, 3398520.1855730377], [403749.2693963013, 3398519.6855730377], [403749.7693963013, 3398519.6855730377], [403749.7693963013, 3398519.1855730377], [403750.7693963013, 3398519.1855730377], [403750.7693963013, 3398518.6855730377], [403751.2693963013, 3398518.6855730377], [403751.2693963013, 3398518.1855730377], [403752.2693963013, 3398518.1855730377], [403752.2693963013, 3398517.6855730377], [403758.7693963013, 3398517.6855730377], [403758.7693963013, 3398518.1855730377], [403759.7693963013, 3398518.1855730377], [403759.7693963013, 3398518.6855730377], [403760.7693963013, 3398518.6855730377], [403760.7693963013, 3398519.1855730377], [403761.7693963013, 3398519.1855730377], [403761.7693963013, 3398519.6855730377], [403763.2693963013, 3398519.6855730377], [403763.2693963013, 3398520.1855730377], [403763.7693963013, 3398520.1855730377], [403763.7693963013, 3398520.6855730377], [403764.2693963013, 3398520.6855730377], [403764.2693963013, 3398521.1855730377], [403764.7693963013, 3398521.1855730377], [403764.7693963013, 3398521.6855730377], [403766.2693963013, 3398521.6855730377], [403766.2693963013, 3398522.1855730377], [403767.2693963013, 3398522.1855730377], [403767.2693963013, 3398522.6855730377], [403767.7693963013, 3398522.6855730377], [403767.7693963013, 3398523.1855730377], [403768.7693963013, 3398523.1855730377], [403768.7693963013, 3398523.6855730377], [403769.2693963013, 3398523.6855730377], [403769.2693963013, 3398524.6855730377], [403769.7693963013, 3398524.6855730377], [403769.7693963013, 3398525.1855730377], [403770.2693963013, 3398525.1855730377], [403770.2693963013, 3398525.6855730377], [403771.7693963013, 3398525.6855730377], [403771.7693963013, 3398526.1855730377], [403772.7693963013, 3398526.1855730377], [403772.7693963013, 3398526.6855730377], [403773.7693963013, 3398526.6855730377], [403773.7693963013, 3398527.1855730377], [403774.7693963013, 3398527.1855730377], [403774.7693963013, 3398527.6855730377], [403775.7693963013, 3398527.6855730377], [403775.7693963013, 3398528.1855730377], [403776.7693963013, 3398528.1855730377], [403776.7693963013, 3398528.6855730377], [403777.7693963013, 3398528.6855730377], [403777.7693963013, 3398529.1855730377], [403778.7693963013, 3398529.1855730377], [403778.7693963013, 3398533.1855730377], [403778.2693963013, 3398533.1855730377], [403778.2693963013, 3398533.6855730377], [403777.7693963013, 3398533.6855730377], [403777.7693963013, 3398534.1855730377], [403777.2693963013, 3398534.1855730377], [403777.2693963013, 3398534.6855730377], [403776.2693963013, 3398534.6855730377], [403776.2693963013, 3398535.1855730377], [403775.2693963013, 3398535.1855730377], [403775.2693963013, 3398535.6855730377], [403774.2693963013, 3398535.6855730377], [403774.2693963013, 3398536.1855730377], [403773.2693963013, 3398536.1855730377], [403773.2693963013, 3398536.6855730377], [403772.2693963013, 3398536.6855730377], [403772.2693963013, 3398537.1855730377], [403771.7693963013, 3398537.1855730377], [403771.7693963013, 3398537.6855730377], [403771.2693963013, 3398537.6855730377], [403771.2693963013, 3398538.1855730377], [403770.7693963013, 3398538.1855730377], [403770.7693963013, 3398538.6855730377], [403770.2693963013, 3398538.6855730377], [403770.2693963013, 3398539.6855730377], [403769.7693963013, 3398539.6855730377], [403769.7693963013, 3398540.1855730377], [403769.2693963013, 3398540.1855730377], [403769.2693963013, 3398540.6855730377], [403768.7693963013, 3398540.6855730377], [403768.7693963013, 3398541.1855730377], [403768.2693963013, 3398541.1855730377], [403768.2693963013, 3398541.6855730377], [403767.7693963013, 3398541.6855730377], [403767.7693963013, 3398542.1855730377], [403767.2693963013, 3398542.1855730377], [403767.2693963013, 3398542.6855730377], [403766.7693963013, 3398542.6855730377], [403766.7693963013, 3398543.1855730377], [403766.2693963013, 3398543.1855730377], [403766.2693963013, 3398543.6855730377], [403765.7693963013, 3398543.6855730377], [403765.7693963013, 3398544.1855730377], [403765.2693963013, 3398544.1855730377], [403765.2693963013, 3398544.6855730377], [403764.7693963013, 3398544.6855730377], [403764.7693963013, 3398545.1855730377], [403764.2693963013, 3398545.1855730377], [403764.2693963013, 3398545.6855730377], [403763.7693963013, 3398545.6855730377], [403763.7693963013, 3398546.1855730377], [403763.2693963013, 3398546.1855730377], [403763.2693963013, 3398547.1855730377], [403762.7693963013, 3398547.1855730377], [403762.7693963013, 3398547.6855730377], [403762.2693963013, 3398547.6855730377], [403762.2693963013, 3398548.1855730377], [403761.7693963013, 3398548.1855730377], [403761.7693963013, 3398549.1855730377], [403761.2693963013, 3398549.1855730377], [403761.2693963013, 3398549.6855730377], [403760.7693963013, 3398549.6855730377], [403760.7693963013, 3398550.1855730377], [403760.2693963013, 3398550.1855730377], [403760.2693963013, 3398550.6855730377], [403759.7693963013, 3398550.6855730377], [403759.7693963013, 3398551.1855730377], [403759.2693963013, 3398551.1855730377], [403759.2693963013, 3398551.6855730377], [403758.7693963013, 3398551.6855730377], [403758.7693963013, 3398552.1855730377], [403758.2693963013, 3398552.1855730377], [403758.2693963013, 3398552.6855730377], [403757.7693963013, 3398552.6855730377], [403757.7693963013, 3398553.1855730377], [403756.7693963013, 3398553.1855730377], [403756.7693963013, 3398553.6855730377], [403756.2693963013, 3398553.6855730377], [403756.2693963013, 3398554.1855730377], [403755.7693963013, 3398554.1855730377], [403755.7693963013, 3398554.6855730377], [403755.2693963013, 3398554.6855730377], [403755.2693963013, 3398555.1855730377], [403754.7693963013, 3398555.1855730377], [403754.7693963013, 3398555.6855730377], [403754.2693963013, 3398555.6855730377], [403754.2693963013, 3398556.1855730377], [403753.7693963013, 3398556.1855730377], [403753.7693963013, 3398556.6855730377], [403753.2693963013, 3398556.6855730377], [403753.2693963013, 3398557.1855730377], [403752.7693963013, 3398557.1855730377], [403752.7693963013, 3398557.6855730377], [403752.2693963013, 3398557.6855730377], [403752.2693963013, 3398558.1855730377], [403751.7693963013, 3398558.1855730377], [403751.7693963013, 3398559.1855730377], [403751.2693963013, 3398559.1855730377], [403751.2693963013, 3398559.6855730377], [403750.7693963013, 3398559.6855730377], [403750.7693963013, 3398560.1855730377], [403750.2693963013, 3398560.1855730377], [403750.2693963013, 3398560.6855730377], [403749.2693963013, 3398560.6855730377], [403749.2693963013, 3398561.1855730377], [403748.7693963013, 3398561.1855730377], [403748.7693963013, 3398561.6855730377], [403747.7693963013, 3398561.6855730377], [403747.7693963013, 3398562.1855730377], [403746.7693963013, 3398562.1855730377], [403746.7693963013, 3398562.6855730377], [403745.7693963013, 3398562.6855730377], [403745.7693963013, 3398563.1855730377], [403743.7693963013, 3398563.1855730377]]]}, "properties": {"id": "seg_016", "source": "seg", "area_m2": 1403.2, "layout": "垂直式", "coef_m2": 28, "capacity": 50, "cap_min": 42, "cap_max": 63, "cx": 403745.5, "cy": 3398540.4}}, {"type": "Feature", "geometry": {"type": "Polygon", "coordinates": [[[403138.7693963013, 3398549.1855730377], [403138.7693963013, 3398548.6855730377], [403137.7693963013, 3398548.6855730377], [403137.7693963013, 3398548.1855730377], [403137.2693963013, 3398548.1855730377], [403137.2693963013, 3398547.1855730377], [403136.7693963013, 3398547.1855730377], [403136.7693963013, 3398546.6855730377], [403136.2693963013, 3398546.6855730377], [403136.2693963013, 3398545.6855730377], [403135.7693963013, 3398545.6855730377], [403135.7693963013, 3398544.6855730377], [403135.2693963013, 3398544.6855730377], [403135.2693963013, 3398543.6855730377], [403134.7693963013, 3398543.6855730377], [403134.7693963013, 3398543.1855730377], [403134.2693963013, 3398543.1855730377], [403134.2693963013, 3398542.1855730377], [403133.7693963013, 3398542.1855730377], [403133.7693963013, 3398541.1855730377], [403133.2693963013, 3398541.1855730377], [403133.2693963013, 3398540.1855730377], [403132.7693963013, 3398540.1855730377], [403132.7693963013, 3398538.6855730377], [403132.2693963013, 3398538.6855730377], [403132.2693963013, 3398537.6855730377], [403131.7693963013, 3398537.6855730377], [403131.7693963013, 3398536.6855730377], [403131.2693963013, 3398536.6855730377], [403131.2693963013, 3398535.6855730377], [403130.7693963013, 3398535.6855730377], [403130.7693963013, 3398535.1855730377], [403130.2693963013, 3398535.1855730377], [403130.2693963013, 3398534.1855730377], [403129.7693963013, 3398534.1855730377], [403129.7693963013, 3398533.6855730377], [403129.2693963013, 3398533.6855730377], [403129.2693963013, 3398532.1855730377], [403128.7693963013, 3398532.1855730377], [403128.7693963013, 3398531.1855730377], [403128.2693963013, 3398531.1855730377], [403128.2693963013, 3398530.6855730377], [403127.7693963013, 3398530.6855730377], [403127.7693963013, 3398530.1855730377], [403127.2693963013, 3398530.1855730377], [403127.2693963013, 3398529.1855730377], [403126.7693963013, 3398529.1855730377], [403126.7693963013, 3398528.1855730377], [403126.2693963013, 3398528.1855730377], [403126.2693963013, 3398527.1855730377], [403125.7693963013, 3398527.1855730377], [403125.7693963013, 3398526.6855730377], [403125.2693963013, 3398526.6855730377], [403125.2693963013, 3398526.1855730377], [403124.7693963013, 3398526.1855730377], [403124.7693963013, 3398525.1855730377], [403124.2693963013, 3398525.1855730377], [403124.2693963013, 3398524.6855730377], [403123.7693963013, 3398524.6855730377], [403123.7693963013, 3398524.1855730377], [403123.2693963013, 3398524.1855730377], [403123.2693963013, 3398523.6855730377], [403122.7693963013, 3398523.6855730377], [403122.7693963013, 3398522.6855730377], [403121.7693963013, 3398522.6855730377], [403121.7693963013, 3398522.1855730377], [403121.2693963013, 3398522.1855730377], [403121.2693963013, 3398521.6855730377], [403119.7693963013, 3398521.6855730377], [403119.7693963013, 3398521.1855730377], [403118.2693963013, 3398521.1855730377], [403118.2693963013, 3398521.6855730377], [403117.7693963013, 3398521.6855730377], [403117.7693963013, 3398519.1855730377], [403117.2693963013, 3398519.1855730377], [403117.2693963013, 3398519.6855730377], [403116.7693963013, 3398519.6855730377], [403116.7693963013, 3398520.6855730377], [403116.2693963013, 3398520.6855730377], [403116.2693963013, 3398521.6855730377], [403115.7693963013, 3398521.6855730377], [403115.7693963013, 3398522.6855730377], [403115.2693963013, 3398522.6855730377], [403115.2693963013, 3398524.1855730377], [403114.7693963013, 3398524.1855730377], [403114.7693963013, 3398525.1855730377], [403114.2693963013, 3398525.1855730377], [403114.2693963013, 3398526.6855730377], [403113.7693963013, 3398526.6855730377], [403113.7693963013, 3398528.6855730377], [403113.2693963013, 3398528.6855730377], [403113.2693963013, 3398530.1855730377], [403112.7693963013, 3398530.1855730377], [403112.7693963013, 3398530.6855730377], [403112.2693963013, 3398530.6855730377], [403112.2693963013, 3398531.6855730377], [403111.7693963013, 3398531.6855730377], [403111.7693963013, 3398532.1855730377], [403111.2693963013, 3398532.1855730377], [403111.2693963013, 3398533.1855730377], [403110.7693963013, 3398533.1855730377], [403110.7693963013, 3398533.6855730377], [403110.2693963013, 3398533.6855730377], [403110.2693963013, 3398534.1855730377], [403109.7693963013, 3398534.1855730377], [403109.7693963013, 3398534.6855730377], [403109.2693963013, 3398534.6855730377], [403109.2693963013, 3398535.6855730377], [403108.7693963013, 3398535.6855730377], [403108.7693963013, 3398536.1855730377], [403108.2693963013, 3398536.1855730377], [403108.2693963013, 3398537.1855730377], [403107.7693963013, 3398537.1855730377], [403107.7693963013, 3398537.6855730377], [403107.2693963013, 3398537.6855730377], [403107.2693963013, 3398538.1855730377], [403101.7693963013, 3398538.1855730377], [403101.7693963013, 3398537.6855730377], [403100.7693963013, 3398537.6855730377], [403100.7693963013, 3398537.1855730377], [403099.7693963013, 3398537.1855730377], [403099.7693963013, 3398536.6855730377], [403098.7693963013, 3398536.6855730377], [403098.7693963013, 3398536.1855730377], [403098.2693963013, 3398536.1855730377], [403098.2693963013, 3398535.6855730377], [403097.2693963013, 3398535.6855730377], [403097.2693963013, 3398535.1855730377], [403096.7693963013, 3398535.1855730377], [403096.7693963013, 3398534.6855730377], [403096.2693963013, 3398534.6855730377], [403096.2693963013, 3398534.1855730377], [403095.7693963013, 3398534.1855730377], [403095.7693963013, 3398533.6855730377], [403095.2693963013, 3398533.6855730377], [403095.2693963013, 3398533.1855730377], [403094.7693963013, 3398533.1855730377], [403094.7693963013, 3398532.6855730377], [403094.2693963013, 3398532.6855730377], [403094.2693963013, 3398532.1855730377], [403093.7693963013, 3398532.1855730377], [403093.7693963013, 3398531.6855730377], [403093.2693963013, 3398531.6855730377], [403093.2693963013, 3398531.1855730377], [403092.7693963013, 3398531.1855730377], [403092.7693963013, 3398530.6855730377], [403092.2693963013, 3398530.6855730377], [403092.2693963013, 3398530.1855730377], [403091.7693963013, 3398530.1855730377], [403091.7693963013, 3398529.1855730377], [403091.2693963013, 3398529.1855730377], [403091.2693963013, 3398528.6855730377], [403090.7693963013, 3398528.6855730377], [403090.7693963013, 3398528.1855730377], [403090.2693963013, 3398528.1855730377], [403090.2693963013, 3398527.6855730377], [403089.7693963013, 3398527.6855730377], [403089.7693963013, 3398526.6855730377], [403089.2693963013, 3398526.6855730377], [403089.2693963013, 3398526.1855730377], [403088.7693963013, 3398526.1855730377], [403088.7693963013, 3398525.1855730377], [403088.2693963013, 3398525.1855730377], [403088.2693963013, 3398524.6855730377], [403087.7693963013, 3398524.6855730377], [403087.7693963013, 3398523.6855730377], [403087.2693963013, 3398523.6855730377], [403087.2693963013, 3398523.1855730377], [403086.7693963013, 3398523.1855730377], [403086.7693963013, 3398522.6855730377], [403086.2693963013, 3398522.6855730377], [403086.2693963013, 3398521.6855730377], [403085.7693963013, 3398521.6855730377], [403085.7693963013, 3398521.1855730377], [403085.2693963013, 3398521.1855730377], [403085.2693963013, 3398520.6855730377], [403084.7693963013, 3398520.6855730377], [403084.7693963013, 3398519.6855730377], [403084.2693963013, 3398519.6855730377], [403084.2693963013, 3398519.1855730377], [403083.7693963013, 3398519.1855730377], [403083.7693963013, 3398518.6855730377], [403083.2693963013, 3398518.6855730377], [403083.2693963013, 3398517.6855730377], [403082.7693963013, 3398517.6855730377], [403082.7693963013, 3398517.1855730377], [403082.2693963013, 3398517.1855730377], [403082.2693963013, 3398516.6855730377], [403081.7693963013, 3398516.6855730377], [403081.7693963013, 3398516.1855730377], [403081.2693963013, 3398516.1855730377], [403081.2693963013, 3398515.1855730377], [403080.7693963013, 3398515.1855730377], [403080.7693963013, 3398514.6855730377], [403080.2693963013, 3398514.6855730377], [403080.2693963013, 3398514.1855730377], [403079.7693963013, 3398514.1855730377], [403079.7693963013, 3398513.1855730377], [403079.2693963013, 3398513.1855730377], [403079.2693963013, 3398512.6855730377], [403078.7693963013, 3398512.6855730377], [403078.7693963013, 3398511.6855730377], [403078.2693963013, 3398511.6855730377], [403078.2693963013, 3398511.1855730377], [403077.7693963013, 3398511.1855730377], [403077.7693963013, 3398510.6855730377], [403077.2693963013, 3398510.6855730377], [403077.2693963013, 3398509.6855730377], [403076.7693963013, 3398509.6855730377], [403076.7693963013, 3398508.6855730377], [403076.2693963013, 3398508.6855730377], [403076.2693963013, 3398508.1855730377], [403075.7693963013, 3398508.1855730377], [403075.7693963013, 3398507.6855730377], [403075.2693963013, 3398507.6855730377], [403075.2693963013, 3398507.1855730377], [403074.7693963013, 3398507.1855730377], [403074.7693963013, 3398506.6855730377], [403074.2693963013, 3398506.6855730377], [403074.2693963013, 3398505.6855730377], [403073.7693963013, 3398505.6855730377], [403073.7693963013, 3398505.1855730377], [403073.2693963013, 3398505.1855730377], [403073.2693963013, 3398504.6855730377], [403072.7693963013, 3398504.6855730377], [403072.7693963013, 3398504.1855730377], [403072.2693963013, 3398504.1855730377], [403072.2693963013, 3398503.1855730377], [403071.7693963013, 3398503.1855730377], [403071.7693963013, 3398502.6855730377], [403071.2693963013, 3398502.6855730377], [403071.2693963013, 3398502.1855730377], [403070.7693963013, 3398502.1855730377], [403070.7693963013, 3398501.6855730377], [403070.2693963013, 3398501.6855730377], [403070.2693963013, 3398500.6855730377], [403069.7693963013, 3398500.6855730377], [403069.7693963013, 3398500.1855730377], [403069.2693963013, 3398500.1855730377], [403069.2693963013, 3398480.6855730377], [403069.7693963013, 3398480.6855730377], [403069.7693963013, 3398480.1855730377], [403070.2693963013, 3398480.1855730377], [403070.2693963013, 3398479.1855730377], [403070.7693963013, 3398479.1855730377], [403070.7693963013, 3398478.6855730377], [403091.7693963013, 3398478.6855730377], [403091.7693963013, 3398479.1855730377], [403091.2693963013, 3398479.1855730377], [403091.2693963013, 3398480.6855730377], [403091.7693963013, 3398480.6855730377], [403091.7693963013, 3398481.6855730377], [403092.2693963013, 3398481.6855730377], [403092.2693963013, 3398482.6855730377], [403092.7693963013, 3398482.6855730377], [403092.7693963013, 3398483.1855730377], [403093.2693963013, 3398483.1855730377], [403093.2693963013, 3398484.1855730377], [403093.7693963013, 3398484.1855730377], [403093.7693963013, 3398484.6855730377], [403094.2693963013, 3398484.6855730377], [403094.2693963013, 3398485.1855730377], [403095.2693963013, 3398485.1855730377], [403095.2693963013, 3398486.1855730377], [403095.7693963013, 3398486.1855730377], [403095.7693963013, 3398486.6855730377], [403096.2693963013, 3398486.6855730377], [403096.2693963013, 3398487.6855730377], [403096.7693963013, 3398487.6855730377], [403096.7693963013, 3398488.1855730377], [403097.2693963013, 3398488.1855730377], [403097.2693963013, 3398489.1855730377], [403097.7693963013, 3398489.1855730377], [403097.7693963013, 3398490.1855730377], [403098.2693963013, 3398490.1855730377], [403098.2693963013, 3398491.1855730377], [403098.7693963013, 3398491.1855730377], [403098.7693963013, 3398492.1855730377], [403099.2693963013, 3398492.1855730377], [403099.2693963013, 3398493.1855730377], [403099.7693963013, 3398493.1855730377], [403099.7693963013, 3398494.1855730377], [403100.2693963013, 3398494.1855730377], [403100.2693963013, 3398494.6855730377], [403100.7693963013, 3398494.6855730377], [403100.7693963013, 3398495.6855730377], [403101.2693963013, 3398495.6855730377], [403101.2693963013, 3398496.6855730377], [403101.7693963013, 3398496.6855730377], [403101.7693963013, 3398497.6855730377], [403102.2693963013, 3398497.6855730377], [403102.2693963013, 3398498.1855730377], [403102.7693963013, 3398498.1855730377], [403102.7693963013, 3398498.6855730377], [403103.2693963013, 3398498.6855730377], [403103.2693963013, 3398499.1855730377], [403103.7693963013, 3398499.1855730377], [403103.7693963013, 3398499.6855730377], [403104.2693963013, 3398499.6855730377], [403104.2693963013, 3398500.6855730377], [403104.7693963013, 3398500.6855730377], [403104.7693963013, 3398501.1855730377], [403105.2693963013, 3398501.1855730377], [403105.2693963013, 3398501.6855730377], [403105.7693963013, 3398501.6855730377], [403105.7693963013, 3398502.6855730377], [403106.2693963013, 3398502.6855730377], [403106.2693963013, 3398503.1855730377], [403106.7693963013, 3398503.1855730377], [403106.7693963013, 3398504.1855730377], [403107.2693963013, 3398504.1855730377], [403107.2693963013, 3398505.1855730377], [403107.7693963013, 3398505.1855730377], [403107.7693963013, 3398505.6855730377], [403108.2693963013, 3398505.6855730377], [403108.2693963013, 3398506.6855730377], [403108.7693963013, 3398506.6855730377], [403108.7693963013, 3398507.1855730377], [403109.2693963013, 3398507.1855730377], [403109.2693963013, 3398507.6855730377], [403109.7693963013, 3398507.6855730377], [403109.7693963013, 3398508.1855730377], [403110.2693963013, 3398508.1855730377], [403110.2693963013, 3398508.6855730377], [403110.7693963013, 3398508.6855730377], [403110.7693963013, 3398509.1855730377], [403111.2693963013, 3398509.1855730377], [403111.2693963013, 3398509.6855730377], [403111.7693963013, 3398509.6855730377], [403111.7693963013, 3398510.1855730377], [403112.7693963013, 3398510.1855730377], [403112.7693963013, 3398510.6855730377], [403114.7693963013, 3398510.6855730377], [403114.7693963013, 3398511.1855730377], [403115.7693963013, 3398511.1855730377], [403115.7693963013, 3398510.6855730377], [403116.7693963013, 3398510.6855730377], [403116.7693963013, 3398510.1855730377], [403117.7693963013, 3398510.1855730377], [403117.7693963013, 3398507.6855730377], [403118.7693963013, 3398507.6855730377], [403118.7693963013, 3398507.1855730377], [403120.7693963013, 3398507.1855730377], [403120.7693963013, 3398506.6855730377], [403121.7693963013, 3398506.6855730377], [403121.7693963013, 3398506.1855730377], [403122.2693963013, 3398506.1855730377], [403122.2693963013, 3398505.6855730377], [403122.7693963013, 3398505.6855730377], [403122.7693963013, 3398505.1855730377], [403123.7693963013, 3398505.1855730377], [403123.7693963013, 3398504.6855730377], [403124.2693963013, 3398504.6855730377], [403124.2693963013, 3398503.6855730377], [403124.7693963013, 3398503.6855730377], [403124.7693963013, 3398503.1855730377], [403125.7693963013, 3398503.1855730377], [403125.7693963013, 3398502.6855730377], [403126.2693963013, 3398502.6855730377], [403126.2693963013, 3398502.1855730377], [403126.7693963013, 3398502.1855730377], [403126.7693963013, 3398501.6855730377], [403127.2693963013, 3398501.6855730377], [403127.2693963013, 3398501.1855730377], [403128.2693963013, 3398501.1855730377], [403128.2693963013, 3398500.6855730377], [403128.7693963013, 3398500.6855730377], [403128.7693963013, 3398500.1855730377], [403129.2693963013, 3398500.1855730377], [403129.2693963013, 3398499.6855730377], [403130.2693963013, 3398499.6855730377], [403130.2693963013, 3398499.1855730377], [403130.7693963013, 3398499.1855730377], [403130.7693963013, 3398498.6855730377], [403131.7693963013, 3398498.6855730377], [403131.7693963013, 3398498.1855730377], [403132.2693963013, 3398498.1855730377], [403132.2693963013, 3398497.6855730377], [403132.7693963013, 3398497.6855730377], [403132.7693963013, 3398497.1855730377], [403133.7693963013, 3398497.1855730377], [403133.7693963013, 3398496.6855730377], [403134.7693963013, 3398496.6855730377], [403134.7693963013, 3398496.1855730377], [403135.2693963013, 3398496.1855730377], [403135.2693963013, 3398495.6855730377], [403135.7693963013, 3398495.6855730377], [403135.7693963013, 3398495.1855730377], [403136.2693963013, 3398495.1855730377], [403136.2693963013, 3398494.6855730377], [403137.2693963013, 3398494.6855730377], [403137.2693963013, 3398494.1855730377], [403137.7693963013, 3398494.1855730377], [403137.7693963013, 3398493.6855730377], [403138.2693963013, 3398493.6855730377], [403138.2693963013, 3398493.1855730377], [403139.2693963013, 3398493.1855730377], [403139.2693963013, 3398492.6855730377], [403140.7693963013, 3398492.6855730377], [403140.7693963013, 3398492.1855730377], [403141.2693963013, 3398492.1855730377], [403141.2693963013, 3398491.6855730377], [403142.2693963013, 3398491.6855730377], [403142.2693963013, 3398491.1855730377], [403143.2693963013, 3398491.1855730377], [403143.2693963013, 3398490.6855730377], [403144.7693963013, 3398490.6855730377], [403144.7693963013, 3398490.1855730377], [403145.7693963013, 3398490.1855730377], [403145.7693963013, 3398489.6855730377], [403146.7693963013, 3398489.6855730377], [403146.7693963013, 3398489.1855730377], [403147.2693963013, 3398489.1855730377], [403147.2693963013, 3398488.6855730377], [403149.7693963013, 3398488.6855730377], [403149.7693963013, 3398489.1855730377], [403151.7693963013, 3398489.1855730377], [403151.7693963013, 3398490.1855730377], [403152.2693963013, 3398490.1855730377], [403152.2693963013, 3398490.6855730377], [403153.2693963013, 3398490.6855730377], [403153.2693963013, 3398491.1855730377], [403153.7693963013, 3398491.1855730377], [403153.7693963013, 3398491.6855730377], [403154.2693963013, 3398491.6855730377], [403154.2693963013, 3398492.1855730377], [403155.2693963013, 3398492.1855730377], [403155.2693963013, 3398492.6855730377], [403155.7693963013, 3398492.6855730377], [403155.7693963013, 3398493.1855730377], [403156.2693963013, 3398493.1855730377], [403156.2693963013, 3398493.6855730377], [403156.7693963013, 3398493.6855730377], [403156.7693963013, 3398494.1855730377], [403157.2693963013, 3398494.1855730377], [403157.2693963013, 3398494.6855730377], [403157.7693963013, 3398494.6855730377], [403157.7693963013, 3398495.1855730377], [403158.2693963013, 3398495.1855730377], [403158.2693963013, 3398495.6855730377], [403158.7693963013, 3398495.6855730377], [403158.7693963013, 3398496.1855730377], [403159.2693963013, 3398496.1855730377], [403159.2693963013, 3398497.1855730377], [403159.7693963013, 3398497.1855730377], [403159.7693963013, 3398497.6855730377], [403160.2693963013, 3398497.6855730377], [403160.2693963013, 3398498.1855730377], [403160.7693963013, 3398498.1855730377], [403160.7693963013, 3398498.6855730377], [403161.2693963013, 3398498.6855730377], [403161.2693963013, 3398499.1855730377], [403161.7693963013, 3398499.1855730377], [403161.7693963013, 3398499.6855730377], [403162.2693963013, 3398499.6855730377], [403162.2693963013, 3398500.6855730377], [403162.7693963013, 3398500.6855730377], [403162.7693963013, 3398501.1855730377], [403163.2693963013, 3398501.1855730377], [403163.2693963013, 3398501.6855730377], [403163.7693963013, 3398501.6855730377], [403163.7693963013, 3398502.1855730377], [403164.2693963013, 3398502.1855730377], [403164.2693963013, 3398502.6855730377], [403164.7693963013, 3398502.6855730377], [403164.7693963013, 3398503.1855730377], [403165.2693963013, 3398503.1855730377], [403165.2693963013, 3398504.1855730377], [403165.7693963013, 3398504.1855730377], [403165.7693963013, 3398504.6855730377], [403166.2693963013, 3398504.6855730377], [403166.2693963013, 3398505.6855730377], [403166.7693963013, 3398505.6855730377], [403166.7693963013, 3398506.1855730377], [403167.2693963013, 3398506.1855730377], [403167.2693963013, 3398506.6855730377], [403168.2693963013, 3398506.6855730377], [403168.2693963013, 3398507.1855730377], [403168.7693963013, 3398507.1855730377], [403168.7693963013, 3398507.6855730377], [403169.7693963013, 3398507.6855730377], [403169.7693963013, 3398508.1855730377], [403170.7693963013, 3398508.1855730377], [403170.7693963013, 3398508.6855730377], [403176.7693963013, 3398508.6855730377], [403176.7693963013, 3398508.1855730377], [403177.2693963013, 3398508.1855730377], [403177.2693963013, 3398507.6855730377], [403178.2693963013, 3398507.6855730377], [403178.2693963013, 3398507.1855730377], [403178.7693963013, 3398507.1855730377], [403178.7693963013, 3398506.6855730377], [403179.7693963013, 3398506.6855730377], [403179.7693963013, 3398506.1855730377], [403180.2693963013, 3398506.1855730377], [403180.2693963013, 3398505.6855730377], [403181.2693963013, 3398505.6855730377], [403181.2693963013, 3398505.1855730377], [403182.2693963013, 3398505.1855730377], [403182.2693963013, 3398504.6855730377], [403183.7693963013, 3398504.6855730377], [403183.7693963013, 3398505.1855730377], [403184.7693963013, 3398505.1855730377], [403184.7693963013, 3398505.6855730377], [403185.2693963013, 3398505.6855730377], [403185.2693963013, 3398506.1855730377], [403185.7693963013, 3398506.1855730377], [403185.7693963013, 3398506.6855730377], [403186.2693963013, 3398506.6855730377], [403186.2693963013, 3398507.1855730377], [403186.7693963013, 3398507.1855730377], [403186.7693963013, 3398507.6855730377], [403187.7693963013, 3398507.6855730377], [403187.7693963013, 3398508.6855730377], [403188.2693963013, 3398508.6855730377], [403188.2693963013, 3398509.1855730377], [403188.7693963013, 3398509.1855730377], [403188.7693963013, 3398509.6855730377], [403189.2693963013, 3398509.6855730377], [403189.2693963013, 3398510.1855730377], [403189.7693963013, 3398510.1855730377], [403189.7693963013, 3398511.1855730377], [403190.2693963013, 3398511.1855730377], [403190.2693963013, 3398511.6855730377], [403190.7693963013, 3398511.6855730377], [403190.7693963013, 3398512.1855730377], [403191.2693963013, 3398512.1855730377], [403191.2693963013, 3398512.6855730377], [403191.7693963013, 3398512.6855730377], [403191.7693963013, 3398513.1855730377], [403192.7693963013, 3398513.1855730377], [403192.7693963013, 3398513.6855730377], [403193.2693963013, 3398513.6855730377], [403193.2693963013, 3398514.1855730377], [403193.7693963013, 3398514.1855730377], [403193.7693963013, 3398514.6855730377], [403194.2693963013, 3398514.6855730377], [403194.2693963013, 3398515.1855730377], [403194.7693963013, 3398515.1855730377], [403194.7693963013, 3398516.6855730377], [403194.2693963013, 3398516.6855730377], [403194.2693963013, 3398517.6855730377], [403193.7693963013, 3398517.6855730377], [403193.7693963013, 3398518.1855730377], [403193.2693963013, 3398518.1855730377], [403193.2693963013, 3398518.6855730377], [403192.7693963013, 3398518.6855730377], [403192.7693963013, 3398519.1855730377], [403192.2693963013, 3398519.1855730377], [403192.2693963013, 3398519.6855730377], [403191.7693963013, 3398519.6855730377], [403191.7693963013, 3398520.1855730377], [403191.2693963013, 3398520.1855730377], [403191.2693963013, 3398520.6855730377], [403190.7693963013, 3398520.6855730377], [403190.7693963013, 3398521.1855730377], [403190.2693963013, 3398521.1855730377], [403190.2693963013, 3398521.6855730377], [403189.7693963013, 3398521.6855730377], [403189.7693963013, 3398522.1855730377], [403188.7693963013, 3398522.1855730377], [403188.7693963013, 3398522.6855730377], [403188.2693963013, 3398522.6855730377], [403188.2693963013, 3398523.1855730377], [403187.7693963013, 3398523.1855730377], [403187.7693963013, 3398523.6855730377], [403187.2693963013, 3398523.6855730377], [403187.2693963013, 3398524.1855730377], [403186.2693963013, 3398524.1855730377], [403186.2693963013, 3398524.6855730377], [403185.7693963013, 3398524.6855730377], [403185.7693963013, 3398525.1855730377], [403185.2693963013, 3398525.1855730377], [403185.2693963013, 3398526.1855730377], [403184.7693963013, 3398526.1855730377], [403184.7693963013, 3398526.6855730377], [403183.7693963013, 3398526.6855730377], [403183.7693963013, 3398527.1855730377], [403183.2693963013, 3398527.1855730377], [403183.2693963013, 3398527.6855730377], [403182.7693963013, 3398527.6855730377], [403182.7693963013, 3398528.1855730377], [403181.7693963013, 3398528.1855730377], [403181.7693963013, 3398528.6855730377], [403181.2693963013, 3398528.6855730377], [403181.2693963013, 3398529.1855730377], [403180.2693963013, 3398529.1855730377], [403180.2693963013, 3398529.6855730377], [403179.7693963013, 3398529.6855730377], [403179.7693963013, 3398530.1855730377], [403177.7693963013, 3398530.1855730377], [403177.7693963013, 3398530.6855730377], [403175.2693963013, 3398530.6855730377], [403175.2693963013, 3398530.1855730377], [403173.2693963013, 3398530.1855730377], [403173.2693963013, 3398529.6855730377], [403172.7693963013, 3398529.6855730377], [403172.7693963013, 3398529.1855730377], [403171.7693963013, 3398529.1855730377], [403171.7693963013, 3398528.6855730377], [403171.2693963013, 3398528.6855730377], [403171.2693963013, 3398528.1855730377], [403170.7693963013, 3398528.1855730377], [403170.7693963013, 3398527.6855730377], [403169.7693963013, 3398527.6855730377], [403169.7693963013, 3398527.1855730377], [403169.2693963013, 3398527.1855730377], [403169.2693963013, 3398526.6855730377], [403168.7693963013, 3398526.6855730377], [403168.7693963013, 3398526.1855730377], [403168.2693963013, 3398526.1855730377], [403168.2693963013, 3398525.6855730377], [403167.7693963013, 3398525.6855730377], [403167.7693963013, 3398525.1855730377], [403167.2693963013, 3398525.1855730377], [403167.2693963013, 3398524.6855730377], [403166.7693963013, 3398524.6855730377], [403166.7693963013, 3398524.1855730377], [403165.7693963013, 3398524.1855730377], [403165.7693963013, 3398523.6855730377], [403165.2693963013, 3398523.6855730377], [403165.2693963013, 3398523.1855730377], [403164.7693963013, 3398523.1855730377], [403164.7693963013, 3398522.1855730377], [403163.7693963013, 3398522.1855730377], [403163.7693963013, 3398521.6855730377], [403163.2693963013, 3398521.6855730377], [403163.2693963013, 3398521.1855730377], [403162.7693963013, 3398521.1855730377], [403162.7693963013, 3398520.1855730377], [403162.2693963013, 3398520.1855730377], [403162.2693963013, 3398519.6855730377], [403161.7693963013, 3398519.6855730377], [403161.7693963013, 3398519.1855730377], [403161.2693963013, 3398519.1855730377], [403161.2693963013, 3398518.6855730377], [403160.7693963013, 3398518.6855730377], [403160.7693963013, 3398518.1855730377], [403160.2693963013, 3398518.1855730377], [403160.2693963013, 3398517.6855730377], [403159.7693963013, 3398517.6855730377], [403159.7693963013, 3398517.1855730377], [403159.2693963013, 3398517.1855730377], [403159.2693963013, 3398516.6855730377], [403158.7693963013, 3398516.6855730377], [403158.7693963013, 3398516.1855730377], [403158.2693963013, 3398516.1855730377], [403158.2693963013, 3398515.6855730377], [403157.7693963013, 3398515.6855730377], [403157.7693963013, 3398515.1855730377], [403157.2693963013, 3398515.1855730377], [403157.2693963013, 3398514.6855730377], [403155.7693963013, 3398514.6855730377], [403155.7693963013, 3398514.1855730377], [403154.7693963013, 3398514.1855730377], [403154.7693963013, 3398514.6855730377], [403154.2693963013, 3398514.6855730377], [403154.2693963013, 3398515.6855730377], [403153.7693963013, 3398515.6855730377], [403153.7693963013, 3398516.6855730377], [403153.2693963013, 3398516.6855730377], [403153.2693963013, 3398522.6855730377], [403153.7693963013, 3398522.6855730377], [403153.7693963013, 3398525.1855730377], [403154.2693963013, 3398525.1855730377], [403154.2693963013, 3398526.6855730377], [403154.7693963013, 3398526.6855730377], [403154.7693963013, 3398527.1855730377], [403155.2693963013, 3398527.1855730377], [403155.2693963013, 3398528.6855730377], [403155.7693963013, 3398528.6855730377], [403155.7693963013, 3398530.6855730377], [403156.2693963013, 3398530.6855730377], [403156.2693963013, 3398532.6855730377], [403155.7693963013, 3398532.6855730377], [403155.7693963013, 3398534.1855730377], [403155.2693963013, 3398534.1855730377], [403155.2693963013, 3398535.1855730377], [403154.7693963013, 3398535.1855730377], [403154.7693963013, 3398536.1855730377], [403154.2693963013, 3398536.1855730377], [403154.2693963013, 3398537.1855730377], [403153.7693963013, 3398537.1855730377], [403153.7693963013, 3398538.1855730377], [403153.2693963013, 3398538.1855730377], [403153.2693963013, 3398538.6855730377], [403152.7693963013, 3398538.6855730377], [403152.7693963013, 3398539.6855730377], [403152.2693963013, 3398539.6855730377], [403152.2693963013, 3398540.6855730377], [403151.7693963013, 3398540.6855730377], [403151.7693963013, 3398541.1855730377], [403151.2693963013, 3398541.1855730377], [403151.2693963013, 3398542.1855730377], [403150.7693963013, 3398542.1855730377], [403150.7693963013, 3398542.6855730377], [403150.2693963013, 3398542.6855730377], [403150.2693963013, 3398543.1855730377], [403149.7693963013, 3398543.1855730377], [403149.7693963013, 3398543.6855730377], [403149.2693963013, 3398543.6855730377], [403149.2693963013, 3398544.1855730377], [403148.7693963013, 3398544.1855730377], [403148.7693963013, 3398544.6855730377], [403148.2693963013, 3398544.6855730377], [403148.2693963013, 3398545.1855730377], [403147.7693963013, 3398545.1855730377], [403147.7693963013, 3398545.6855730377], [403147.2693963013, 3398545.6855730377], [403147.2693963013, 3398546.1855730377], [403146.7693963013, 3398546.1855730377], [403146.7693963013, 3398546.6855730377], [403146.2693963013, 3398546.6855730377], [403146.2693963013, 3398547.1855730377], [403145.7693963013, 3398547.1855730377], [403145.7693963013, 3398547.6855730377], [403145.2693963013, 3398547.6855730377], [403145.2693963013, 3398548.1855730377], [403144.2693963013, 3398548.1855730377], [403144.2693963013, 3398548.6855730377], [403143.2693963013, 3398548.6855730377], [403143.2693963013, 3398549.1855730377], [403138.7693963013, 3398549.1855730377]]]}, "properties": {"id": "seg_017", "source": "seg", "area_m2": 3953.8, "layout": "垂直式", "coef_m2": 28, "capacity": 141, "cap_min": 118, "cap_max": 177, "cx": 403136.5, "cy": 3398513.9}}, {"type": "Feature", "geometry": {"type": "Polygon", "coordinates": [[[403031.2693963013, 3398529.1855730377], [403031.2693963013, 3398528.6855730377], [403030.2693963013, 3398528.6855730377], [403030.2693963013, 3398490.1855730377], [403031.7693963013, 3398490.1855730377], [403031.7693963013, 3398489.6855730377], [403033.2693963013, 3398489.6855730377], [403033.2693963013, 3398489.1855730377], [403034.7693963013, 3398489.1855730377], [403034.7693963013, 3398488.6855730377], [403035.7693963013, 3398488.6855730377], [403035.7693963013, 3398488.1855730377], [403036.2693963013, 3398488.1855730377], [403036.2693963013, 3398487.6855730377], [403037.2693963013, 3398487.6855730377], [403037.2693963013, 3398487.1855730377], [403037.7693963013, 3398487.1855730377], [403037.7693963013, 3398486.6855730377], [403038.7693963013, 3398486.6855730377], [403038.7693963013, 3398486.1855730377], [403039.2693963013, 3398486.1855730377], [403039.2693963013, 3398485.6855730377], [403040.2693963013, 3398485.6855730377], [403040.2693963013, 3398485.1855730377], [403041.2693963013, 3398485.1855730377], [403041.2693963013, 3398484.6855730377], [403041.7693963013, 3398484.6855730377], [403041.7693963013, 3398484.1855730377], [403042.7693963013, 3398484.1855730377], [403042.7693963013, 3398483.6855730377], [403043.7693963013, 3398483.6855730377], [403043.7693963013, 3398483.1855730377], [403044.2693963013, 3398483.1855730377], [403044.2693963013, 3398482.6855730377], [403044.7693963013, 3398482.6855730377], [403044.7693963013, 3398482.1855730377], [403045.7693963013, 3398482.1855730377], [403045.7693963013, 3398481.6855730377], [403046.2693963013, 3398481.6855730377], [403046.2693963013, 3398481.1855730377], [403047.2693963013, 3398481.1855730377], [403047.2693963013, 3398480.6855730377], [403048.2693963013, 3398480.6855730377], [403048.2693963013, 3398480.1855730377], [403048.7693963013, 3398480.1855730377], [403048.7693963013, 3398479.6855730377], [403049.2693963013, 3398479.6855730377], [403049.2693963013, 3398479.1855730377], [403050.2693963013, 3398479.1855730377], [403050.2693963013, 3398478.6855730377], [403050.7693963013, 3398478.6855730377], [403050.7693963013, 3398478.1855730377], [403051.7693963013, 3398478.1855730377], [403051.7693963013, 3398477.6855730377], [403052.7693963013, 3398477.6855730377], [403052.7693963013, 3398477.1855730377], [403053.2693963013, 3398477.1855730377], [403053.2693963013, 3398476.6855730377], [403053.7693963013, 3398476.6855730377], [403053.7693963013, 3398476.1855730377], [403054.2693963013, 3398476.1855730377], [403054.2693963013, 3398475.6855730377], [403054.7693963013, 3398475.6855730377], [403054.7693963013, 3398475.1855730377], [403055.7693963013, 3398475.1855730377], [403055.7693963013, 3398474.6855730377], [403059.7693963013, 3398474.6855730377], [403059.7693963013, 3398475.1855730377], [403060.2693963013, 3398475.1855730377], [403060.2693963013, 3398475.6855730377], [403060.7693963013, 3398475.6855730377], [403060.7693963013, 3398476.1855730377], [403061.2693963013, 3398476.1855730377], [403061.2693963013, 3398476.6855730377], [403061.7693963013, 3398476.6855730377], [403061.7693963013, 3398477.1855730377], [403062.2693963013, 3398477.1855730377], [403062.2693963013, 3398477.6855730377], [403062.7693963013, 3398477.6855730377], [403062.7693963013, 3398478.1855730377], [403063.2693963013, 3398478.1855730377], [403063.2693963013, 3398478.6855730377], [403063.7693963013, 3398478.6855730377], [403063.7693963013, 3398479.1855730377], [403064.2693963013, 3398479.1855730377], [403064.2693963013, 3398479.6855730377], [403065.2693963013, 3398479.6855730377], [403065.2693963013, 3398480.1855730377], [403065.7693963013, 3398480.1855730377], [403065.7693963013, 3398481.1855730377], [403066.2693963013, 3398481.1855730377], [403066.2693963013, 3398481.6855730377], [403066.7693963013, 3398481.6855730377], [403066.7693963013, 3398482.1855730377], [403067.2693963013, 3398482.1855730377], [403067.2693963013, 3398497.6855730377], [403066.7693963013, 3398497.6855730377], [403066.7693963013, 3398497.1855730377], [403066.2693963013, 3398497.1855730377], [403066.2693963013, 3398496.6855730377], [403065.7693963013, 3398496.6855730377], [403065.7693963013, 3398495.6855730377], [403065.2693963013, 3398495.6855730377], [403065.2693963013, 3398495.1855730377], [403064.7693963013, 3398495.1855730377], [403064.7693963013, 3398494.6855730377], [403064.2693963013, 3398494.6855730377], [403064.2693963013, 3398494.1855730377], [403063.7693963013, 3398494.1855730377], [403063.7693963013, 3398493.6855730377], [403062.2693963013, 3398493.6855730377], [403062.2693963013, 3398494.1855730377], [403061.7693963013, 3398494.1855730377], [403061.7693963013, 3398498.6855730377], [403062.2693963013, 3398498.6855730377], [403062.2693963013, 3398501.6855730377], [403062.7693963013, 3398501.6855730377], [403062.7693963013, 3398504.6855730377], [403062.2693963013, 3398504.6855730377], [403062.2693963013, 3398506.6855730377], [403061.7693963013, 3398506.6855730377], [403061.7693963013, 3398507.6855730377], [403061.2693963013, 3398507.6855730377], [403061.2693963013, 3398508.6855730377], [403060.7693963013, 3398508.6855730377], [403060.7693963013, 3398509.1855730377], [403060.2693963013, 3398509.1855730377], [403060.2693963013, 3398510.1855730377], [403059.7693963013, 3398510.1855730377], [403059.7693963013, 3398510.6855730377], [403059.2693963013, 3398510.6855730377], [403059.2693963013, 3398511.1855730377], [403058.7693963013, 3398511.1855730377], [403058.7693963013, 3398512.1855730377], [403058.2693963013, 3398512.1855730377], [403058.2693963013, 3398512.6855730377], [403057.7693963013, 3398512.6855730377], [403057.7693963013, 3398513.1855730377], [403057.2693963013, 3398513.1855730377], [403057.2693963013, 3398513.6855730377], [403056.7693963013, 3398513.6855730377], [403056.7693963013, 3398514.6855730377], [403056.2693963013, 3398514.6855730377], [403056.2693963013, 3398515.6855730377], [403055.7693963013, 3398515.6855730377], [403055.7693963013, 3398516.6855730377], [403055.2693963013, 3398516.6855730377], [403055.2693963013, 3398517.1855730377], [403054.7693963013, 3398517.1855730377], [403054.7693963013, 3398518.1855730377], [403054.2693963013, 3398518.1855730377], [403054.2693963013, 3398518.6855730377], [403053.7693963013, 3398518.6855730377], [403053.7693963013, 3398519.1855730377], [403053.2693963013, 3398519.1855730377], [403053.2693963013, 3398519.6855730377], [403052.7693963013, 3398519.6855730377], [403052.7693963013, 3398520.1855730377], [403052.2693963013, 3398520.1855730377], [403052.2693963013, 3398520.6855730377], [403051.7693963013, 3398520.6855730377], [403051.7693963013, 3398521.1855730377], [403051.2693963013, 3398521.1855730377], [403051.2693963013, 3398521.6855730377], [403050.7693963013, 3398521.6855730377], [403050.7693963013, 3398522.1855730377], [403050.2693963013, 3398522.1855730377], [403050.2693963013, 3398522.6855730377], [403049.7693963013, 3398522.6855730377], [403049.7693963013, 3398523.1855730377], [403049.2693963013, 3398523.1855730377], [403049.2693963013, 3398523.6855730377], [403048.2693963013, 3398523.6855730377], [403048.2693963013, 3398524.1855730377], [403047.7693963013, 3398524.1855730377], [403047.7693963013, 3398524.6855730377], [403047.2693963013, 3398524.6855730377], [403047.2693963013, 3398525.1855730377], [403046.7693963013, 3398525.1855730377], [403046.7693963013, 3398525.6855730377], [403046.2693963013, 3398525.6855730377], [403046.2693963013, 3398526.1855730377], [403045.7693963013, 3398526.1855730377], [403045.7693963013, 3398526.6855730377], [403044.7693963013, 3398526.6855730377], [403044.7693963013, 3398527.1855730377], [403044.2693963013, 3398527.1855730377], [403044.2693963013, 3398527.6855730377], [403043.7693963013, 3398527.6855730377], [403043.7693963013, 3398528.1855730377], [403043.2693963013, 3398528.1855730377], [403043.2693963013, 3398528.6855730377], [403042.2693963013, 3398528.6855730377], [403042.2693963013, 3398529.1855730377], [403031.2693963013, 3398529.1855730377]]]}, "properties": {"id": "seg_018", "source": "seg", "area_m2": 1395.5, "layout": "垂直式", "coef_m2": 28, "capacity": 50, "cap_min": 42, "cap_max": 62, "cx": 403046.5, "cy": 3398503.2}}, {"type": "Feature", "geometry": {"type": "Polygon", "coordinates": [[[402955.2693963013, 3398536.6855730377], [402955.2693963013, 3398536.1855730377], [402954.2693963013, 3398536.1855730377], [402954.2693963013, 3398535.6855730377], [402953.2693963013, 3398535.6855730377], [402953.2693963013, 3398535.1855730377], [402952.7693963013, 3398535.1855730377], [402952.7693963013, 3398534.6855730377], [402952.2693963013, 3398534.6855730377], [402952.2693963013, 3398534.1855730377], [402951.7693963013, 3398534.1855730377], [402951.7693963013, 3398533.1855730377], [402951.2693963013, 3398533.1855730377], [402951.2693963013, 3398532.6855730377], [402950.7693963013, 3398532.6855730377], [402950.7693963013, 3398532.1855730377], [402950.2693963013, 3398532.1855730377], [402950.2693963013, 3398531.6855730377], [402949.7693963013, 3398531.6855730377], [402949.7693963013, 3398531.1855730377], [402949.2693963013, 3398531.1855730377], [402949.2693963013, 3398530.6855730377], [402948.7693963013, 3398530.6855730377], [402948.7693963013, 3398529.6855730377], [402948.2693963013, 3398529.6855730377], [402948.2693963013, 3398529.1855730377], [402947.7693963013, 3398529.1855730377], [402947.7693963013, 3398528.1855730377], [402947.2693963013, 3398528.1855730377], [402947.2693963013, 3398527.6855730377], [402946.7693963013, 3398527.6855730377], [402946.7693963013, 3398527.1855730377], [402946.2693963013, 3398527.1855730377], [402946.2693963013, 3398526.6855730377], [402945.7693963013, 3398526.6855730377], [402945.7693963013, 3398525.6855730377], [402945.2693963013, 3398525.6855730377], [402945.2693963013, 3398525.1855730377], [402944.7693963013, 3398525.1855730377], [402944.7693963013, 3398524.1855730377], [402944.2693963013, 3398524.1855730377], [402944.2693963013, 3398523.6855730377], [402943.7693963013, 3398523.6855730377], [402943.7693963013, 3398522.6855730377], [402943.2693963013, 3398522.6855730377], [402943.2693963013, 3398522.1855730377], [402942.7693963013, 3398522.1855730377], [402942.7693963013, 3398521.1855730377], [402942.2693963013, 3398521.1855730377], [402942.2693963013, 3398520.6855730377], [402941.7693963013, 3398520.6855730377], [402941.7693963013, 3398520.1855730377], [402941.2693963013, 3398520.1855730377], [402941.2693963013, 3398519.1855730377], [402940.7693963013, 3398519.1855730377], [402940.7693963013, 3398518.6855730377], [402940.2693963013, 3398518.6855730377], [402940.2693963013, 3398517.6855730377], [402939.7693963013, 3398517.6855730377], [402939.7693963013, 3398517.1855730377], [402939.2693963013, 3398517.1855730377], [402939.2693963013, 3398516.1855730377], [402938.7693963013, 3398516.1855730377], [402938.7693963013, 3398515.6855730377], [402938.2693963013, 3398515.6855730377], [402938.2693963013, 3398515.1855730377], [402937.7693963013, 3398515.1855730377], [402937.7693963013, 3398514.6855730377], [402937.2693963013, 3398514.6855730377], [402937.2693963013, 3398514.1855730377], [402936.7693963013, 3398514.1855730377], [402936.7693963013, 3398513.6855730377], [402936.2693963013, 3398513.6855730377], [402936.2693963013, 3398513.1855730377], [402935.7693963013, 3398513.1855730377], [402935.7693963013, 3398512.6855730377], [402935.2693963013, 3398512.6855730377], [402935.2693963013, 3398512.1855730377], [402934.2693963013, 3398512.1855730377], [402934.2693963013, 3398511.6855730377], [402933.2693963013, 3398511.6855730377], [402933.2693963013, 3398511.1855730377], [402932.2693963013, 3398511.1855730377], [402932.2693963013, 3398510.6855730377], [402930.2693963013, 3398510.6855730377], [402930.2693963013, 3398510.1855730377], [402928.2693963013, 3398510.1855730377], [402928.2693963013, 3398509.6855730377], [402926.7693963013, 3398509.6855730377], [402926.7693963013, 3398509.1855730377], [402925.7693963013, 3398509.1855730377], [402925.7693963013, 3398508.6855730377], [402925.2693963013, 3398508.6855730377], [402925.2693963013, 3398508.1855730377], [402924.7693963013, 3398508.1855730377], [402924.7693963013, 3398506.6855730377], [402925.2693963013, 3398506.6855730377], [402925.2693963013, 3398505.1855730377], [402925.7693963013, 3398505.1855730377], [402925.7693963013, 3398504.6855730377], [402926.2693963013, 3398504.6855730377], [402926.2693963013, 3398504.1855730377], [402926.7693963013, 3398504.1855730377], [402926.7693963013, 3398502.6855730377], [402926.2693963013, 3398502.6855730377], [402926.2693963013, 3398501.6855730377], [402925.7693963013, 3398501.6855730377], [402925.7693963013, 3398501.1855730377], [402924.7693963013, 3398501.1855730377], [402924.7693963013, 3398500.6855730377], [402923.2693963013, 3398500.6855730377], [402923.2693963013, 3398500.1855730377], [402921.7693963013, 3398500.1855730377], [402921.7693963013, 3398499.6855730377], [402920.7693963013, 3398499.6855730377], [402920.7693963013, 3398499.1855730377], [402920.2693963013, 3398499.1855730377], [402920.2693963013, 3398498.6855730377], [402919.7693963013, 3398498.6855730377], [402919.7693963013, 3398498.1855730377], [402919.2693963013, 3398498.1855730377], [402919.2693963013, 3398497.6855730377], [402918.7693963013, 3398497.6855730377], [402918.7693963013, 3398496.6855730377], [402918.2693963013, 3398496.6855730377], [402918.2693963013, 3398495.6855730377], [402917.7693963013, 3398495.6855730377], [402917.7693963013, 3398495.1855730377], [402917.2693963013, 3398495.1855730377], [402917.2693963013, 3398494.6855730377], [402916.7693963013, 3398494.6855730377], [402916.7693963013, 3398494.1855730377], [402915.7693963013, 3398494.1855730377], [402915.7693963013, 3398493.6855730377], [402915.2693963013, 3398493.6855730377], [402915.2693963013, 3398493.1855730377], [402914.7693963013, 3398493.1855730377], [402914.7693963013, 3398492.6855730377], [402913.7693963013, 3398492.6855730377], [402913.7693963013, 3398492.1855730377], [402913.2693963013, 3398492.1855730377], [402913.2693963013, 3398491.6855730377], [402912.7693963013, 3398491.6855730377], [402912.7693963013, 3398491.1855730377], [402911.7693963013, 3398491.1855730377], [402911.7693963013, 3398490.6855730377], [402911.2693963013, 3398490.6855730377], [402911.2693963013, 3398490.1855730377], [402910.7693963013, 3398490.1855730377], [402910.7693963013, 3398489.6855730377], [402910.2693963013, 3398489.6855730377], [402910.2693963013, 3398489.1855730377], [402909.7693963013, 3398489.1855730377], [402909.7693963013, 3398488.6855730377], [402909.2693963013, 3398488.6855730377], [402909.2693963013, 3398487.6855730377], [402908.7693963013, 3398487.6855730377], [402908.7693963013, 3398487.1855730377], [402908.2693963013, 3398487.1855730377], [402908.2693963013, 3398486.6855730377], [402907.7693963013, 3398486.6855730377], [402907.7693963013, 3398486.1855730377], [402907.2693963013, 3398486.1855730377], [402907.2693963013, 3398485.1855730377], [402906.7693963013, 3398485.1855730377], [402906.7693963013, 3398484.6855730377], [402906.2693963013, 3398484.6855730377], [402906.2693963013, 3398484.1855730377], [402905.7693963013, 3398484.1855730377], [402905.7693963013, 3398483.6855730377], [402904.7693963013, 3398483.6855730377], [402904.7693963013, 3398483.1855730377], [402904.2693963013, 3398483.1855730377], [402904.2693963013, 3398482.6855730377], [402903.7693963013, 3398482.6855730377], [402903.7693963013, 3398482.1855730377], [402902.7693963013, 3398482.1855730377], [402902.7693963013, 3398481.6855730377], [402901.7693963013, 3398481.6855730377], [402901.7693963013, 3398481.1855730377], [402901.2693963013, 3398481.1855730377], [402901.2693963013, 3398480.6855730377], [402899.7693963013, 3398480.6855730377], [402899.7693963013, 3398461.1855730377], [402900.2693963013, 3398461.1855730377], [402900.2693963013, 3398459.1855730377], [402900.7693963013, 3398459.1855730377], [402900.7693963013, 3398458.1855730377], [402901.2693963013, 3398458.1855730377], [402901.2693963013, 3398455.1855730377], [402901.7693963013, 3398455.1855730377], [402901.7693963013, 3398453.6855730377], [402902.2693963013, 3398453.6855730377], [402902.2693963013, 3398452.1855730377], [402902.7693963013, 3398452.1855730377], [402902.7693963013, 3398451.1855730377], [402903.2693963013, 3398451.1855730377], [402903.2693963013, 3398450.6855730377], [402925.2693963013, 3398450.6855730377], [402925.2693963013, 3398451.1855730377], [402925.7693963013, 3398451.1855730377], [402925.7693963013, 3398452.1855730377], [402926.2693963013, 3398452.1855730377], [402926.2693963013, 3398453.1855730377], [402926.7693963013, 3398453.1855730377], [402926.7693963013, 3398453.6855730377], [402927.2693963013, 3398453.6855730377], [402927.2693963013, 3398454.1855730377], [402927.7693963013, 3398454.1855730377], [402927.7693963013, 3398454.6855730377], [402928.2693963013, 3398454.6855730377], [402928.2693963013, 3398455.1855730377], [402928.7693963013, 3398455.1855730377], [402928.7693963013, 3398455.6855730377], [402929.2693963013, 3398455.6855730377], [402929.2693963013, 3398456.6855730377], [402929.7693963013, 3398456.6855730377], [402929.7693963013, 3398457.1855730377], [402930.2693963013, 3398457.1855730377], [402930.2693963013, 3398457.6855730377], [402930.7693963013, 3398457.6855730377], [402930.7693963013, 3398458.1855730377], [402931.7693963013, 3398458.1855730377], [402931.7693963013, 3398458.6855730377], [402932.2693963013, 3398458.6855730377], [402932.2693963013, 3398459.1855730377], [402933.2693963013, 3398459.1855730377], [402933.2693963013, 3398459.6855730377], [402933.7693963013, 3398459.6855730377], [402933.7693963013, 3398460.1855730377], [402934.2693963013, 3398460.1855730377], [402934.2693963013, 3398461.1855730377], [402934.7693963013, 3398461.1855730377], [402934.7693963013, 3398461.6855730377], [402935.7693963013, 3398461.6855730377], [402935.7693963013, 3398462.1855730377], [402936.2693963013, 3398462.1855730377], [402936.2693963013, 3398462.6855730377], [402936.7693963013, 3398462.6855730377], [402936.7693963013, 3398463.1855730377], [402937.2693963013, 3398463.1855730377], [402937.2693963013, 3398464.1855730377], [402937.7693963013, 3398464.1855730377], [402937.7693963013, 3398464.6855730377], [402938.2693963013, 3398464.6855730377], [402938.2693963013, 3398465.1855730377], [402938.7693963013, 3398465.1855730377], [402938.7693963013, 3398465.6855730377], [402939.2693963013, 3398465.6855730377], [402939.2693963013, 3398466.1855730377], [402939.7693963013, 3398466.1855730377], [402939.7693963013, 3398466.6855730377], [402940.7693963013, 3398466.6855730377], [402940.7693963013, 3398467.1855730377], [402941.2693963013, 3398467.1855730377], [402941.2693963013, 3398467.6855730377], [402942.2693963013, 3398467.6855730377], [402942.2693963013, 3398468.1855730377], [402942.7693963013, 3398468.1855730377], [402942.7693963013, 3398468.6855730377], [402943.7693963013, 3398468.6855730377], [402943.7693963013, 3398469.1855730377], [402945.2693963013, 3398469.1855730377], [402945.2693963013, 3398469.6855730377], [402948.7693963013, 3398469.6855730377], [402948.7693963013, 3398470.1855730377], [402949.2693963013, 3398470.1855730377], [402949.2693963013, 3398469.6855730377], [402951.2693963013, 3398469.6855730377], [402951.2693963013, 3398469.1855730377], [402952.7693963013, 3398469.1855730377], [402952.7693963013, 3398468.6855730377], [402953.7693963013, 3398468.6855730377], [402953.7693963013, 3398468.1855730377], [402954.2693963013, 3398468.1855730377], [402954.2693963013, 3398467.6855730377], [402957.2693963013, 3398467.6855730377], [402957.2693963013, 3398468.1855730377], [402958.2693963013, 3398468.1855730377], [402958.2693963013, 3398468.6855730377], [402959.2693963013, 3398468.6855730377], [402959.2693963013, 3398469.1855730377], [402960.2693963013, 3398469.1855730377], [402960.2693963013, 3398469.6855730377], [402966.2693963013, 3398469.6855730377], [402966.2693963013, 3398469.1855730377], [402967.2693963013, 3398469.1855730377], [402967.2693963013, 3398468.6855730377], [402970.2693963013, 3398468.6855730377], [402970.2693963013, 3398468.1855730377], [402971.2693963013, 3398468.1855730377], [402971.2693963013, 3398467.6855730377], [402972.2693963013, 3398467.6855730377], [402972.2693963013, 3398467.1855730377], [402972.7693963013, 3398467.1855730377], [402972.7693963013, 3398466.6855730377], [402973.2693963013, 3398466.6855730377], [402973.2693963013, 3398466.1855730377], [402973.7693963013, 3398466.1855730377], [402973.7693963013, 3398465.6855730377], [402974.2693963013, 3398465.6855730377], [402974.2693963013, 3398465.1855730377], [402974.7693963013, 3398465.1855730377], [402974.7693963013, 3398464.6855730377], [402975.2693963013, 3398464.6855730377], [402975.2693963013, 3398464.1855730377], [402975.7693963013, 3398464.1855730377], [402975.7693963013, 3398463.6855730377], [402976.7693963013, 3398463.6855730377], [402976.7693963013, 3398463.1855730377], [402977.2693963013, 3398463.1855730377], [402977.2693963013, 3398462.6855730377], [402977.7693963013, 3398462.6855730377], [402977.7693963013, 3398462.1855730377], [402978.7693963013, 3398462.1855730377], [402978.7693963013, 3398461.6855730377], [402979.2693963013, 3398461.6855730377], [402979.2693963013, 3398461.1855730377], [402980.7693963013, 3398461.1855730377], [402980.7693963013, 3398460.6855730377], [402981.7693963013, 3398460.6855730377], [402981.7693963013, 3398460.1855730377], [402982.7693963013, 3398460.1855730377], [402982.7693963013, 3398459.6855730377], [402983.7693963013, 3398459.6855730377], [402983.7693963013, 3398459.1855730377], [402984.2693963013, 3398459.1855730377], [402984.2693963013, 3398458.6855730377], [402985.2693963013, 3398458.6855730377], [402985.2693963013, 3398458.1855730377], [402985.7693963013, 3398458.1855730377], [402985.7693963013, 3398457.6855730377], [402986.2693963013, 3398457.6855730377], [402986.2693963013, 3398457.1855730377], [402986.7693963013, 3398457.1855730377], [402986.7693963013, 3398456.6855730377], [402987.7693963013, 3398456.6855730377], [402987.7693963013, 3398456.1855730377], [402988.2693963013, 3398456.1855730377], [402988.2693963013, 3398455.6855730377], [402989.2693963013, 3398455.6855730377], [402989.2693963013, 3398455.1855730377], [402989.7693963013, 3398455.1855730377], [402989.7693963013, 3398454.6855730377], [402990.2693963013, 3398454.6855730377], [402990.2693963013, 3398454.1855730377], [402990.7693963013, 3398454.1855730377], [402990.7693963013, 3398450.6855730377], [402994.7693963013, 3398450.6855730377], [402994.7693963013, 3398506.6855730377], [402992.7693963013, 3398506.6855730377], [402992.7693963013, 3398506.1855730377], [402991.2693963013, 3398506.1855730377], [402991.2693963013, 3398505.6855730377], [402990.2693963013, 3398505.6855730377], [402990.2693963013, 3398505.1855730377], [402989.7693963013, 3398505.1855730377], [402989.7693963013, 3398504.6855730377], [402989.2693963013, 3398504.6855730377], [402989.2693963013, 3398504.1855730377], [402988.2693963013, 3398504.1855730377], [402988.2693963013, 3398503.6855730377], [402987.7693963013, 3398503.6855730377], [402987.7693963013, 3398503.1855730377], [402987.2693963013, 3398503.1855730377], [402987.2693963013, 3398502.6855730377], [402986.7693963013, 3398502.6855730377], [402986.7693963013, 3398502.1855730377], [402986.2693963013, 3398502.1855730377], [402986.2693963013, 3398501.6855730377], [402985.7693963013, 3398501.6855730377], [402985.7693963013, 3398501.1855730377], [402985.2693963013, 3398501.1855730377], [402985.2693963013, 3398500.6855730377], [402984.7693963013, 3398500.6855730377], [402984.7693963013, 3398500.1855730377], [402984.2693963013, 3398500.1855730377], [402984.2693963013, 3398499.6855730377], [402983.7693963013, 3398499.6855730377], [402983.7693963013, 3398499.1855730377], [402983.2693963013, 3398499.1855730377], [402983.2693963013, 3398498.6855730377], [402982.7693963013, 3398498.6855730377], [402982.7693963013, 3398498.1855730377], [402982.2693963013, 3398498.1855730377], [402982.2693963013, 3398497.1855730377], [402981.7693963013, 3398497.1855730377], [402981.7693963013, 3398496.6855730377], [402981.2693963013, 3398496.6855730377], [402981.2693963013, 3398496.1855730377], [402980.7693963013, 3398496.1855730377], [402980.7693963013, 3398495.6855730377], [402980.2693963013, 3398495.6855730377], [402980.2693963013, 3398495.1855730377], [402979.7693963013, 3398495.1855730377], [402979.7693963013, 3398494.1855730377], [402979.2693963013, 3398494.1855730377], [402979.2693963013, 3398493.6855730377], [402978.7693963013, 3398493.6855730377], [402978.7693963013, 3398493.1855730377], [402978.2693963013, 3398493.1855730377], [402978.2693963013, 3398492.1855730377], [402977.7693963013, 3398492.1855730377], [402977.7693963013, 3398491.6855730377], [402977.2693963013, 3398491.6855730377], [402977.2693963013, 3398491.1855730377], [402976.2693963013, 3398491.1855730377], [402976.2693963013, 3398490.6855730377], [402975.7693963013, 3398490.6855730377], [402975.7693963013, 3398490.1855730377], [402974.7693963013, 3398490.1855730377], [402974.7693963013, 3398489.6855730377], [402972.7693963013, 3398489.6855730377], [402972.7693963013, 3398490.1855730377], [402972.2693963013, 3398490.1855730377], [402972.2693963013, 3398491.1855730377], [402971.7693963013, 3398491.1855730377], [402971.7693963013, 3398492.1855730377], [402971.2693963013, 3398492.1855730377], [402971.2693963013, 3398495.6855730377], [402971.7693963013, 3398495.6855730377], [402971.7693963013, 3398497.6855730377], [402972.2693963013, 3398497.6855730377], [402972.2693963013, 3398499.6855730377], [402972.7693963013, 3398499.6855730377], [402972.7693963013, 3398503.6855730377], [402973.2693963013, 3398503.6855730377], [402973.2693963013, 3398505.6855730377], [402973.7693963013, 3398505.6855730377], [402973.7693963013, 3398506.1855730377], [402973.2693963013, 3398506.1855730377], [402973.2693963013, 3398508.6855730377], [402972.7693963013, 3398508.6855730377], [402972.7693963013, 3398510.1855730377], [402972.2693963013, 3398510.1855730377], [402972.2693963013, 3398511.6855730377], [402971.7693963013, 3398511.6855730377], [402971.7693963013, 3398513.6855730377], [402971.2693963013, 3398513.6855730377], [402971.2693963013, 3398515.1855730377], [402970.7693963013, 3398515.1855730377], [402970.7693963013, 3398523.6855730377], [402970.2693963013, 3398523.6855730377], [402970.2693963013, 3398525.6855730377], [402969.7693963013, 3398525.6855730377], [402969.7693963013, 3398526.6855730377], [402969.2693963013, 3398526.6855730377], [402969.2693963013, 3398527.1855730377], [402968.7693963013, 3398527.1855730377], [402968.7693963013, 3398527.6855730377], [402968.2693963013, 3398527.6855730377], [402968.2693963013, 3398528.1855730377], [402967.7693963013, 3398528.1855730377], [402967.7693963013, 3398528.6855730377], [402967.2693963013, 3398528.6855730377], [402967.2693963013, 3398529.1855730377], [402966.2693963013, 3398529.1855730377], [402966.2693963013, 3398529.6855730377], [402965.2693963013, 3398529.6855730377], [402965.2693963013, 3398530.1855730377], [402964.7693963013, 3398530.1855730377], [402964.7693963013, 3398530.6855730377], [402964.2693963013, 3398530.6855730377], [402964.2693963013, 3398531.1855730377], [402963.7693963013, 3398531.1855730377], [402963.7693963013, 3398531.6855730377], [402963.2693963013, 3398531.6855730377], [402963.2693963013, 3398532.1855730377], [402962.7693963013, 3398532.1855730377], [402962.7693963013, 3398533.1855730377], [402962.2693963013, 3398533.1855730377], [402962.2693963013, 3398533.6855730377], [402961.7693963013, 3398533.6855730377], [402961.7693963013, 3398534.1855730377], [402961.2693963013, 3398534.1855730377], [402961.2693963013, 3398534.6855730377], [402960.7693963013, 3398534.6855730377], [402960.7693963013, 3398535.1855730377], [402960.2693963013, 3398535.1855730377], [402960.2693963013, 3398535.6855730377], [402959.7693963013, 3398535.6855730377], [402959.7693963013, 3398536.1855730377], [402958.7693963013, 3398536.1855730377], [402958.7693963013, 3398536.6855730377], [402955.2693963013, 3398536.6855730377]]]}, "properties": {"id": "seg_019", "source": "seg", "area_m2": 4634.8, "layout": "垂直式", "coef_m2": 28, "capacity": 166, "cap_min": 138, "cap_max": 207, "cx": 402943.5, "cy": 3398493.9}}, {"type": "Feature", "geometry": {"type": "Polygon", "coordinates": [[[403624.2693963013, 3398385.1855730377], [403624.2693963013, 3398384.1855730377], [403623.7693963013, 3398384.1855730377], [403623.7693963013, 3398383.6855730377], [403623.2693963013, 3398383.6855730377], [403623.2693963013, 3398382.6855730377], [403622.7693963013, 3398382.6855730377], [403622.7693963013, 3398381.6855730377], [403622.2693963013, 3398381.6855730377], [403622.2693963013, 3398380.1855730377], [403621.7693963013, 3398380.1855730377], [403621.7693963013, 3398379.1855730377], [403621.2693963013, 3398379.1855730377], [403621.2693963013, 3398378.1855730377], [403620.7693963013, 3398378.1855730377], [403620.7693963013, 3398376.1855730377], [403620.2693963013, 3398376.1855730377], [403620.2693963013, 3398374.1855730377], [403619.7693963013, 3398374.1855730377], [403619.7693963013, 3398371.1855730377], [403619.2693963013, 3398371.1855730377], [403619.2693963013, 3398367.1855730377], [403619.7693963013, 3398367.1855730377], [403619.7693963013, 3398366.1855730377], [403620.2693963013, 3398366.1855730377], [403620.2693963013, 3398365.6855730377], [403620.7693963013, 3398365.6855730377], [403620.7693963013, 3398364.6855730377], [403621.2693963013, 3398364.6855730377], [403621.2693963013, 3398364.1855730377], [403621.7693963013, 3398364.1855730377], [403621.7693963013, 3398363.6855730377], [403622.7693963013, 3398363.6855730377], [403622.7693963013, 3398363.1855730377], [403623.2693963013, 3398363.1855730377], [403623.2693963013, 3398362.6855730377], [403623.7693963013, 3398362.6855730377], [403623.7693963013, 3398362.1855730377], [403624.2693963013, 3398362.1855730377], [403624.2693963013, 3398361.1855730377], [403624.7693963013, 3398361.1855730377], [403624.7693963013, 3398357.1855730377], [403624.2693963013, 3398357.1855730377], [403624.2693963013, 3398355.6855730377], [403623.7693963013, 3398355.6855730377], [403623.7693963013, 3398354.6855730377], [403623.2693963013, 3398354.6855730377], [403623.2693963013, 3398353.6855730377], [403622.7693963013, 3398353.6855730377], [403622.7693963013, 3398352.6855730377], [403622.2693963013, 3398352.6855730377], [403622.2693963013, 3398351.6855730377], [403621.7693963013, 3398351.6855730377], [403621.7693963013, 3398351.1855730377], [403621.2693963013, 3398351.1855730377], [403621.2693963013, 3398350.1855730377], [403620.7693963013, 3398350.1855730377], [403620.7693963013, 3398349.1855730377], [403620.2693963013, 3398349.1855730377], [403620.2693963013, 3398348.1855730377], [403619.7693963013, 3398348.1855730377], [403619.7693963013, 3398347.1855730377], [403619.2693963013, 3398347.1855730377], [403619.2693963013, 3398346.1855730377], [403618.7693963013, 3398346.1855730377], [403618.7693963013, 3398344.6855730377], [403618.2693963013, 3398344.6855730377], [403618.2693963013, 3398343.1855730377], [403617.7693963013, 3398343.1855730377], [403617.7693963013, 3398341.6855730377], [403617.2693963013, 3398341.6855730377], [403617.2693963013, 3398338.6855730377], [403616.7693963013, 3398338.6855730377], [403616.7693963013, 3398337.1855730377], [403617.2693963013, 3398337.1855730377], [403617.2693963013, 3398334.6855730377], [403617.7693963013, 3398334.6855730377], [403617.7693963013, 3398333.6855730377], [403618.2693963013, 3398333.6855730377], [403618.2693963013, 3398333.1855730377], [403618.7693963013, 3398333.1855730377], [403618.7693963013, 3398332.1855730377], [403619.7693963013, 3398332.1855730377], [403619.7693963013, 3398331.6855730377], [403620.2693963013, 3398331.6855730377], [403620.2693963013, 3398331.1855730377], [403620.7693963013, 3398331.1855730377], [403620.7693963013, 3398330.6855730377], [403621.2693963013, 3398330.6855730377], [403621.2693963013, 3398330.1855730377], [403621.7693963013, 3398330.1855730377], [403621.7693963013, 3398329.6855730377], [403622.2693963013, 3398329.6855730377], [403622.2693963013, 3398329.1855730377], [403622.7693963013, 3398329.1855730377], [403622.7693963013, 3398328.6855730377], [403623.2693963013, 3398328.6855730377], [403623.2693963013, 3398328.1855730377], [403624.2693963013, 3398328.1855730377], [403624.2693963013, 3398327.6855730377], [403624.7693963013, 3398327.6855730377], [403624.7693963013, 3398327.1855730377], [403626.2693963013, 3398327.1855730377], [403626.2693963013, 3398326.6855730377], [403627.7693963013, 3398326.6855730377], [403627.7693963013, 3398327.1855730377], [403629.2693963013, 3398327.1855730377], [403629.2693963013, 3398327.6855730377], [403629.7693963013, 3398327.6855730377], [403629.7693963013, 3398328.1855730377], [403630.2693963013, 3398328.1855730377], [403630.2693963013, 3398328.6855730377], [403631.2693963013, 3398328.6855730377], [403631.2693963013, 3398329.1855730377], [403631.7693963013, 3398329.1855730377], [403631.7693963013, 3398329.6855730377], [403632.7693963013, 3398329.6855730377], [403632.7693963013, 3398330.1855730377], [403634.2693963013, 3398330.1855730377], [403634.2693963013, 3398330.6855730377], [403635.7693963013, 3398330.6855730377], [403635.7693963013, 3398331.1855730377], [403636.2693963013, 3398331.1855730377], [403636.2693963013, 3398331.6855730377], [403636.7693963013, 3398331.6855730377], [403636.7693963013, 3398332.1855730377], [403637.2693963013, 3398332.1855730377], [403637.2693963013, 3398333.1855730377], [403637.7693963013, 3398333.1855730377], [403637.7693963013, 3398333.6855730377], [403638.2693963013, 3398333.6855730377], [403638.2693963013, 3398334.1855730377], [403639.2693963013, 3398334.1855730377], [403639.2693963013, 3398334.6855730377], [403639.7693963013, 3398334.6855730377], [403639.7693963013, 3398335.1855730377], [403640.2693963013, 3398335.1855730377], [403640.2693963013, 3398335.6855730377], [403640.7693963013, 3398335.6855730377], [403640.7693963013, 3398336.1855730377], [403641.7693963013, 3398336.1855730377], [403641.7693963013, 3398336.6855730377], [403643.2693963013, 3398336.6855730377], [403643.2693963013, 3398337.1855730377], [403645.7693963013, 3398337.1855730377], [403645.7693963013, 3398336.6855730377], [403646.7693963013, 3398336.6855730377], [403646.7693963013, 3398336.1855730377], [403647.2693963013, 3398336.1855730377], [403647.2693963013, 3398335.6855730377], [403647.7693963013, 3398335.6855730377], [403647.7693963013, 3398335.1855730377], [403648.2693963013, 3398335.1855730377], [403648.2693963013, 3398334.1855730377], [403648.7693963013, 3398334.1855730377], [403648.7693963013, 3398330.6855730377], [403649.2693963013, 3398330.6855730377], [403649.2693963013, 3398328.6855730377], [403649.7693963013, 3398328.6855730377], [403649.7693963013, 3398329.1855730377], [403652.2693963013, 3398329.1855730377], [403652.2693963013, 3398329.6855730377], [403659.2693963013, 3398329.6855730377], [403659.2693963013, 3398329.1855730377], [403661.2693963013, 3398329.1855730377], [403661.2693963013, 3398329.6855730377], [403663.7693963013, 3398329.6855730377], [403663.7693963013, 3398330.1855730377], [403664.7693963013, 3398330.1855730377], [403664.7693963013, 3398330.6855730377], [403665.2693963013, 3398330.6855730377], [403665.2693963013, 3398331.1855730377], [403666.2693963013, 3398331.1855730377], [403666.2693963013, 3398331.6855730377], [403666.7693963013, 3398331.6855730377], [403666.7693963013, 3398332.1855730377], [403667.2693963013, 3398332.1855730377], [403667.2693963013, 3398332.6855730377], [403667.7693963013, 3398332.6855730377], [403667.7693963013, 3398333.1855730377], [403668.2693963013, 3398333.1855730377], [403668.2693963013, 3398333.6855730377], [403668.7693963013, 3398333.6855730377], [403668.7693963013, 3398334.6855730377], [403669.2693963013, 3398334.6855730377], [403669.2693963013, 3398335.1855730377], [403670.2693963013, 3398335.1855730377], [403670.2693963013, 3398335.6855730377], [403670.7693963013, 3398335.6855730377], [403670.7693963013, 3398336.1855730377], [403671.2693963013, 3398336.1855730377], [403671.2693963013, 3398336.6855730377], [403671.7693963013, 3398336.6855730377], [403671.7693963013, 3398337.1855730377], [403672.7693963013, 3398337.1855730377], [403672.7693963013, 3398337.6855730377], [403674.7693963013, 3398337.6855730377], [403674.7693963013, 3398338.1855730377], [403675.7693963013, 3398338.1855730377], [403675.7693963013, 3398337.6855730377], [403677.7693963013, 3398337.6855730377], [403677.7693963013, 3398337.1855730377], [403678.2693963013, 3398337.1855730377], [403678.2693963013, 3398336.6855730377], [403679.2693963013, 3398336.6855730377], [403679.2693963013, 3398336.1855730377], [403679.7693963013, 3398336.1855730377], [403679.7693963013, 3398335.6855730377], [403680.2693963013, 3398335.6855730377], [403680.2693963013, 3398335.1855730377], [403680.7693963013, 3398335.1855730377], [403680.7693963013, 3398334.1855730377], [403681.2693963013, 3398334.1855730377], [403681.2693963013, 3398333.6855730377], [403681.7693963013, 3398333.6855730377], [403681.7693963013, 3398332.6855730377], [403682.2693963013, 3398332.6855730377], [403682.2693963013, 3398332.1855730377], [403682.7693963013, 3398332.1855730377], [403682.7693963013, 3398331.6855730377], [403683.2693963013, 3398331.6855730377], [403683.2693963013, 3398330.6855730377], [403683.7693963013, 3398330.6855730377], [403683.7693963013, 3398330.1855730377], [403684.2693963013, 3398330.1855730377], [403684.2693963013, 3398329.6855730377], [403684.7693963013, 3398329.6855730377], [403684.7693963013, 3398328.6855730377], [403685.2693963013, 3398328.6855730377], [403685.2693963013, 3398328.1855730377], [403685.7693963013, 3398328.1855730377], [403685.7693963013, 3398327.6855730377], [403686.2693963013, 3398327.6855730377], [403686.2693963013, 3398327.1855730377], [403686.7693963013, 3398327.1855730377], [403686.7693963013, 3398326.1855730377], [403687.2693963013, 3398326.1855730377], [403687.2693963013, 3398325.6855730377], [403688.2693963013, 3398325.6855730377], [403688.2693963013, 3398341.6855730377], [403687.7693963013, 3398341.6855730377], [403687.7693963013, 3398342.1855730377], [403687.2693963013, 3398342.1855730377], [403687.2693963013, 3398342.6855730377], [403686.7693963013, 3398342.6855730377], [403686.7693963013, 3398343.1855730377], [403686.2693963013, 3398343.1855730377], [403686.2693963013, 3398343.6855730377], [403685.7693963013, 3398343.6855730377], [403685.7693963013, 3398344.1855730377], [403685.2693963013, 3398344.1855730377], [403685.2693963013, 3398344.6855730377], [403684.7693963013, 3398344.6855730377], [403684.7693963013, 3398345.1855730377], [403684.2693963013, 3398345.1855730377], [403684.2693963013, 3398345.6855730377], [403683.7693963013, 3398345.6855730377], [403683.7693963013, 3398346.1855730377], [403683.2693963013, 3398346.1855730377], [403683.2693963013, 3398346.6855730377], [403682.7693963013, 3398346.6855730377], [403682.7693963013, 3398347.1855730377], [403682.2693963013, 3398347.1855730377], [403682.2693963013, 3398347.6855730377], [403681.7693963013, 3398347.6855730377], [403681.7693963013, 3398348.1855730377], [403681.2693963013, 3398348.1855730377], [403681.2693963013, 3398348.6855730377], [403680.7693963013, 3398348.6855730377], [403680.7693963013, 3398349.1855730377], [403680.2693963013, 3398349.1855730377], [403680.2693963013, 3398349.6855730377], [403679.7693963013, 3398349.6855730377], [403679.7693963013, 3398350.1855730377], [403679.2693963013, 3398350.1855730377], [403679.2693963013, 3398350.6855730377], [403678.7693963013, 3398350.6855730377], [403678.7693963013, 3398351.1855730377], [403678.2693963013, 3398351.1855730377], [403678.2693963013, 3398351.6855730377], [403677.7693963013, 3398351.6855730377], [403677.7693963013, 3398352.1855730377], [403677.2693963013, 3398352.1855730377], [403677.2693963013, 3398352.6855730377], [403676.7693963013, 3398352.6855730377], [403676.7693963013, 3398353.1855730377], [403676.2693963013, 3398353.1855730377], [403676.2693963013, 3398353.6855730377], [403675.7693963013, 3398353.6855730377], [403675.7693963013, 3398354.1855730377], [403675.2693963013, 3398354.1855730377], [403675.2693963013, 3398354.6855730377], [403674.7693963013, 3398354.6855730377], [403674.7693963013, 3398355.1855730377], [403674.2693963013, 3398355.1855730377], [403674.2693963013, 3398355.6855730377], [403673.7693963013, 3398355.6855730377], [403673.7693963013, 3398356.1855730377], [403673.2693963013, 3398356.1855730377], [403673.2693963013, 3398356.6855730377], [403672.7693963013, 3398356.6855730377], [403672.7693963013, 3398357.1855730377], [403672.2693963013, 3398357.1855730377], [403672.2693963013, 3398357.6855730377], [403671.7693963013, 3398357.6855730377], [403671.7693963013, 3398358.1855730377], [403671.2693963013, 3398358.1855730377], [403671.2693963013, 3398358.6855730377], [403670.7693963013, 3398358.6855730377], [403670.7693963013, 3398359.1855730377], [403670.2693963013, 3398359.1855730377], [403670.2693963013, 3398359.6855730377], [403669.7693963013, 3398359.6855730377], [403669.7693963013, 3398360.1855730377], [403669.2693963013, 3398360.1855730377], [403669.2693963013, 3398360.6855730377], [403668.7693963013, 3398360.6855730377], [403668.7693963013, 3398361.1855730377], [403668.2693963013, 3398361.1855730377], [403668.2693963013, 3398361.6855730377], [403667.7693963013, 3398361.6855730377], [403667.7693963013, 3398362.1855730377], [403667.2693963013, 3398362.1855730377], [403667.2693963013, 3398362.6855730377], [403666.7693963013, 3398362.6855730377], [403666.7693963013, 3398363.1855730377], [403666.2693963013, 3398363.1855730377], [403666.2693963013, 3398363.6855730377], [403665.7693963013, 3398363.6855730377], [403665.7693963013, 3398364.1855730377], [403665.2693963013, 3398364.1855730377], [403665.2693963013, 3398364.6855730377], [403664.7693963013, 3398364.6855730377], [403664.7693963013, 3398365.1855730377], [403664.2693963013, 3398365.1855730377], [403664.2693963013, 3398365.6855730377], [403663.7693963013, 3398365.6855730377], [403663.7693963013, 3398366.6855730377], [403663.2693963013, 3398366.6855730377], [403663.2693963013, 3398367.1855730377], [403662.7693963013, 3398367.1855730377], [403662.7693963013, 3398367.6855730377], [403662.2693963013, 3398367.6855730377], [403662.2693963013, 3398368.1855730377], [403661.7693963013, 3398368.1855730377], [403661.7693963013, 3398368.6855730377], [403661.2693963013, 3398368.6855730377], [403661.2693963013, 3398369.6855730377], [403660.7693963013, 3398369.6855730377], [403660.7693963013, 3398370.1855730377], [403660.2693963013, 3398370.1855730377], [403660.2693963013, 3398370.6855730377], [403659.7693963013, 3398370.6855730377], [403659.7693963013, 3398371.1855730377], [403659.2693963013, 3398371.1855730377], [403659.2693963013, 3398371.6855730377], [403658.7693963013, 3398371.6855730377], [403658.7693963013, 3398372.1855730377], [403658.2693963013, 3398372.1855730377], [403658.2693963013, 3398372.6855730377], [403657.7693963013, 3398372.6855730377], [403657.7693963013, 3398373.1855730377], [403656.7693963013, 3398373.1855730377], [403656.7693963013, 3398373.6855730377], [403655.7693963013, 3398373.6855730377], [403655.7693963013, 3398374.1855730377], [403655.2693963013, 3398374.1855730377], [403655.2693963013, 3398374.6855730377], [403653.2693963013, 3398374.6855730377], [403653.2693963013, 3398375.1855730377], [403652.7693963013, 3398375.1855730377], [403652.7693963013, 3398379.1855730377], [403652.2693963013, 3398379.1855730377], [403652.2693963013, 3398380.1855730377], [403651.7693963013, 3398380.1855730377], [403651.7693963013, 3398380.6855730377], [403651.2693963013, 3398380.6855730377], [403651.2693963013, 3398381.6855730377], [403650.7693963013, 3398381.6855730377], [403650.7693963013, 3398382.1855730377], [403650.2693963013, 3398382.1855730377], [403650.2693963013, 3398382.6855730377], [403649.7693963013, 3398382.6855730377], [403649.7693963013, 3398383.1855730377], [403649.2693963013, 3398383.1855730377], [403649.2693963013, 3398383.6855730377], [403648.7693963013, 3398383.6855730377], [403648.7693963013, 3398384.1855730377], [403648.2693963013, 3398384.1855730377], [403648.2693963013, 3398384.6855730377], [403647.7693963013, 3398384.6855730377], [403647.7693963013, 3398385.1855730377], [403624.2693963013, 3398385.1855730377]]]}, "properties": {"id": "seg_020", "source": "seg", "area_m2": 2666.2, "layout": "垂直式", "coef_m2": 28, "capacity": 95, "cap_min": 79, "cap_max": 119, "cx": 403649.0, "cy": 3398355.4}}, {"type": "Feature", "geometry": {"type": "Polygon", "coordinates": [[[404676.7693963013, 3398170.1855730377], [404676.7693963013, 3398169.6855730377], [404675.2693963013, 3398169.6855730377], [404675.2693963013, 3398169.1855730377], [404674.2693963013, 3398169.1855730377], [404674.2693963013, 3398168.6855730377], [404673.2693963013, 3398168.6855730377], [404673.2693963013, 3398168.1855730377], [404672.2693963013, 3398168.1855730377], [404672.2693963013, 3398167.6855730377], [404670.7693963013, 3398167.6855730377], [404670.7693963013, 3398167.1855730377], [404666.2693963013, 3398167.1855730377], [404666.2693963013, 3398167.6855730377], [404664.7693963013, 3398167.6855730377], [404664.7693963013, 3398168.1855730377], [404663.7693963013, 3398168.1855730377], [404663.7693963013, 3398168.6855730377], [404662.7693963013, 3398168.6855730377], [404662.7693963013, 3398169.1855730377], [404660.7693963013, 3398169.1855730377], [404660.7693963013, 3398169.6855730377], [404654.7693963013, 3398169.6855730377], [404654.7693963013, 3398169.1855730377], [404652.7693963013, 3398169.1855730377], [404652.7693963013, 3398168.6855730377], [404651.2693963013, 3398168.6855730377], [404651.2693963013, 3398168.1855730377], [404649.7693963013, 3398168.1855730377], [404649.7693963013, 3398167.6855730377], [404648.7693963013, 3398167.6855730377], [404648.7693963013, 3398167.1855730377], [404647.7693963013, 3398167.1855730377], [404647.7693963013, 3398166.6855730377], [404646.7693963013, 3398166.6855730377], [404646.7693963013, 3398166.1855730377], [404645.7693963013, 3398166.1855730377], [404645.7693963013, 3398165.6855730377], [404644.7693963013, 3398165.6855730377], [404644.7693963013, 3398165.1855730377], [404644.2693963013, 3398165.1855730377], [404644.2693963013, 3398164.6855730377], [404643.2693963013, 3398164.6855730377], [404643.2693963013, 3398164.1855730377], [404642.7693963013, 3398164.1855730377], [404642.7693963013, 3398163.6855730377], [404641.7693963013, 3398163.6855730377], [404641.7693963013, 3398163.1855730377], [404641.2693963013, 3398163.1855730377], [404641.2693963013, 3398162.6855730377], [404640.2693963013, 3398162.6855730377], [404640.2693963013, 3398162.1855730377], [404639.7693963013, 3398162.1855730377], [404639.7693963013, 3398161.6855730377], [404638.7693963013, 3398161.6855730377], [404638.7693963013, 3398161.1855730377], [404637.7693963013, 3398161.1855730377], [404637.7693963013, 3398160.6855730377], [404636.2693963013, 3398160.6855730377], [404636.2693963013, 3398160.1855730377], [404632.7693963013, 3398160.1855730377], [404632.7693963013, 3398160.6855730377], [404631.2693963013, 3398160.6855730377], [404631.2693963013, 3398161.1855730377], [404629.7693963013, 3398161.1855730377], [404629.7693963013, 3398161.6855730377], [404625.7693963013, 3398161.6855730377], [404625.7693963013, 3398161.1855730377], [404624.7693963013, 3398161.1855730377], [404624.7693963013, 3398160.6855730377], [404624.2693963013, 3398160.6855730377], [404624.2693963013, 3398160.1855730377], [404623.7693963013, 3398160.1855730377], [404623.7693963013, 3398159.6855730377], [404623.2693963013, 3398159.6855730377], [404623.2693963013, 3398158.6855730377], [404622.7693963013, 3398158.6855730377], [404622.7693963013, 3398157.1855730377], [404623.2693963013, 3398157.1855730377], [404623.2693963013, 3398156.1855730377], [404623.7693963013, 3398156.1855730377], [404623.7693963013, 3398153.6855730377], [404623.2693963013, 3398153.6855730377], [404623.2693963013, 3398153.1855730377], [404622.7693963013, 3398153.1855730377], [404622.7693963013, 3398152.6855730377], [404621.7693963013, 3398152.6855730377], [404621.7693963013, 3398152.1855730377], [404620.7693963013, 3398152.1855730377], [404620.7693963013, 3398151.6855730377], [404619.2693963013, 3398151.6855730377], [404619.2693963013, 3398151.1855730377], [404618.2693963013, 3398151.1855730377], [404618.2693963013, 3398150.6855730377], [404613.2693963013, 3398150.6855730377], [404613.2693963013, 3398151.1855730377], [404609.7693963013, 3398151.1855730377], [404609.7693963013, 3398150.6855730377], [404607.2693963013, 3398150.6855730377], [404607.2693963013, 3398150.1855730377], [404606.2693963013, 3398150.1855730377], [404606.2693963013, 3398149.6855730377], [404605.2693963013, 3398149.6855730377], [404605.2693963013, 3398149.1855730377], [404604.2693963013, 3398149.1855730377], [404604.2693963013, 3398148.6855730377], [404603.7693963013, 3398148.6855730377], [404603.7693963013, 3398148.1855730377], [404602.7693963013, 3398148.1855730377], [404602.7693963013, 3398147.6855730377], [404602.2693963013, 3398147.6855730377], [404602.2693963013, 3398147.1855730377], [404601.7693963013, 3398147.1855730377], [404601.7693963013, 3398146.6855730377], [404601.2693963013, 3398146.6855730377], [404601.2693963013, 3398146.1855730377], [404600.2693963013, 3398146.1855730377], [404600.2693963013, 3398145.6855730377], [404599.7693963013, 3398145.6855730377], [404599.7693963013, 3398145.1855730377], [404599.2693963013, 3398145.1855730377], [404599.2693963013, 3398144.6855730377], [404598.2693963013, 3398144.6855730377], [404598.2693963013, 3398144.1855730377], [404592.7693963013, 3398144.1855730377], [404592.7693963013, 3398144.6855730377], [404591.7693963013, 3398144.6855730377], [404591.7693963013, 3398145.1855730377], [404590.2693963013, 3398145.1855730377], [404590.2693963013, 3398145.6855730377], [404588.7693963013, 3398145.6855730377], [404588.7693963013, 3398146.1855730377], [404588.2693963013, 3398146.1855730377], [404588.2693963013, 3398146.6855730377], [404587.2693963013, 3398146.6855730377], [404587.2693963013, 3398147.1855730377], [404582.7693963013, 3398147.1855730377], [404582.7693963013, 3398146.6855730377], [404582.2693963013, 3398146.6855730377], [404582.2693963013, 3398146.1855730377], [404581.7693963013, 3398146.1855730377], [404581.7693963013, 3398145.1855730377], [404581.2693963013, 3398145.1855730377], [404581.2693963013, 3398144.1855730377], [404580.7693963013, 3398144.1855730377], [404580.7693963013, 3398143.1855730377], [404580.2693963013, 3398143.1855730377], [404580.2693963013, 3398142.6855730377], [404579.7693963013, 3398142.6855730377], [404579.7693963013, 3398127.1855730377], [404583.2693963013, 3398127.1855730377], [404583.2693963013, 3398127.6855730377], [404584.2693963013, 3398127.6855730377], [404584.2693963013, 3398128.1855730377], [404585.2693963013, 3398128.1855730377], [404585.2693963013, 3398128.6855730377], [404586.7693963013, 3398128.6855730377], [404586.7693963013, 3398129.1855730377], [404587.7693963013, 3398129.1855730377], [404587.7693963013, 3398129.6855730377], [404588.7693963013, 3398129.6855730377], [404588.7693963013, 3398130.1855730377], [404594.2693963013, 3398130.1855730377], [404594.2693963013, 3398129.6855730377], [404600.2693963013, 3398129.6855730377], [404600.2693963013, 3398130.1855730377], [404602.2693963013, 3398130.1855730377], [404602.2693963013, 3398129.6855730377], [404603.7693963013, 3398129.6855730377], [404603.7693963013, 3398129.1855730377], [404605.2693963013, 3398129.1855730377], [404605.2693963013, 3398128.6855730377], [404605.7693963013, 3398128.6855730377], [404605.7693963013, 3398128.1855730377], [404606.2693963013, 3398128.1855730377], [404606.2693963013, 3398127.6855730377], [404606.7693963013, 3398127.6855730377], [404606.7693963013, 3398127.1855730377], [404607.2693963013, 3398127.1855730377], [404607.2693963013, 3398126.6855730377], [404608.2693963013, 3398126.6855730377], [404608.2693963013, 3398126.1855730377], [404608.7693963013, 3398126.1855730377], [404608.7693963013, 3398125.6855730377], [404609.7693963013, 3398125.6855730377], [404609.7693963013, 3398125.1855730377], [404610.2693963013, 3398125.1855730377], [404610.2693963013, 3398124.6855730377], [404611.2693963013, 3398124.6855730377], [404611.2693963013, 3398124.1855730377], [404611.7693963013, 3398124.1855730377], [404611.7693963013, 3398123.6855730377], [404612.2693963013, 3398123.6855730377], [404612.2693963013, 3398123.1855730377], [404613.2693963013, 3398123.1855730377], [404613.2693963013, 3398122.6855730377], [404614.7693963013, 3398122.6855730377], [404614.7693963013, 3398122.1855730377], [404620.2693963013, 3398122.1855730377], [404620.2693963013, 3398122.6855730377], [404621.2693963013, 3398122.6855730377], [404621.2693963013, 3398123.1855730377], [404624.2693963013, 3398123.1855730377], [404624.2693963013, 3398123.6855730377], [404625.2693963013, 3398123.6855730377], [404625.2693963013, 3398124.1855730377], [404626.2693963013, 3398124.1855730377], [404626.2693963013, 3398124.6855730377], [404627.2693963013, 3398124.6855730377], [404627.2693963013, 3398125.1855730377], [404628.2693963013, 3398125.1855730377], [404628.2693963013, 3398125.6855730377], [404628.7693963013, 3398125.6855730377], [404628.7693963013, 3398126.1855730377], [404630.2693963013, 3398126.1855730377], [404630.2693963013, 3398126.6855730377], [404631.2693963013, 3398126.6855730377], [404631.2693963013, 3398127.1855730377], [404631.7693963013, 3398127.1855730377], [404631.7693963013, 3398127.6855730377], [404632.2693963013, 3398127.6855730377], [404632.2693963013, 3398128.1855730377], [404632.7693963013, 3398128.1855730377], [404632.7693963013, 3398128.6855730377], [404633.2693963013, 3398128.6855730377], [404633.2693963013, 3398129.1855730377], [404633.7693963013, 3398129.1855730377], [404633.7693963013, 3398129.6855730377], [404634.7693963013, 3398129.6855730377], [404634.7693963013, 3398130.1855730377], [404635.2693963013, 3398130.1855730377], [404635.2693963013, 3398130.6855730377], [404636.2693963013, 3398130.6855730377], [404636.2693963013, 3398131.1855730377], [404636.7693963013, 3398131.1855730377], [404636.7693963013, 3398131.6855730377], [404637.7693963013, 3398131.6855730377], [404637.7693963013, 3398132.1855730377], [404638.7693963013, 3398132.1855730377], [404638.7693963013, 3398132.6855730377], [404639.7693963013, 3398132.6855730377], [404639.7693963013, 3398133.1855730377], [404640.7693963013, 3398133.1855730377], [404640.7693963013, 3398133.6855730377], [404641.7693963013, 3398133.6855730377], [404641.7693963013, 3398134.1855730377], [404643.2693963013, 3398134.1855730377], [404643.2693963013, 3398134.6855730377], [404644.7693963013, 3398134.6855730377], [404644.7693963013, 3398135.1855730377], [404646.7693963013, 3398135.1855730377], [404646.7693963013, 3398135.6855730377], [404648.2693963013, 3398135.6855730377], [404648.2693963013, 3398136.1855730377], [404649.2693963013, 3398136.1855730377], [404649.2693963013, 3398136.6855730377], [404650.2693963013, 3398136.6855730377], [404650.2693963013, 3398137.1855730377], [404651.2693963013, 3398137.1855730377], [404651.2693963013, 3398137.6855730377], [404652.2693963013, 3398137.6855730377], [404652.2693963013, 3398138.1855730377], [404652.7693963013, 3398138.1855730377], [404652.7693963013, 3398138.6855730377], [404653.2693963013, 3398138.6855730377], [404653.2693963013, 3398139.1855730377], [404654.2693963013, 3398139.1855730377], [404654.2693963013, 3398139.6855730377], [404655.2693963013, 3398139.6855730377], [404655.2693963013, 3398140.1855730377], [404656.2693963013, 3398140.1855730377], [404656.2693963013, 3398140.6855730377], [404657.7693963013, 3398140.6855730377], [404657.7693963013, 3398141.1855730377], [404659.2693963013, 3398141.1855730377], [404659.2693963013, 3398141.6855730377], [404660.7693963013, 3398141.6855730377], [404660.7693963013, 3398142.1855730377], [404661.7693963013, 3398142.1855730377], [404661.7693963013, 3398142.6855730377], [404662.7693963013, 3398142.6855730377], [404662.7693963013, 3398143.1855730377], [404667.7693963013, 3398143.1855730377], [404667.7693963013, 3398142.6855730377], [404672.7693963013, 3398142.6855730377], [404672.7693963013, 3398143.1855730377], [404673.7693963013, 3398143.1855730377], [404673.7693963013, 3398143.6855730377], [404674.7693963013, 3398143.6855730377], [404674.7693963013, 3398144.1855730377], [404675.2693963013, 3398144.1855730377], [404675.2693963013, 3398144.6855730377], [404675.7693963013, 3398144.6855730377], [404675.7693963013, 3398145.1855730377], [404676.2693963013, 3398145.1855730377], [404676.2693963013, 3398145.6855730377], [404676.7693963013, 3398145.6855730377], [404676.7693963013, 3398146.1855730377], [404677.2693963013, 3398146.1855730377], [404677.2693963013, 3398146.6855730377], [404677.7693963013, 3398146.6855730377], [404677.7693963013, 3398147.1855730377], [404678.2693963013, 3398147.1855730377], [404678.2693963013, 3398148.1855730377], [404678.7693963013, 3398148.1855730377], [404678.7693963013, 3398148.6855730377], [404679.2693963013, 3398148.6855730377], [404679.2693963013, 3398149.1855730377], [404679.7693963013, 3398149.1855730377], [404679.7693963013, 3398149.6855730377], [404680.2693963013, 3398149.6855730377], [404680.2693963013, 3398150.1855730377], [404680.7693963013, 3398150.1855730377], [404680.7693963013, 3398150.6855730377], [404681.2693963013, 3398150.6855730377], [404681.2693963013, 3398151.1855730377], [404681.7693963013, 3398151.1855730377], [404681.7693963013, 3398151.6855730377], [404682.2693963013, 3398151.6855730377], [404682.2693963013, 3398152.1855730377], [404682.7693963013, 3398152.1855730377], [404682.7693963013, 3398154.1855730377], [404683.2693963013, 3398154.1855730377], [404683.2693963013, 3398154.6855730377], [404683.7693963013, 3398154.6855730377], [404683.7693963013, 3398155.1855730377], [404684.7693963013, 3398155.1855730377], [404684.7693963013, 3398155.6855730377], [404685.2693963013, 3398155.6855730377], [404685.2693963013, 3398156.1855730377], [404685.7693963013, 3398156.1855730377], [404685.7693963013, 3398156.6855730377], [404686.2693963013, 3398156.6855730377], [404686.2693963013, 3398157.1855730377], [404686.7693963013, 3398157.1855730377], [404686.7693963013, 3398166.6855730377], [404686.2693963013, 3398166.6855730377], [404686.2693963013, 3398167.1855730377], [404685.7693963013, 3398167.1855730377], [404685.7693963013, 3398167.6855730377], [404682.7693963013, 3398167.6855730377], [404682.7693963013, 3398169.6855730377], [404682.2693963013, 3398169.6855730377], [404682.2693963013, 3398170.1855730377], [404676.7693963013, 3398170.1855730377]]]}, "properties": {"id": "seg_021", "source": "seg", "area_m2": 2660.8, "layout": "垂直式", "coef_m2": 28, "capacity": 95, "cap_min": 79, "cap_max": 119, "cx": 404639.3, "cy": 3398146.4}}, {"type": "Feature", "geometry": {"type": "Polygon", "coordinates": [[[404132.2693963013, 3398180.6855730377], [404132.2693963013, 3398180.1855730377], [404131.2693963013, 3398180.1855730377], [404131.2693963013, 3398179.6855730377], [404130.7693963013, 3398179.6855730377], [404130.7693963013, 3398179.1855730377], [404129.7693963013, 3398179.1855730377], [404129.7693963013, 3398178.6855730377], [404129.2693963013, 3398178.6855730377], [404129.2693963013, 3398178.1855730377], [404128.7693963013, 3398178.1855730377], [404128.7693963013, 3398177.6855730377], [404128.2693963013, 3398177.6855730377], [404128.2693963013, 3398177.1855730377], [404127.7693963013, 3398177.1855730377], [404127.7693963013, 3398176.6855730377], [404127.2693963013, 3398176.6855730377], [404127.2693963013, 3398176.1855730377], [404126.7693963013, 3398176.1855730377], [404126.7693963013, 3398175.6855730377], [404126.2693963013, 3398175.6855730377], [404126.2693963013, 3398175.1855730377], [404125.2693963013, 3398175.1855730377], [404125.2693963013, 3398174.1855730377], [404124.7693963013, 3398174.1855730377], [404124.7693963013, 3398173.6855730377], [404123.7693963013, 3398173.6855730377], [404123.7693963013, 3398172.6855730377], [404123.2693963013, 3398172.6855730377], [404123.2693963013, 3398172.1855730377], [404122.7693963013, 3398172.1855730377], [404122.7693963013, 3398171.6855730377], [404122.2693963013, 3398171.6855730377], [404122.2693963013, 3398171.1855730377], [404121.7693963013, 3398171.1855730377], [404121.7693963013, 3398170.6855730377], [404121.2693963013, 3398170.6855730377], [404121.2693963013, 3398170.1855730377], [404120.7693963013, 3398170.1855730377], [404120.7693963013, 3398169.6855730377], [404120.2693963013, 3398169.6855730377], [404120.2693963013, 3398169.1855730377], [404119.7693963013, 3398169.1855730377], [404119.7693963013, 3398168.1855730377], [404119.2693963013, 3398168.1855730377], [404119.2693963013, 3398167.6855730377], [404118.7693963013, 3398167.6855730377], [404118.7693963013, 3398167.1855730377], [404118.2693963013, 3398167.1855730377], [404118.2693963013, 3398166.1855730377], [404117.7693963013, 3398166.1855730377], [404117.7693963013, 3398165.6855730377], [404117.2693963013, 3398165.6855730377], [404117.2693963013, 3398164.6855730377], [404116.7693963013, 3398164.6855730377], [404116.7693963013, 3398163.6855730377], [404116.2693963013, 3398163.6855730377], [404116.2693963013, 3398162.6855730377], [404115.7693963013, 3398162.6855730377], [404115.7693963013, 3398162.1855730377], [404115.2693963013, 3398162.1855730377], [404115.2693963013, 3398161.1855730377], [404114.7693963013, 3398161.1855730377], [404114.7693963013, 3398160.6855730377], [404114.2693963013, 3398160.6855730377], [404114.2693963013, 3398160.1855730377], [404113.2693963013, 3398160.1855730377], [404113.2693963013, 3398159.6855730377], [404112.7693963013, 3398159.6855730377], [404112.7693963013, 3398159.1855730377], [404112.2693963013, 3398159.1855730377], [404112.2693963013, 3398158.6855730377], [404111.7693963013, 3398158.6855730377], [404111.7693963013, 3398144.6855730377], [404112.2693963013, 3398144.6855730377], [404112.2693963013, 3398144.1855730377], [404113.2693963013, 3398144.1855730377], [404113.2693963013, 3398143.6855730377], [404114.2693963013, 3398143.6855730377], [404114.2693963013, 3398143.1855730377], [404114.7693963013, 3398143.1855730377], [404114.7693963013, 3398142.6855730377], [404115.2693963013, 3398142.6855730377], [404115.2693963013, 3398142.1855730377], [404115.7693963013, 3398142.1855730377], [404115.7693963013, 3398141.6855730377], [404116.2693963013, 3398141.6855730377], [404116.2693963013, 3398140.6855730377], [404116.7693963013, 3398140.6855730377], [404116.7693963013, 3398140.1855730377], [404117.2693963013, 3398140.1855730377], [404117.2693963013, 3398139.1855730377], [404117.7693963013, 3398139.1855730377], [404117.7693963013, 3398138.1855730377], [404118.2693963013, 3398138.1855730377], [404118.2693963013, 3398137.6855730377], [404118.7693963013, 3398137.6855730377], [404118.7693963013, 3398136.6855730377], [404119.2693963013, 3398136.6855730377], [404119.2693963013, 3398135.6855730377], [404119.7693963013, 3398135.6855730377], [404119.7693963013, 3398134.6855730377], [404120.2693963013, 3398134.6855730377], [404120.2693963013, 3398133.1855730377], [404120.7693963013, 3398133.1855730377], [404120.7693963013, 3398131.1855730377], [404121.2693963013, 3398131.1855730377], [404121.2693963013, 3398125.6855730377], [404120.7693963013, 3398125.6855730377], [404120.7693963013, 3398125.1855730377], [404120.2693963013, 3398125.1855730377], [404120.2693963013, 3398124.6855730377], [404119.7693963013, 3398124.6855730377], [404119.7693963013, 3398123.6855730377], [404119.2693963013, 3398123.6855730377], [404119.2693963013, 3398123.1855730377], [404119.7693963013, 3398123.1855730377], [404119.7693963013, 3398122.1855730377], [404120.2693963013, 3398122.1855730377], [404120.2693963013, 3398121.6855730377], [404120.7693963013, 3398121.6855730377], [404120.7693963013, 3398121.1855730377], [404121.2693963013, 3398121.1855730377], [404121.2693963013, 3398120.1855730377], [404121.7693963013, 3398120.1855730377], [404121.7693963013, 3398119.6855730377], [404122.7693963013, 3398119.6855730377], [404122.7693963013, 3398119.1855730377], [404123.2693963013, 3398119.1855730377], [404123.2693963013, 3398118.6855730377], [404125.2693963013, 3398118.6855730377], [404125.2693963013, 3398118.1855730377], [404126.7693963013, 3398118.1855730377], [404126.7693963013, 3398117.6855730377], [404127.2693963013, 3398117.6855730377], [404127.2693963013, 3398118.1855730377], [404128.2693963013, 3398118.1855730377], [404128.2693963013, 3398118.6855730377], [404129.2693963013, 3398118.6855730377], [404129.2693963013, 3398119.1855730377], [404131.7693963013, 3398119.1855730377], [404131.7693963013, 3398119.6855730377], [404132.2693963013, 3398119.6855730377], [404132.2693963013, 3398120.1855730377], [404133.2693963013, 3398120.1855730377], [404133.2693963013, 3398120.6855730377], [404135.2693963013, 3398120.6855730377], [404135.2693963013, 3398120.1855730377], [404137.7693963013, 3398120.1855730377], [404137.7693963013, 3398119.6855730377], [404138.2693963013, 3398119.6855730377], [404138.2693963013, 3398119.1855730377], [404138.7693963013, 3398119.1855730377], [404138.7693963013, 3398118.6855730377], [404139.7693963013, 3398118.6855730377], [404139.7693963013, 3398118.1855730377], [404140.2693963013, 3398118.1855730377], [404140.2693963013, 3398117.6855730377], [404140.7693963013, 3398117.6855730377], [404140.7693963013, 3398117.1855730377], [404141.7693963013, 3398117.1855730377], [404141.7693963013, 3398116.6855730377], [404142.2693963013, 3398116.6855730377], [404142.2693963013, 3398116.1855730377], [404142.7693963013, 3398116.1855730377], [404142.7693963013, 3398115.6855730377], [404143.2693963013, 3398115.6855730377], [404143.2693963013, 3398115.1855730377], [404143.7693963013, 3398115.1855730377], [404143.7693963013, 3398114.6855730377], [404144.2693963013, 3398114.6855730377], [404144.2693963013, 3398114.1855730377], [404144.7693963013, 3398114.1855730377], [404144.7693963013, 3398113.6855730377], [404145.2693963013, 3398113.6855730377], [404145.2693963013, 3398113.1855730377], [404145.7693963013, 3398113.1855730377], [404145.7693963013, 3398112.6855730377], [404146.2693963013, 3398112.6855730377], [404146.2693963013, 3398112.1855730377], [404147.2693963013, 3398112.1855730377], [404147.2693963013, 3398111.6855730377], [404147.7693963013, 3398111.6855730377], [404147.7693963013, 3398111.1855730377], [404148.2693963013, 3398111.1855730377], [404148.2693963013, 3398110.6855730377], [404148.7693963013, 3398110.6855730377], [404148.7693963013, 3398110.1855730377], [404149.2693963013, 3398110.1855730377], [404149.2693963013, 3398109.1855730377], [404149.7693963013, 3398109.1855730377], [404149.7693963013, 3398108.6855730377], [404150.2693963013, 3398108.6855730377], [404150.2693963013, 3398107.6855730377], [404150.7693963013, 3398107.6855730377], [404150.7693963013, 3398106.6855730377], [404151.2693963013, 3398106.6855730377], [404151.2693963013, 3398106.1855730377], [404151.7693963013, 3398106.1855730377], [404151.7693963013, 3398105.1855730377], [404152.2693963013, 3398105.1855730377], [404152.2693963013, 3398104.6855730377], [404152.7693963013, 3398104.6855730377], [404152.7693963013, 3398104.1855730377], [404153.2693963013, 3398104.1855730377], [404153.2693963013, 3398103.6855730377], [404153.7693963013, 3398103.6855730377], [404153.7693963013, 3398102.6855730377], [404154.2693963013, 3398102.6855730377], [404154.2693963013, 3398102.1855730377], [404154.7693963013, 3398102.1855730377], [404154.7693963013, 3398101.6855730377], [404155.2693963013, 3398101.6855730377], [404155.2693963013, 3398101.1855730377], [404156.2693963013, 3398101.1855730377], [404156.2693963013, 3398100.6855730377], [404157.2693963013, 3398100.6855730377], [404157.2693963013, 3398100.1855730377], [404158.2693963013, 3398100.1855730377], [404158.2693963013, 3398099.6855730377], [404160.2693963013, 3398099.6855730377], [404160.2693963013, 3398100.1855730377], [404160.7693963013, 3398100.1855730377], [404160.7693963013, 3398100.6855730377], [404161.7693963013, 3398100.6855730377], [404161.7693963013, 3398101.1855730377], [404162.7693963013, 3398101.1855730377], [404162.7693963013, 3398101.6855730377], [404163.7693963013, 3398101.6855730377], [404163.7693963013, 3398102.1855730377], [404165.2693963013, 3398102.1855730377], [404165.2693963013, 3398102.6855730377], [404166.7693963013, 3398102.6855730377], [404166.7693963013, 3398103.1855730377], [404168.7693963013, 3398103.1855730377], [404168.7693963013, 3398103.6855730377], [404171.2693963013, 3398103.6855730377], [404171.2693963013, 3398104.1855730377], [404172.7693963013, 3398104.1855730377], [404172.7693963013, 3398104.6855730377], [404175.2693963013, 3398104.6855730377], [404175.2693963013, 3398105.1855730377], [404176.2693963013, 3398105.1855730377], [404176.2693963013, 3398105.6855730377], [404178.2693963013, 3398105.6855730377], [404178.2693963013, 3398104.6855730377], [404178.7693963013, 3398104.6855730377], [404178.7693963013, 3398104.1855730377], [404180.2693963013, 3398104.1855730377], [404180.2693963013, 3398104.6855730377], [404181.2693963013, 3398104.6855730377], [404181.2693963013, 3398105.1855730377], [404182.7693963013, 3398105.1855730377], [404182.7693963013, 3398105.6855730377], [404183.2693963013, 3398105.6855730377], [404183.2693963013, 3398106.1855730377], [404183.7693963013, 3398106.1855730377], [404183.7693963013, 3398106.6855730377], [404184.7693963013, 3398106.6855730377], [404184.7693963013, 3398107.1855730377], [404185.2693963013, 3398107.1855730377], [404185.2693963013, 3398107.6855730377], [404185.7693963013, 3398107.6855730377], [404185.7693963013, 3398108.1855730377], [404186.2693963013, 3398108.1855730377], [404186.2693963013, 3398108.6855730377], [404186.7693963013, 3398108.6855730377], [404186.7693963013, 3398109.1855730377], [404187.2693963013, 3398109.1855730377], [404187.2693963013, 3398109.6855730377], [404187.7693963013, 3398109.6855730377], [404187.7693963013, 3398111.1855730377], [404188.2693963013, 3398111.1855730377], [404188.2693963013, 3398112.1855730377], [404187.7693963013, 3398112.1855730377], [404187.7693963013, 3398112.6855730377], [404187.2693963013, 3398112.6855730377], [404187.2693963013, 3398113.1855730377], [404186.7693963013, 3398113.1855730377], [404186.7693963013, 3398113.6855730377], [404186.2693963013, 3398113.6855730377], [404186.2693963013, 3398114.1855730377], [404185.2693963013, 3398114.1855730377], [404185.2693963013, 3398114.6855730377], [404184.2693963013, 3398114.6855730377], [404184.2693963013, 3398115.1855730377], [404183.7693963013, 3398115.1855730377], [404183.7693963013, 3398115.6855730377], [404183.2693963013, 3398115.6855730377], [404183.2693963013, 3398116.1855730377], [404182.7693963013, 3398116.1855730377], [404182.7693963013, 3398117.1855730377], [404182.2693963013, 3398117.1855730377], [404182.2693963013, 3398117.6855730377], [404181.7693963013, 3398117.6855730377], [404181.7693963013, 3398119.1855730377], [404181.2693963013, 3398119.1855730377], [404181.2693963013, 3398120.6855730377], [404180.7693963013, 3398120.6855730377], [404180.7693963013, 3398122.6855730377], [404180.2693963013, 3398122.6855730377], [404180.2693963013, 3398124.6855730377], [404179.7693963013, 3398124.6855730377], [404179.7693963013, 3398127.1855730377], [404180.2693963013, 3398127.1855730377], [404180.2693963013, 3398128.1855730377], [404180.7693963013, 3398128.1855730377], [404180.7693963013, 3398129.1855730377], [404183.7693963013, 3398129.1855730377], [404183.7693963013, 3398129.6855730377], [404184.2693963013, 3398129.6855730377], [404184.2693963013, 3398130.1855730377], [404184.7693963013, 3398130.1855730377], [404184.7693963013, 3398131.1855730377], [404185.2693963013, 3398131.1855730377], [404185.2693963013, 3398132.1855730377], [404184.7693963013, 3398132.1855730377], [404184.7693963013, 3398133.6855730377], [404184.2693963013, 3398133.6855730377], [404184.2693963013, 3398134.6855730377], [404183.7693963013, 3398134.6855730377], [404183.7693963013, 3398135.6855730377], [404183.2693963013, 3398135.6855730377], [404183.2693963013, 3398136.1855730377], [404182.7693963013, 3398136.1855730377], [404182.7693963013, 3398136.6855730377], [404182.2693963013, 3398136.6855730377], [404182.2693963013, 3398137.1855730377], [404181.7693963013, 3398137.1855730377], [404181.7693963013, 3398137.6855730377], [404181.2693963013, 3398137.6855730377], [404181.2693963013, 3398138.1855730377], [404180.2693963013, 3398138.1855730377], [404180.2693963013, 3398138.6855730377], [404179.7693963013, 3398138.6855730377], [404179.7693963013, 3398139.1855730377], [404179.2693963013, 3398139.1855730377], [404179.2693963013, 3398139.6855730377], [404178.7693963013, 3398139.6855730377], [404178.7693963013, 3398140.1855730377], [404177.7693963013, 3398140.1855730377], [404177.7693963013, 3398140.6855730377], [404177.2693963013, 3398140.6855730377], [404177.2693963013, 3398141.1855730377], [404176.7693963013, 3398141.1855730377], [404176.7693963013, 3398141.6855730377], [404176.2693963013, 3398141.6855730377], [404176.2693963013, 3398142.1855730377], [404175.7693963013, 3398142.1855730377], [404175.7693963013, 3398142.6855730377], [404174.7693963013, 3398142.6855730377], [404174.7693963013, 3398143.1855730377], [404174.2693963013, 3398143.1855730377], [404174.2693963013, 3398143.6855730377], [404173.7693963013, 3398143.6855730377], [404173.7693963013, 3398144.1855730377], [404173.2693963013, 3398144.1855730377], [404173.2693963013, 3398144.6855730377], [404172.7693963013, 3398144.6855730377], [404172.7693963013, 3398145.1855730377], [404172.2693963013, 3398145.1855730377], [404172.2693963013, 3398146.1855730377], [404171.7693963013, 3398146.1855730377], [404171.7693963013, 3398146.6855730377], [404171.2693963013, 3398146.6855730377], [404171.2693963013, 3398147.1855730377], [404170.7693963013, 3398147.1855730377], [404170.7693963013, 3398147.6855730377], [404170.2693963013, 3398147.6855730377], [404170.2693963013, 3398148.1855730377], [404169.7693963013, 3398148.1855730377], [404169.7693963013, 3398148.6855730377], [404169.2693963013, 3398148.6855730377], [404169.2693963013, 3398149.1855730377], [404168.7693963013, 3398149.1855730377], [404168.7693963013, 3398149.6855730377], [404167.7693963013, 3398149.6855730377], [404167.7693963013, 3398150.1855730377], [404167.2693963013, 3398150.1855730377], [404167.2693963013, 3398150.6855730377], [404166.7693963013, 3398150.6855730377], [404166.7693963013, 3398151.1855730377], [404165.7693963013, 3398151.1855730377], [404165.7693963013, 3398151.6855730377], [404165.2693963013, 3398151.6855730377], [404165.2693963013, 3398152.1855730377], [404164.2693963013, 3398152.1855730377], [404164.2693963013, 3398152.6855730377], [404163.7693963013, 3398152.6855730377], [404163.7693963013, 3398153.1855730377], [404163.2693963013, 3398153.1855730377], [404163.2693963013, 3398153.6855730377], [404162.7693963013, 3398153.6855730377], [404162.7693963013, 3398154.1855730377], [404161.7693963013, 3398154.1855730377], [404161.7693963013, 3398154.6855730377], [404161.2693963013, 3398154.6855730377], [404161.2693963013, 3398155.1855730377], [404160.7693963013, 3398155.1855730377], [404160.7693963013, 3398155.6855730377], [404160.2693963013, 3398155.6855730377], [404160.2693963013, 3398156.1855730377], [404159.2693963013, 3398156.1855730377], [404159.2693963013, 3398156.6855730377], [404158.7693963013, 3398156.6855730377], [404158.7693963013, 3398157.1855730377], [404157.7693963013, 3398157.1855730377], [404157.7693963013, 3398157.6855730377], [404156.7693963013, 3398157.6855730377], [404156.7693963013, 3398158.1855730377], [404155.7693963013, 3398158.1855730377], [404155.7693963013, 3398158.6855730377], [404155.2693963013, 3398158.6855730377], [404155.2693963013, 3398159.1855730377], [404154.2693963013, 3398159.1855730377], [404154.2693963013, 3398159.6855730377], [404153.2693963013, 3398159.6855730377], [404153.2693963013, 3398160.1855730377], [404151.7693963013, 3398160.1855730377], [404151.7693963013, 3398160.6855730377], [404150.7693963013, 3398160.6855730377], [404150.7693963013, 3398157.1855730377], [404150.2693963013, 3398157.1855730377], [404150.2693963013, 3398156.1855730377], [404149.7693963013, 3398156.1855730377], [404149.7693963013, 3398155.6855730377], [404148.7693963013, 3398155.6855730377], [404148.7693963013, 3398156.1855730377], [404148.2693963013, 3398156.1855730377], [404148.2693963013, 3398156.6855730377], [404147.7693963013, 3398156.6855730377], [404147.7693963013, 3398157.1855730377], [404147.2693963013, 3398157.1855730377], [404147.2693963013, 3398157.6855730377], [404146.7693963013, 3398157.6855730377], [404146.7693963013, 3398159.1855730377], [404146.2693963013, 3398159.1855730377], [404146.2693963013, 3398160.1855730377], [404146.7693963013, 3398160.1855730377], [404146.7693963013, 3398160.6855730377], [404147.2693963013, 3398160.6855730377], [404147.2693963013, 3398161.6855730377], [404147.7693963013, 3398161.6855730377], [404147.7693963013, 3398162.1855730377], [404148.2693963013, 3398162.1855730377], [404148.2693963013, 3398164.1855730377], [404147.7693963013, 3398164.1855730377], [404147.7693963013, 3398165.1855730377], [404147.2693963013, 3398165.1855730377], [404147.2693963013, 3398166.1855730377], [404146.7693963013, 3398166.1855730377], [404146.7693963013, 3398167.1855730377], [404146.2693963013, 3398167.1855730377], [404146.2693963013, 3398168.1855730377], [404145.7693963013, 3398168.1855730377], [404145.7693963013, 3398168.6855730377], [404145.2693963013, 3398168.6855730377], [404145.2693963013, 3398169.6855730377], [404144.7693963013, 3398169.6855730377], [404144.7693963013, 3398170.6855730377], [404144.2693963013, 3398170.6855730377], [404144.2693963013, 3398171.6855730377], [404143.7693963013, 3398171.6855730377], [404143.7693963013, 3398172.1855730377], [404143.2693963013, 3398172.1855730377], [404143.2693963013, 3398173.1855730377], [404142.7693963013, 3398173.1855730377], [404142.7693963013, 3398173.6855730377], [404142.2693963013, 3398173.6855730377], [404142.2693963013, 3398174.1855730377], [404141.7693963013, 3398174.1855730377], [404141.7693963013, 3398174.6855730377], [404141.2693963013, 3398174.6855730377], [404141.2693963013, 3398175.1855730377], [404140.7693963013, 3398175.1855730377], [404140.7693963013, 3398176.1855730377], [404140.2693963013, 3398176.1855730377], [404140.2693963013, 3398177.1855730377], [404139.7693963013, 3398177.1855730377], [404139.7693963013, 3398177.6855730377], [404139.2693963013, 3398177.6855730377], [404139.2693963013, 3398178.1855730377], [404138.7693963013, 3398178.1855730377], [404138.7693963013, 3398178.6855730377], [404138.2693963013, 3398178.6855730377], [404138.2693963013, 3398179.1855730377], [404137.7693963013, 3398179.1855730377], [404137.7693963013, 3398179.6855730377], [404137.2693963013, 3398179.6855730377], [404137.2693963013, 3398180.1855730377], [404136.2693963013, 3398180.1855730377], [404136.2693963013, 3398180.6855730377], [404132.2693963013, 3398180.6855730377]]]}, "properties": {"id": "seg_022", "source": "seg", "area_m2": 3419.0, "layout": "垂直式", "coef_m2": 28, "capacity": 122, "cap_min": 102, "cap_max": 153, "cx": 404147.3, "cy": 3398140.4}}, {"type": "Feature", "geometry": {"type": "Polygon", "coordinates": [[[403749.7693963013, 3397851.6855730377], [403749.7693963013, 3397843.1855730377], [403750.2693963013, 3397843.1855730377], [403750.2693963013, 3397842.1855730377], [403750.7693963013, 3397842.1855730377], [403750.7693963013, 3397841.6855730377], [403751.2693963013, 3397841.6855730377], [403751.2693963013, 3397841.1855730377], [403751.7693963013, 3397841.1855730377], [403751.7693963013, 3397840.6855730377], [403752.2693963013, 3397840.6855730377], [403752.2693963013, 3397840.1855730377], [403752.7693963013, 3397840.1855730377], [403752.7693963013, 3397839.1855730377], [403753.2693963013, 3397839.1855730377], [403753.2693963013, 3397838.6855730377], [403753.7693963013, 3397838.6855730377], [403753.7693963013, 3397837.6855730377], [403754.2693963013, 3397837.6855730377], [403754.2693963013, 3397837.1855730377], [403754.7693963013, 3397837.1855730377], [403754.7693963013, 3397836.6855730377], [403755.2693963013, 3397836.6855730377], [403755.2693963013, 3397836.1855730377], [403755.7693963013, 3397836.1855730377], [403755.7693963013, 3397835.6855730377], [403756.2693963013, 3397835.6855730377], [403756.2693963013, 3397835.1855730377], [403756.7693963013, 3397835.1855730377], [403756.7693963013, 3397834.6855730377], [403757.2693963013, 3397834.6855730377], [403757.2693963013, 3397834.1855730377], [403757.7693963013, 3397834.1855730377], [403757.7693963013, 3397833.6855730377], [403758.2693963013, 3397833.6855730377], [403758.2693963013, 3397833.1855730377], [403758.7693963013, 3397833.1855730377], [403758.7693963013, 3397832.6855730377], [403759.2693963013, 3397832.6855730377], [403759.2693963013, 3397832.1855730377], [403759.7693963013, 3397832.1855730377], [403759.7693963013, 3397831.6855730377], [403760.2693963013, 3397831.6855730377], [403760.2693963013, 3397830.6855730377], [403760.7693963013, 3397830.6855730377], [403760.7693963013, 3397830.1855730377], [403761.2693963013, 3397830.1855730377], [403761.2693963013, 3397829.6855730377], [403761.7693963013, 3397829.6855730377], [403761.7693963013, 3397829.1855730377], [403762.2693963013, 3397829.1855730377], [403762.2693963013, 3397828.6855730377], [403762.7693963013, 3397828.6855730377], [403762.7693963013, 3397828.1855730377], [403763.2693963013, 3397828.1855730377], [403763.2693963013, 3397827.6855730377], [403763.7693963013, 3397827.6855730377], [403763.7693963013, 3397827.1855730377], [403764.2693963013, 3397827.1855730377], [403764.2693963013, 3397826.6855730377], [403764.7693963013, 3397826.6855730377], [403764.7693963013, 3397825.6855730377], [403765.2693963013, 3397825.6855730377], [403765.2693963013, 3397825.1855730377], [403765.7693963013, 3397825.1855730377], [403765.7693963013, 3397824.6855730377], [403766.7693963013, 3397824.6855730377], [403766.7693963013, 3397824.1855730377], [403767.2693963013, 3397824.1855730377], [403767.2693963013, 3397823.6855730377], [403767.7693963013, 3397823.6855730377], [403767.7693963013, 3397823.1855730377], [403768.2693963013, 3397823.1855730377], [403768.2693963013, 3397822.1855730377], [403768.7693963013, 3397822.1855730377], [403768.7693963013, 3397821.6855730377], [403769.2693963013, 3397821.6855730377], [403769.2693963013, 3397821.1855730377], [403769.7693963013, 3397821.1855730377], [403769.7693963013, 3397820.6855730377], [403770.2693963013, 3397820.6855730377], [403770.2693963013, 3397820.1855730377], [403770.7693963013, 3397820.1855730377], [403770.7693963013, 3397819.1855730377], [403771.2693963013, 3397819.1855730377], [403771.2693963013, 3397818.6855730377], [403771.7693963013, 3397818.6855730377], [403771.7693963013, 3397817.6855730377], [403772.2693963013, 3397817.6855730377], [403772.2693963013, 3397816.1855730377], [403772.7693963013, 3397816.1855730377], [403772.7693963013, 3397814.1855730377], [403772.2693963013, 3397814.1855730377], [403772.2693963013, 3397812.6855730377], [403771.7693963013, 3397812.6855730377], [403771.7693963013, 3397812.1855730377], [403771.2693963013, 3397812.1855730377], [403771.2693963013, 3397811.6855730377], [403770.7693963013, 3397811.6855730377], [403770.7693963013, 3397810.6855730377], [403770.2693963013, 3397810.6855730377], [403770.2693963013, 3397810.1855730377], [403769.7693963013, 3397810.1855730377], [403769.7693963013, 3397809.6855730377], [403769.2693963013, 3397809.6855730377], [403769.2693963013, 3397809.1855730377], [403768.7693963013, 3397809.1855730377], [403768.7693963013, 3397808.1855730377], [403768.2693963013, 3397808.1855730377], [403768.2693963013, 3397807.6855730377], [403767.7693963013, 3397807.6855730377], [403767.7693963013, 3397807.1855730377], [403767.2693963013, 3397807.1855730377], [403767.2693963013, 3397806.6855730377], [403766.7693963013, 3397806.6855730377], [403766.7693963013, 3397806.1855730377], [403766.2693963013, 3397806.1855730377], [403766.2693963013, 3397805.6855730377], [403765.7693963013, 3397805.6855730377], [403765.7693963013, 3397805.1855730377], [403765.2693963013, 3397805.1855730377], [403765.2693963013, 3397804.6855730377], [403764.7693963013, 3397804.6855730377], [403764.7693963013, 3397804.1855730377], [403764.2693963013, 3397804.1855730377], [403764.2693963013, 3397803.6855730377], [403763.7693963013, 3397803.6855730377], [403763.7693963013, 3397803.1855730377], [403763.2693963013, 3397803.1855730377], [403763.2693963013, 3397802.6855730377], [403762.7693963013, 3397802.6855730377], [403762.7693963013, 3397802.1855730377], [403761.7693963013, 3397802.1855730377], [403761.7693963013, 3397801.6855730377], [403761.2693963013, 3397801.6855730377], [403761.2693963013, 3397801.1855730377], [403760.7693963013, 3397801.1855730377], [403760.7693963013, 3397800.6855730377], [403760.2693963013, 3397800.6855730377], [403760.2693963013, 3397800.1855730377], [403759.7693963013, 3397800.1855730377], [403759.7693963013, 3397799.6855730377], [403759.2693963013, 3397799.6855730377], [403759.2693963013, 3397799.1855730377], [403758.7693963013, 3397799.1855730377], [403758.7693963013, 3397798.6855730377], [403758.2693963013, 3397798.6855730377], [403758.2693963013, 3397798.1855730377], [403757.2693963013, 3397798.1855730377], [403757.2693963013, 3397797.6855730377], [403756.7693963013, 3397797.6855730377], [403756.7693963013, 3397797.1855730377], [403756.2693963013, 3397797.1855730377], [403756.2693963013, 3397796.6855730377], [403755.7693963013, 3397796.6855730377], [403755.7693963013, 3397796.1855730377], [403755.2693963013, 3397796.1855730377], [403755.2693963013, 3397795.6855730377], [403754.7693963013, 3397795.6855730377], [403754.7693963013, 3397795.1855730377], [403753.7693963013, 3397795.1855730377], [403753.7693963013, 3397794.6855730377], [403753.2693963013, 3397794.6855730377], [403753.2693963013, 3397794.1855730377], [403752.7693963013, 3397794.1855730377], [403752.7693963013, 3397793.6855730377], [403752.2693963013, 3397793.6855730377], [403752.2693963013, 3397793.1855730377], [403751.7693963013, 3397793.1855730377], [403751.7693963013, 3397792.6855730377], [403751.2693963013, 3397792.6855730377], [403751.2693963013, 3397791.6855730377], [403750.7693963013, 3397791.6855730377], [403750.7693963013, 3397789.1855730377], [403751.2693963013, 3397789.1855730377], [403751.2693963013, 3397788.1855730377], [403751.7693963013, 3397788.1855730377], [403751.7693963013, 3397786.6855730377], [403752.2693963013, 3397786.6855730377], [403752.2693963013, 3397784.6855730377], [403783.7693963013, 3397784.6855730377], [403783.7693963013, 3397785.6855730377], [403784.2693963013, 3397785.6855730377], [403784.2693963013, 3397786.6855730377], [403784.7693963013, 3397786.6855730377], [403784.7693963013, 3397787.1855730377], [403785.2693963013, 3397787.1855730377], [403785.2693963013, 3397788.1855730377], [403785.7693963013, 3397788.1855730377], [403785.7693963013, 3397788.6855730377], [403786.2693963013, 3397788.6855730377], [403786.2693963013, 3397789.6855730377], [403786.7693963013, 3397789.6855730377], [403786.7693963013, 3397790.1855730377], [403787.2693963013, 3397790.1855730377], [403787.2693963013, 3397790.6855730377], [403787.7693963013, 3397790.6855730377], [403787.7693963013, 3397791.1855730377], [403788.2693963013, 3397791.1855730377], [403788.2693963013, 3397791.6855730377], [403788.7693963013, 3397791.6855730377], [403788.7693963013, 3397792.1855730377], [403789.2693963013, 3397792.1855730377], [403789.2693963013, 3397792.6855730377], [403789.7693963013, 3397792.6855730377], [403789.7693963013, 3397793.1855730377], [403790.7693963013, 3397793.1855730377], [403790.7693963013, 3397793.6855730377], [403791.2693963013, 3397793.6855730377], [403791.2693963013, 3397794.6855730377], [403791.7693963013, 3397794.6855730377], [403791.7693963013, 3397795.1855730377], [403792.2693963013, 3397795.1855730377], [403792.2693963013, 3397795.6855730377], [403792.7693963013, 3397795.6855730377], [403792.7693963013, 3397796.6855730377], [403793.2693963013, 3397796.6855730377], [403793.2693963013, 3397797.1855730377], [403793.7693963013, 3397797.1855730377], [403793.7693963013, 3397798.1855730377], [403794.2693963013, 3397798.1855730377], [403794.2693963013, 3397798.6855730377], [403794.7693963013, 3397798.6855730377], [403794.7693963013, 3397799.1855730377], [403795.2693963013, 3397799.1855730377], [403795.2693963013, 3397800.1855730377], [403795.7693963013, 3397800.1855730377], [403795.7693963013, 3397800.6855730377], [403796.2693963013, 3397800.6855730377], [403796.2693963013, 3397801.6855730377], [403796.7693963013, 3397801.6855730377], [403796.7693963013, 3397803.6855730377], [403797.2693963013, 3397803.6855730377], [403797.2693963013, 3397805.6855730377], [403797.7693963013, 3397805.6855730377], [403797.7693963013, 3397810.6855730377], [403797.2693963013, 3397810.6855730377], [403797.2693963013, 3397812.1855730377], [403796.7693963013, 3397812.1855730377], [403796.7693963013, 3397813.1855730377], [403796.2693963013, 3397813.1855730377], [403796.2693963013, 3397814.1855730377], [403795.7693963013, 3397814.1855730377], [403795.7693963013, 3397815.6855730377], [403795.2693963013, 3397815.6855730377], [403795.2693963013, 3397816.6855730377], [403794.7693963013, 3397816.6855730377], [403794.7693963013, 3397817.6855730377], [403794.2693963013, 3397817.6855730377], [403794.2693963013, 3397819.1855730377], [403793.7693963013, 3397819.1855730377], [403793.7693963013, 3397820.6855730377], [403793.2693963013, 3397820.6855730377], [403793.2693963013, 3397822.6855730377], [403792.7693963013, 3397822.6855730377], [403792.7693963013, 3397825.1855730377], [403792.2693963013, 3397825.1855730377], [403792.2693963013, 3397827.6855730377], [403791.7693963013, 3397827.6855730377], [403791.7693963013, 3397829.1855730377], [403791.2693963013, 3397829.1855730377], [403791.2693963013, 3397830.1855730377], [403790.7693963013, 3397830.1855730377], [403790.7693963013, 3397831.6855730377], [403790.2693963013, 3397831.6855730377], [403790.2693963013, 3397832.6855730377], [403789.7693963013, 3397832.6855730377], [403789.7693963013, 3397833.1855730377], [403789.2693963013, 3397833.1855730377], [403789.2693963013, 3397834.6855730377], [403788.7693963013, 3397834.6855730377], [403788.7693963013, 3397835.6855730377], [403788.2693963013, 3397835.6855730377], [403788.2693963013, 3397837.1855730377], [403787.7693963013, 3397837.1855730377], [403787.7693963013, 3397840.1855730377], [403787.2693963013, 3397840.1855730377], [403787.2693963013, 3397842.1855730377], [403786.7693963013, 3397842.1855730377], [403786.7693963013, 3397843.1855730377], [403786.2693963013, 3397843.1855730377], [403786.2693963013, 3397843.6855730377], [403785.7693963013, 3397843.6855730377], [403785.7693963013, 3397844.1855730377], [403785.2693963013, 3397844.1855730377], [403785.2693963013, 3397844.6855730377], [403784.7693963013, 3397844.6855730377], [403784.7693963013, 3397845.1855730377], [403783.7693963013, 3397845.1855730377], [403783.7693963013, 3397845.6855730377], [403782.7693963013, 3397845.6855730377], [403782.7693963013, 3397846.1855730377], [403780.7693963013, 3397846.1855730377], [403780.7693963013, 3397846.6855730377], [403779.2693963013, 3397846.6855730377], [403779.2693963013, 3397847.1855730377], [403778.2693963013, 3397847.1855730377], [403778.2693963013, 3397847.6855730377], [403777.7693963013, 3397847.6855730377], [403777.7693963013, 3397848.1855730377], [403776.7693963013, 3397848.1855730377], [403776.7693963013, 3397848.6855730377], [403776.2693963013, 3397848.6855730377], [403776.2693963013, 3397849.1855730377], [403775.7693963013, 3397849.1855730377], [403775.7693963013, 3397849.6855730377], [403775.2693963013, 3397849.6855730377], [403775.2693963013, 3397850.1855730377], [403774.7693963013, 3397850.1855730377], [403774.7693963013, 3397850.6855730377], [403774.2693963013, 3397850.6855730377], [403774.2693963013, 3397851.6855730377], [403749.7693963013, 3397851.6855730377]]]}, "properties": {"id": "seg_023", "source": "seg", "area_m2": 2064.8, "layout": "垂直式", "coef_m2": 28, "capacity": 74, "cap_min": 61, "cap_max": 92, "cx": 403783.0, "cy": 3397818.2}}, {"type": "Feature", "geometry": {"type": "Polygon", "coordinates": [[[403767.4514926808, 3397777.05172437], [403702.23151975864, 3397842.1212979974], [403754.4070954027, 3397892.4282481936], [403800.952261608, 3397808.129691317], [403767.4514926808, 3397777.05172437]]]}, "properties": {"id": "osm_024", "source": "osm", "area_m2": 5473.3, "layout": "垂直式", "coef_m2": 28, "capacity": 195, "cap_min": 163, "cap_max": 244, "cx": 403755.4, "cy": 3397825.1}}, {"type": "Feature", "geometry": {"type": "Polygon", "coordinates": [[[403721.9901119082, 3398847.5492743393], [403620.95287907176, 3398957.353448826], [403520.561266315, 3398808.3916052454], [403696.4012798328, 3398681.844025349], [403741.8810021807, 3398727.0015272098], [403669.2729127373, 3398787.626736707], [403721.9901119082, 3398847.5492743393]]]}, "properties": {"id": "osm_025", "source": "osm", "area_m2": 28641.9, "layout": "垂直式", "coef_m2": 28, "capacity": 1023, "cap_min": 852, "cap_max": 1279, "cx": 403619.3, "cy": 3398828.0}}]}